{"sessionId":"366302","runId":"pre-fix","hypothesisId":"H4","location":"FileViewFinder.php:find","message":"view find called","data":{"name":"livewire.product-catalog"},"timestamp":1777111489851}
{"sessionId":"366302","runId":"pre-fix","hypothesisId":"H2","location":"ComponentTagCompiler.php:componentString","message":"component tag compiled","data":{"component":"single-product-card"},"timestamp":1777111489858}
{"sessionId":"366302","runId":"pre-fix","hypothesisId":"H3","location":"ComponentTagCompiler.php:guessAnonymousComponentUsingNamespaces","message":"checking anonymous component namespaces","data":{"component":"single-product-card","registeredNamespaces":[]},"timestamp":1777111489859}
{"sessionId":"366302","runId":"pre-fix","hypothesisId":"H4","location":"FileViewFinder.php:find","message":"view find called","data":{"name":"components.single-product-card"},"timestamp":1777111489859}
{"sessionId":"366302","runId":"pre-fix","hypothesisId":"H4","location":"FileViewFinder.php:find","message":"view find called","data":{"name":"components.single-product-card"},"timestamp":1777111490198}
{"sessionId":"366302","runId":"pre-fix","hypothesisId":"H4","location":"FileViewFinder.php:find","message":"view find called","data":{"name":"components.single-product-card"},"timestamp":1777111490199}
{"sessionId":"366302","runId":"pre-fix","hypothesisId":"H4","location":"FileViewFinder.php:find","message":"view find called","data":{"name":"components.single-product-card"},"timestamp":1777111490274}
{"sessionId":"366302","runId":"pre-fix","hypothesisId":"H4","location":"FileViewFinder.php:find","message":"view find called","data":{"name":"components.single-product-card"},"timestamp":1777111490275}
{"sessionId":"366302","runId":"pre-fix","hypothesisId":"H4","location":"FileViewFinder.php:find","message":"view find called","data":{"name":"components.single-product-card"},"timestamp":1777111490276}
{"sessionId":"366302","runId":"pre-fix","hypothesisId":"H4","location":"FileViewFinder.php:find","message":"view find called","data":{"name":"components.single-product-card"},"timestamp":1777111490277}
{"sessionId":"366302","runId":"pre-fix","hypothesisId":"H4","location":"FileViewFinder.php:find","message":"view find called","data":{"name":"components.single-product-card"},"timestamp":1777111490278}
{"sessionId":"366302","runId":"pre-fix","hypothesisId":"H4","location":"FileViewFinder.php:find","message":"view find called","data":{"name":"components.single-product-card"},"timestamp":1777111490279}
{"sessionId":"366302","runId":"pre-fix","hypothesisId":"H4","location":"FileViewFinder.php:find","message":"view find called","data":{"name":"components.single-product-card"},"timestamp":1777111490280}
{"sessionId":"366302","runId":"pre-fix","hypothesisId":"H4","location":"FileViewFinder.php:find","message":"view find called","data":{"name":"components.single-product-card"},"timestamp":1777111490281}
{"sessionId":"366302","runId":"pre-fix","hypothesisId":"H4","location":"FileViewFinder.php:find","message":"view find called","data":{"name":"livewire::tailwind"},"timestamp":1777111490282}
{"sessionId":"366302","runId":"pre-fix","hypothesisId":"H4","location":"FileViewFinder.php:find","message":"view find called","data":{"name":"    <?php $layout->viewContext->mergeIntoNewEnvironment($__env); ?>\n\n    @component($layout->view, $layout->params)\n        @slot($layout->slotOrSection)\n            {!! $content !!}\n        @endslot\n\n        <?php\n        // Manually forward slots defined in the Livewire template into the layout component...\n        foreach ($layout->viewContext->slots[-1] ?? [] as $name => $slot) {\n            $__env->slot($name, attributes: $slot->attributes->getAttributes());\n            echo $slot->toHtml();\n            $__env->endSlot();\n        }\n        ?>\n    @endcomponent"},"timestamp":1777111490654}
{"sessionId":"366302","runId":"pre-fix","hypothesisId":"H4","location":"FileViewFinder.php:find","message":"view find called","data":{"name":"__components::4943bc92ebba41e8b0e508149542e0ad"},"timestamp":1777111490658}
{"sessionId":"366302","runId":"pre-fix","hypothesisId":"H4","location":"FileViewFinder.php:find","message":"view find called","data":{"name":"layouts::app"},"timestamp":1777111490709}
{"sessionId":"366302","runId":"pre-fix","hypothesisId":"H2","location":"ComponentTagCompiler.php:componentString","message":"component tag compiled","data":{"component":"navigation"},"timestamp":1777111490711}
{"sessionId":"366302","runId":"pre-fix","hypothesisId":"H3","location":"ComponentTagCompiler.php:guessAnonymousComponentUsingNamespaces","message":"checking anonymous component namespaces","data":{"component":"navigation","registeredNamespaces":[]},"timestamp":1777111490712}
{"sessionId":"366302","runId":"pre-fix","hypothesisId":"H4","location":"FileViewFinder.php:find","message":"view find called","data":{"name":"components.navigation"},"timestamp":1777111490713}
{"sessionId":"366302","runId":"pre-fix","hypothesisId":"H2","location":"ComponentTagCompiler.php:componentString","message":"component tag compiled","data":{"component":"footer"},"timestamp":1777111490713}
{"sessionId":"366302","runId":"pre-fix","hypothesisId":"H3","location":"ComponentTagCompiler.php:guessAnonymousComponentUsingNamespaces","message":"checking anonymous component namespaces","data":{"component":"footer","registeredNamespaces":[]},"timestamp":1777111490714}
{"sessionId":"366302","runId":"pre-fix","hypothesisId":"H4","location":"FileViewFinder.php:find","message":"view find called","data":{"name":"components.footer"},"timestamp":1777111490714}
{"sessionId":"366302","runId":"pre-fix","hypothesisId":"H4","location":"FileViewFinder.php:find","message":"view find called","data":{"name":"components.navigation"},"timestamp":1777111490955}
{"sessionId":"366302","runId":"pre-fix","hypothesisId":"H4","location":"FileViewFinder.php:find","message":"view find called","data":{"name":"components.navigation"},"timestamp":1777111490955}
{"sessionId":"366302","runId":"pre-fix","hypothesisId":"H4","location":"FileViewFinder.php:find","message":"view find called","data":{"name":"components.footer"},"timestamp":1777111490962}
{"sessionId":"366302","runId":"pre-fix","hypothesisId":"H4","location":"FileViewFinder.php:find","message":"view find called","data":{"name":"components.footer"},"timestamp":1777111490963}
{"sessionId":"366302","runId":"pre-fix","hypothesisId":"H4","location":"FileViewFinder.php:find","message":"view find called","data":{"name":"product.show"},"timestamp":1777111675601}
{"sessionId":"366302","runId":"pre-fix","hypothesisId":"H2","location":"ComponentTagCompiler.php:componentString","message":"component tag compiled","data":{"component":"layo"},"timestamp":1777111675605}
{"sessionId":"366302","runId":"pre-fix","hypothesisId":"H3","location":"ComponentTagCompiler.php:guessAnonymousComponentUsingNamespaces","message":"checking anonymous component namespaces","data":{"component":"layo","registeredNamespaces":[]},"timestamp":1777111675607}
{"sessionId":"366302","runId":"pre-fix","hypothesisId":"H4","location":"FileViewFinder.php:find","message":"view find called","data":{"name":"components.layo"},"timestamp":1777111675607}
{"sessionId":"366302","runId":"pre-fix","hypothesisId":"H4","location":"FileViewFinder.php:find","message":"view find called","data":{"name":"components.layo.index"},"timestamp":1777111675608}
{"sessionId":"366302","runId":"pre-fix","hypothesisId":"H4","location":"FileViewFinder.php:find","message":"view find called","data":{"name":"components.layo.layo"},"timestamp":1777111675609}
{"sessionId":"366302","runId":"pre-fix","hypothesisId":"H4","location":"FileViewFinder.php:find","message":"view find called","data":{"name":"35855995f1b56a50801a7c5f5830d7f9::layo"},"timestamp":1777111675610}
{"sessionId":"366302","runId":"pre-fix","hypothesisId":"H4","location":"FileViewFinder.php:find","message":"view find called","data":{"name":"35855995f1b56a50801a7c5f5830d7f9::layo.index"},"timestamp":1777111675611}
{"sessionId":"366302","runId":"pre-fix","hypothesisId":"H4","location":"FileViewFinder.php:find","message":"view find called","data":{"name":"35855995f1b56a50801a7c5f5830d7f9::layo.layo"},"timestamp":1777111675611}
{"sessionId":"366302","runId":"pre-fix","hypothesisId":"H4","location":"FileViewFinder.php:find","message":"view find called","data":{"name":"cd36171f3d880811b606666971989a86::layo"},"timestamp":1777111675612}
{"sessionId":"366302","runId":"pre-fix","hypothesisId":"H4","location":"FileViewFinder.php:find","message":"view find called","data":{"name":"cd36171f3d880811b606666971989a86::layo.index"},"timestamp":1777111675613}
{"sessionId":"366302","runId":"pre-fix","hypothesisId":"H4","location":"FileViewFinder.php:find","message":"view find called","data":{"name":"cd36171f3d880811b606666971989a86::layo.layo"},"timestamp":1777111675613}
{"sessionId":"366302","runId":"pre-fix","hypothesisId":"H4","location":"FileViewFinder.php:find","message":"view find called","data":{"name":"f4ac99e09542ff494432bc959d4fee61::layo"},"timestamp":1777111675614}
{"sessionId":"366302","runId":"pre-fix","hypothesisId":"H4","location":"FileViewFinder.php:find","message":"view find called","data":{"name":"f4ac99e09542ff494432bc959d4fee61::layo.index"},"timestamp":1777111675614}
{"sessionId":"366302","runId":"pre-fix","hypothesisId":"H4","location":"FileViewFinder.php:find","message":"view find called","data":{"name":"f4ac99e09542ff494432bc959d4fee61::layo.layo"},"timestamp":1777111675615}
{"sessionId":"366302","runId":"pre-fix","hypothesisId":"H4","location":"FileViewFinder.php:find","message":"view find called","data":{"name":"af6a29d55d306249cfe5b80ece79872b::layo"},"timestamp":1777111675615}
{"sessionId":"366302","runId":"pre-fix","hypothesisId":"H4","location":"FileViewFinder.php:find","message":"view find called","data":{"name":"af6a29d55d306249cfe5b80ece79872b::layo.index"},"timestamp":1777111675616}
{"sessionId":"366302","runId":"pre-fix","hypothesisId":"H4","location":"FileViewFinder.php:find","message":"view find called","data":{"name":"af6a29d55d306249cfe5b80ece79872b::layo.layo"},"timestamp":1777111675617}
{"sessionId":"366302","runId":"pre-fix","hypothesisId":"H4","location":"FileViewFinder.php:find","message":"view find called","data":{"name":"laravel-exceptions-renderer::markdown"},"timestamp":1777111676038}
{"sessionId":"366302","runId":"pre-fix","hypothesisId":"H4","location":"FileViewFinder.php:find","message":"view find called","data":{"name":"laravel-exceptions-renderer::show"},"timestamp":1777111677324}
{"sessionId":"366302","runId":"pre-fix","hypothesisId":"H2","location":"ComponentTagCompiler.php:componentString","message":"component tag compiled","data":{"component":"laravel-exceptions-renderer::topbar"},"timestamp":1777111677327}
{"sessionId":"366302","runId":"pre-fix","hypothesisId":"H3","location":"ComponentTagCompiler.php:guessAnonymousComponentUsingNamespaces","message":"checking anonymous component namespaces","data":{"component":"laravel-exceptions-renderer::topbar","registeredNamespaces":[]},"timestamp":1777111677328}
{"sessionId":"366302","runId":"pre-fix","hypothesisId":"H4","location":"FileViewFinder.php:find","message":"view find called","data":{"name":"laravel-exceptions-renderer::components.topbar"},"timestamp":1777111677328}
{"sessionId":"366302","runId":"pre-fix","hypothesisId":"H2","location":"ComponentTagCompiler.php:componentString","message":"component tag compiled","data":{"component":"laravel-exceptions-renderer::separator"},"timestamp":1777111677329}
{"sessionId":"366302","runId":"pre-fix","hypothesisId":"H3","location":"ComponentTagCompiler.php:guessAnonymousComponentUsingNamespaces","message":"checking anonymous component namespaces","data":{"component":"laravel-exceptions-renderer::separator","registeredNamespaces":[]},"timestamp":1777111677329}
{"sessionId":"366302","runId":"pre-fix","hypothesisId":"H4","location":"FileViewFinder.php:find","message":"view find called","data":{"name":"laravel-exceptions-renderer::components.separator"},"timestamp":1777111677330}
{"sessionId":"366302","runId":"pre-fix","hypothesisId":"H2","location":"ComponentTagCompiler.php:componentString","message":"component tag compiled","data":{"component":"laravel-exceptions-renderer::header"},"timestamp":1777111677331}
{"sessionId":"366302","runId":"pre-fix","hypothesisId":"H3","location":"ComponentTagCompiler.php:guessAnonymousComponentUsingNamespaces","message":"checking anonymous component namespaces","data":{"component":"laravel-exceptions-renderer::header","registeredNamespaces":[]},"timestamp":1777111677331}
{"sessionId":"366302","runId":"pre-fix","hypothesisId":"H4","location":"FileViewFinder.php:find","message":"view find called","data":{"name":"laravel-exceptions-renderer::components.header"},"timestamp":1777111677332}
{"sessionId":"366302","runId":"pre-fix","hypothesisId":"H2","location":"ComponentTagCompiler.php:componentString","message":"component tag compiled","data":{"component":"laravel-exceptions-renderer::separator"},"timestamp":1777111677332}
{"sessionId":"366302","runId":"pre-fix","hypothesisId":"H3","location":"ComponentTagCompiler.php:guessAnonymousComponentUsingNamespaces","message":"checking anonymous component namespaces","data":{"component":"laravel-exceptions-renderer::separator","registeredNamespaces":[]},"timestamp":1777111677333}
{"sessionId":"366302","runId":"pre-fix","hypothesisId":"H4","location":"FileViewFinder.php:find","message":"view find called","data":{"name":"laravel-exceptions-renderer::components.separator"},"timestamp":1777111677333}
{"sessionId":"366302","runId":"pre-fix","hypothesisId":"H2","location":"ComponentTagCompiler.php:componentString","message":"component tag compiled","data":{"component":"laravel-exceptions-renderer::trace"},"timestamp":1777111677334}
{"sessionId":"366302","runId":"pre-fix","hypothesisId":"H3","location":"ComponentTagCompiler.php:guessAnonymousComponentUsingNamespaces","message":"checking anonymous component namespaces","data":{"component":"laravel-exceptions-renderer::trace","registeredNamespaces":[]},"timestamp":1777111677334}
{"sessionId":"366302","runId":"pre-fix","hypothesisId":"H4","location":"FileViewFinder.php:find","message":"view find called","data":{"name":"laravel-exceptions-renderer::components.trace"},"timestamp":1777111677335}
{"sessionId":"366302","runId":"pre-fix","hypothesisId":"H2","location":"ComponentTagCompiler.php:componentString","message":"component tag compiled","data":{"component":"laravel-exceptions-renderer::query"},"timestamp":1777111677337}
{"sessionId":"366302","runId":"pre-fix","hypothesisId":"H3","location":"ComponentTagCompiler.php:guessAnonymousComponentUsingNamespaces","message":"checking anonymous component namespaces","data":{"component":"laravel-exceptions-renderer::query","registeredNamespaces":[]},"timestamp":1777111677338}
{"sessionId":"366302","runId":"pre-fix","hypothesisId":"H4","location":"FileViewFinder.php:find","message":"view find called","data":{"name":"laravel-exceptions-renderer::components.query"},"timestamp":1777111677339}
{"sessionId":"366302","runId":"pre-fix","hypothesisId":"H2","location":"ComponentTagCompiler.php:componentString","message":"component tag compiled","data":{"component":"laravel-exceptions-renderer::separator"},"timestamp":1777111677339}
{"sessionId":"366302","runId":"pre-fix","hypothesisId":"H3","location":"ComponentTagCompiler.php:guessAnonymousComponentUsingNamespaces","message":"checking anonymous component namespaces","data":{"component":"laravel-exceptions-renderer::separator","registeredNamespaces":[]},"timestamp":1777111677340}
{"sessionId":"366302","runId":"pre-fix","hypothesisId":"H4","location":"FileViewFinder.php:find","message":"view find called","data":{"name":"laravel-exceptions-renderer::components.separator"},"timestamp":1777111677340}
{"sessionId":"366302","runId":"pre-fix","hypothesisId":"H2","location":"ComponentTagCompiler.php:componentString","message":"component tag compiled","data":{"component":"laravel-exceptions-renderer::request-header"},"timestamp":1777111677341}
{"sessionId":"366302","runId":"pre-fix","hypothesisId":"H3","location":"ComponentTagCompiler.php:guessAnonymousComponentUsingNamespaces","message":"checking anonymous component namespaces","data":{"component":"laravel-exceptions-renderer::request-header","registeredNamespaces":[]},"timestamp":1777111677342}
{"sessionId":"366302","runId":"pre-fix","hypothesisId":"H4","location":"FileViewFinder.php:find","message":"view find called","data":{"name":"laravel-exceptions-renderer::components.request-header"},"timestamp":1777111677342}
{"sessionId":"366302","runId":"pre-fix","hypothesisId":"H2","location":"ComponentTagCompiler.php:componentString","message":"component tag compiled","data":{"component":"laravel-exceptions-renderer::request-body"},"timestamp":1777111677343}
{"sessionId":"366302","runId":"pre-fix","hypothesisId":"H3","location":"ComponentTagCompiler.php:guessAnonymousComponentUsingNamespaces","message":"checking anonymous component namespaces","data":{"component":"laravel-exceptions-renderer::request-body","registeredNamespaces":[]},"timestamp":1777111677344}
{"sessionId":"366302","runId":"pre-fix","hypothesisId":"H4","location":"FileViewFinder.php:find","message":"view find called","data":{"name":"laravel-exceptions-renderer::components.request-body"},"timestamp":1777111677344}
{"sessionId":"366302","runId":"pre-fix","hypothesisId":"H2","location":"ComponentTagCompiler.php:componentString","message":"component tag compiled","data":{"component":"laravel-exceptions-renderer::routing"},"timestamp":1777111677345}
{"sessionId":"366302","runId":"pre-fix","hypothesisId":"H3","location":"ComponentTagCompiler.php:guessAnonymousComponentUsingNamespaces","message":"checking anonymous component namespaces","data":{"component":"laravel-exceptions-renderer::routing","registeredNamespaces":[]},"timestamp":1777111677345}
{"sessionId":"366302","runId":"pre-fix","hypothesisId":"H4","location":"FileViewFinder.php:find","message":"view find called","data":{"name":"laravel-exceptions-renderer::components.routing"},"timestamp":1777111677346}
{"sessionId":"366302","runId":"pre-fix","hypothesisId":"H2","location":"ComponentTagCompiler.php:componentString","message":"component tag compiled","data":{"component":"laravel-exceptions-renderer::routing-parameter"},"timestamp":1777111677347}
{"sessionId":"366302","runId":"pre-fix","hypothesisId":"H3","location":"ComponentTagCompiler.php:guessAnonymousComponentUsingNamespaces","message":"checking anonymous component namespaces","data":{"component":"laravel-exceptions-renderer::routing-parameter","registeredNamespaces":[]},"timestamp":1777111677347}
{"sessionId":"366302","runId":"pre-fix","hypothesisId":"H4","location":"FileViewFinder.php:find","message":"view find called","data":{"name":"laravel-exceptions-renderer::components.routing-parameter"},"timestamp":1777111677348}
{"sessionId":"366302","runId":"pre-fix","hypothesisId":"H2","location":"ComponentTagCompiler.php:componentString","message":"component tag compiled","data":{"component":"laravel-exceptions-renderer::separator"},"timestamp":1777111677349}
{"sessionId":"366302","runId":"pre-fix","hypothesisId":"H3","location":"ComponentTagCompiler.php:guessAnonymousComponentUsingNamespaces","message":"checking anonymous component namespaces","data":{"component":"laravel-exceptions-renderer::separator","registeredNamespaces":[]},"timestamp":1777111677349}
{"sessionId":"366302","runId":"pre-fix","hypothesisId":"H4","location":"FileViewFinder.php:find","message":"view find called","data":{"name":"laravel-exceptions-renderer::components.separator"},"timestamp":1777111677350}
{"sessionId":"366302","runId":"pre-fix","hypothesisId":"H2","location":"ComponentTagCompiler.php:componentString","message":"component tag compiled","data":{"component":"laravel-exceptions-renderer::laravel-ascii-spotlight"},"timestamp":1777111677350}
{"sessionId":"366302","runId":"pre-fix","hypothesisId":"H3","location":"ComponentTagCompiler.php:guessAnonymousComponentUsingNamespaces","message":"checking anonymous component namespaces","data":{"component":"laravel-exceptions-renderer::laravel-ascii-spotlight","registeredNamespaces":[]},"timestamp":1777111677351}
{"sessionId":"366302","runId":"pre-fix","hypothesisId":"H4","location":"FileViewFinder.php:find","message":"view find called","data":{"name":"laravel-exceptions-renderer::components.laravel-ascii-spotlight"},"timestamp":1777111677351}
{"sessionId":"366302","runId":"pre-fix","hypothesisId":"H2","location":"ComponentTagCompiler.php:componentString","message":"component tag compiled","data":{"component":"laravel-exceptions-renderer::layout"},"timestamp":1777111677353}
{"sessionId":"366302","runId":"pre-fix","hypothesisId":"H3","location":"ComponentTagCompiler.php:guessAnonymousComponentUsingNamespaces","message":"checking anonymous component namespaces","data":{"component":"laravel-exceptions-renderer::layout","registeredNamespaces":[]},"timestamp":1777111677354}
{"sessionId":"366302","runId":"pre-fix","hypothesisId":"H4","location":"FileViewFinder.php:find","message":"view find called","data":{"name":"laravel-exceptions-renderer::components.layout"},"timestamp":1777111677355}
{"sessionId":"366302","runId":"pre-fix","hypothesisId":"H2","location":"ComponentTagCompiler.php:componentString","message":"component tag compiled","data":{"component":"laravel-exceptions-renderer::section-container"},"timestamp":1777111677356}
{"sessionId":"366302","runId":"pre-fix","hypothesisId":"H3","location":"ComponentTagCompiler.php:guessAnonymousComponentUsingNamespaces","message":"checking anonymous component namespaces","data":{"component":"laravel-exceptions-renderer::section-container","registeredNamespaces":[]},"timestamp":1777111677356}
{"sessionId":"366302","runId":"pre-fix","hypothesisId":"H4","location":"FileViewFinder.php:find","message":"view find called","data":{"name":"laravel-exceptions-renderer::components.section-container"},"timestamp":1777111677357}
{"sessionId":"366302","runId":"pre-fix","hypothesisId":"H2","location":"ComponentTagCompiler.php:componentString","message":"component tag compiled","data":{"component":"laravel-exceptions-renderer::section-container"},"timestamp":1777111677357}
{"sessionId":"366302","runId":"pre-fix","hypothesisId":"H3","location":"ComponentTagCompiler.php:guessAnonymousComponentUsingNamespaces","message":"checking anonymous component namespaces","data":{"component":"laravel-exceptions-renderer::section-container","registeredNamespaces":[]},"timestamp":1777111677358}
{"sessionId":"366302","runId":"pre-fix","hypothesisId":"H4","location":"FileViewFinder.php:find","message":"view find called","data":{"name":"laravel-exceptions-renderer::components.section-container"},"timestamp":1777111677358}
{"sessionId":"366302","runId":"pre-fix","hypothesisId":"H2","location":"ComponentTagCompiler.php:componentString","message":"component tag compiled","data":{"component":"laravel-exceptions-renderer::section-container"},"timestamp":1777111677359}
{"sessionId":"366302","runId":"pre-fix","hypothesisId":"H3","location":"ComponentTagCompiler.php:guessAnonymousComponentUsingNamespaces","message":"checking anonymous component namespaces","data":{"component":"laravel-exceptions-renderer::section-container","registeredNamespaces":[]},"timestamp":1777111677359}
{"sessionId":"366302","runId":"pre-fix","hypothesisId":"H4","location":"FileViewFinder.php:find","message":"view find called","data":{"name":"laravel-exceptions-renderer::components.section-container"},"timestamp":1777111677360}
{"sessionId":"366302","runId":"pre-fix","hypothesisId":"H2","location":"ComponentTagCompiler.php:componentString","message":"component tag compiled","data":{"component":"laravel-exceptions-renderer::section-container"},"timestamp":1777111677360}
{"sessionId":"366302","runId":"pre-fix","hypothesisId":"H3","location":"ComponentTagCompiler.php:guessAnonymousComponentUsingNamespaces","message":"checking anonymous component namespaces","data":{"component":"laravel-exceptions-renderer::section-container","registeredNamespaces":[]},"timestamp":1777111677361}
{"sessionId":"366302","runId":"pre-fix","hypothesisId":"H4","location":"FileViewFinder.php:find","message":"view find called","data":{"name":"laravel-exceptions-renderer::components.section-container"},"timestamp":1777111677361}
{"sessionId":"366302","runId":"pre-fix","hypothesisId":"H2","location":"ComponentTagCompiler.php:componentString","message":"component tag compiled","data":{"component":"laravel-exceptions-renderer::section-container"},"timestamp":1777111677362}
{"sessionId":"366302","runId":"pre-fix","hypothesisId":"H3","location":"ComponentTagCompiler.php:guessAnonymousComponentUsingNamespaces","message":"checking anonymous component namespaces","data":{"component":"laravel-exceptions-renderer::section-container","registeredNamespaces":[]},"timestamp":1777111677362}
{"sessionId":"366302","runId":"pre-fix","hypothesisId":"H4","location":"FileViewFinder.php:find","message":"view find called","data":{"name":"laravel-exceptions-renderer::components.section-container"},"timestamp":1777111677363}
{"sessionId":"366302","runId":"pre-fix","hypothesisId":"H4","location":"FileViewFinder.php:find","message":"view find called","data":{"name":"laravel-exceptions-renderer::components.layout"},"timestamp":1777111679764}
{"sessionId":"366302","runId":"pre-fix","hypothesisId":"H4","location":"FileViewFinder.php:find","message":"view find called","data":{"name":"laravel-exceptions-renderer::components.section-container"},"timestamp":1777111679765}
{"sessionId":"366302","runId":"pre-fix","hypothesisId":"H4","location":"FileViewFinder.php:find","message":"view find called","data":{"name":"laravel-exceptions-renderer::components.topbar"},"timestamp":1777111679765}
{"sessionId":"366302","runId":"pre-fix","hypothesisId":"H4","location":"FileViewFinder.php:find","message":"view find called","data":{"name":"laravel-exceptions-renderer::components.topbar"},"timestamp":1777111679766}
{"sessionId":"366302","runId":"pre-fix","hypothesisId":"H2","location":"ComponentTagCompiler.php:componentString","message":"component tag compiled","data":{"component":"laravel-exceptions-renderer::icons.copy"},"timestamp":1777111679804}
{"sessionId":"366302","runId":"pre-fix","hypothesisId":"H3","location":"ComponentTagCompiler.php:guessAnonymousComponentUsingNamespaces","message":"checking anonymous component namespaces","data":{"component":"laravel-exceptions-renderer::icons.copy","registeredNamespaces":[]},"timestamp":1777111679804}
{"sessionId":"366302","runId":"pre-fix","hypothesisId":"H4","location":"FileViewFinder.php:find","message":"view find called","data":{"name":"laravel-exceptions-renderer::components.icons.copy"},"timestamp":1777111679805}
{"sessionId":"366302","runId":"pre-fix","hypothesisId":"H2","location":"ComponentTagCompiler.php:componentString","message":"component tag compiled","data":{"component":"laravel-exceptions-renderer::icons.check"},"timestamp":1777111679806}
{"sessionId":"366302","runId":"pre-fix","hypothesisId":"H3","location":"ComponentTagCompiler.php:guessAnonymousComponentUsingNamespaces","message":"checking anonymous component namespaces","data":{"component":"laravel-exceptions-renderer::icons.check","registeredNamespaces":[]},"timestamp":1777111679806}
{"sessionId":"366302","runId":"pre-fix","hypothesisId":"H4","location":"FileViewFinder.php:find","message":"view find called","data":{"name":"laravel-exceptions-renderer::components.icons.check"},"timestamp":1777111679807}
{"sessionId":"366302","runId":"pre-fix","hypothesisId":"H4","location":"FileViewFinder.php:find","message":"view find called","data":{"name":"laravel-exceptions-renderer::components.icons.copy"},"timestamp":1777111680079}
{"sessionId":"366302","runId":"pre-fix","hypothesisId":"H4","location":"FileViewFinder.php:find","message":"view find called","data":{"name":"laravel-exceptions-renderer::components.icons.copy"},"timestamp":1777111680080}
{"sessionId":"366302","runId":"pre-fix","hypothesisId":"H4","location":"FileViewFinder.php:find","message":"view find called","data":{"name":"laravel-exceptions-renderer::components.icons.check"},"timestamp":1777111680115}
{"sessionId":"366302","runId":"pre-fix","hypothesisId":"H4","location":"FileViewFinder.php:find","message":"view find called","data":{"name":"laravel-exceptions-renderer::components.icons.check"},"timestamp":1777111680116}
{"sessionId":"366302","runId":"pre-fix","hypothesisId":"H4","location":"FileViewFinder.php:find","message":"view find called","data":{"name":"laravel-exceptions-renderer::components.section-container"},"timestamp":1777111680157}
{"sessionId":"366302","runId":"pre-fix","hypothesisId":"H4","location":"FileViewFinder.php:find","message":"view find called","data":{"name":"laravel-exceptions-renderer::components.separator"},"timestamp":1777111680200}
{"sessionId":"366302","runId":"pre-fix","hypothesisId":"H4","location":"FileViewFinder.php:find","message":"view find called","data":{"name":"laravel-exceptions-renderer::components.separator"},"timestamp":1777111680200}
{"sessionId":"366302","runId":"pre-fix","hypothesisId":"H4","location":"FileViewFinder.php:find","message":"view find called","data":{"name":"laravel-exceptions-renderer::components.header"},"timestamp":1777111680237}
{"sessionId":"366302","runId":"pre-fix","hypothesisId":"H4","location":"FileViewFinder.php:find","message":"view find called","data":{"name":"laravel-exceptions-renderer::components.header"},"timestamp":1777111680238}
{"sessionId":"366302","runId":"pre-fix","hypothesisId":"H2","location":"ComponentTagCompiler.php:componentString","message":"component tag compiled","data":{"component":"laravel-exceptions-renderer::file-with-line"},"timestamp":1777111680241}
{"sessionId":"366302","runId":"pre-fix","hypothesisId":"H3","location":"ComponentTagCompiler.php:guessAnonymousComponentUsingNamespaces","message":"checking anonymous component namespaces","data":{"component":"laravel-exceptions-renderer::file-with-line","registeredNamespaces":[]},"timestamp":1777111680241}
{"sessionId":"366302","runId":"pre-fix","hypothesisId":"H4","location":"FileViewFinder.php:find","message":"view find called","data":{"name":"laravel-exceptions-renderer::components.file-with-line"},"timestamp":1777111680241}
{"sessionId":"366302","runId":"pre-fix","hypothesisId":"H2","location":"ComponentTagCompiler.php:componentString","message":"component tag compiled","data":{"component":"laravel-exceptions-renderer::icons.alert"},"timestamp":1777111680242}
{"sessionId":"366302","runId":"pre-fix","hypothesisId":"H3","location":"ComponentTagCompiler.php:guessAnonymousComponentUsingNamespaces","message":"checking anonymous component namespaces","data":{"component":"laravel-exceptions-renderer::icons.alert","registeredNamespaces":[]},"timestamp":1777111680243}
{"sessionId":"366302","runId":"pre-fix","hypothesisId":"H4","location":"FileViewFinder.php:find","message":"view find called","data":{"name":"laravel-exceptions-renderer::components.icons.alert"},"timestamp":1777111680243}
{"sessionId":"366302","runId":"pre-fix","hypothesisId":"H2","location":"ComponentTagCompiler.php:componentString","message":"component tag compiled","data":{"component":"laravel-exceptions-renderer::request-url"},"timestamp":1777111680244}
{"sessionId":"366302","runId":"pre-fix","hypothesisId":"H3","location":"ComponentTagCompiler.php:guessAnonymousComponentUsingNamespaces","message":"checking anonymous component namespaces","data":{"component":"laravel-exceptions-renderer::request-url","registeredNamespaces":[]},"timestamp":1777111680245}
{"sessionId":"366302","runId":"pre-fix","hypothesisId":"H4","location":"FileViewFinder.php:find","message":"view find called","data":{"name":"laravel-exceptions-renderer::components.request-url"},"timestamp":1777111680245}
{"sessionId":"366302","runId":"pre-fix","hypothesisId":"H2","location":"ComponentTagCompiler.php:componentString","message":"component tag compiled","data":{"component":"laravel-exceptions-renderer::badge"},"timestamp":1777111680246}
{"sessionId":"366302","runId":"pre-fix","hypothesisId":"H3","location":"ComponentTagCompiler.php:guessAnonymousComponentUsingNamespaces","message":"checking anonymous component namespaces","data":{"component":"laravel-exceptions-renderer::badge","registeredNamespaces":[]},"timestamp":1777111680246}
{"sessionId":"366302","runId":"pre-fix","hypothesisId":"H4","location":"FileViewFinder.php:find","message":"view find called","data":{"name":"laravel-exceptions-renderer::components.badge"},"timestamp":1777111680247}
{"sessionId":"366302","runId":"pre-fix","hypothesisId":"H2","location":"ComponentTagCompiler.php:componentString","message":"component tag compiled","data":{"component":"laravel-exceptions-renderer::badge"},"timestamp":1777111680248}
{"sessionId":"366302","runId":"pre-fix","hypothesisId":"H3","location":"ComponentTagCompiler.php:guessAnonymousComponentUsingNamespaces","message":"checking anonymous component namespaces","data":{"component":"laravel-exceptions-renderer::badge","registeredNamespaces":[]},"timestamp":1777111680248}
{"sessionId":"366302","runId":"pre-fix","hypothesisId":"H4","location":"FileViewFinder.php:find","message":"view find called","data":{"name":"laravel-exceptions-renderer::components.badge"},"timestamp":1777111680249}
{"sessionId":"366302","runId":"pre-fix","hypothesisId":"H4","location":"FileViewFinder.php:find","message":"view find called","data":{"name":"laravel-exceptions-renderer::components.file-with-line"},"timestamp":1777111680760}
{"sessionId":"366302","runId":"pre-fix","hypothesisId":"H4","location":"FileViewFinder.php:find","message":"view find called","data":{"name":"laravel-exceptions-renderer::components.file-with-line"},"timestamp":1777111680761}
{"sessionId":"366302","runId":"pre-fix","hypothesisId":"H4","location":"FileViewFinder.php:find","message":"view find called","data":{"name":"laravel-exceptions-renderer::components.badge"},"timestamp":1777111680831}
{"sessionId":"366302","runId":"pre-fix","hypothesisId":"H4","location":"FileViewFinder.php:find","message":"view find called","data":{"name":"laravel-exceptions-renderer::components.icons.alert"},"timestamp":1777111680832}
{"sessionId":"366302","runId":"pre-fix","hypothesisId":"H4","location":"FileViewFinder.php:find","message":"view find called","data":{"name":"laravel-exceptions-renderer::components.icons.alert"},"timestamp":1777111680832}
{"sessionId":"366302","runId":"pre-fix","hypothesisId":"H4","location":"FileViewFinder.php:find","message":"view find called","data":{"name":"laravel-exceptions-renderer::components.badge"},"timestamp":1777111680841}
{"sessionId":"366302","runId":"pre-fix","hypothesisId":"H4","location":"FileViewFinder.php:find","message":"view find called","data":{"name":"laravel-exceptions-renderer::components.badge"},"timestamp":1777111680863}
{"sessionId":"366302","runId":"pre-fix","hypothesisId":"H4","location":"FileViewFinder.php:find","message":"view find called","data":{"name":"laravel-exceptions-renderer::components.request-url"},"timestamp":1777111680864}
{"sessionId":"366302","runId":"pre-fix","hypothesisId":"H4","location":"FileViewFinder.php:find","message":"view find called","data":{"name":"laravel-exceptions-renderer::components.request-url"},"timestamp":1777111680865}
{"sessionId":"366302","runId":"pre-fix","hypothesisId":"H2","location":"ComponentTagCompiler.php:componentString","message":"component tag compiled","data":{"component":"laravel-exceptions-renderer::icons.alert"},"timestamp":1777111680888}
{"sessionId":"366302","runId":"pre-fix","hypothesisId":"H3","location":"ComponentTagCompiler.php:guessAnonymousComponentUsingNamespaces","message":"checking anonymous component namespaces","data":{"component":"laravel-exceptions-renderer::icons.alert","registeredNamespaces":[]},"timestamp":1777111680889}
{"sessionId":"366302","runId":"pre-fix","hypothesisId":"H4","location":"FileViewFinder.php:find","message":"view find called","data":{"name":"laravel-exceptions-renderer::components.icons.alert"},"timestamp":1777111680889}
{"sessionId":"366302","runId":"pre-fix","hypothesisId":"H2","location":"ComponentTagCompiler.php:componentString","message":"component tag compiled","data":{"component":"laravel-exceptions-renderer::http-method"},"timestamp":1777111680890}
{"sessionId":"366302","runId":"pre-fix","hypothesisId":"H3","location":"ComponentTagCompiler.php:guessAnonymousComponentUsingNamespaces","message":"checking anonymous component namespaces","data":{"component":"laravel-exceptions-renderer::http-method","registeredNamespaces":[]},"timestamp":1777111680891}
{"sessionId":"366302","runId":"pre-fix","hypothesisId":"H4","location":"FileViewFinder.php:find","message":"view find called","data":{"name":"laravel-exceptions-renderer::components.http-method"},"timestamp":1777111680891}
{"sessionId":"366302","runId":"pre-fix","hypothesisId":"H2","location":"ComponentTagCompiler.php:componentString","message":"component tag compiled","data":{"component":"laravel-exceptions-renderer::icons.copy"},"timestamp":1777111680892}
{"sessionId":"366302","runId":"pre-fix","hypothesisId":"H3","location":"ComponentTagCompiler.php:guessAnonymousComponentUsingNamespaces","message":"checking anonymous component namespaces","data":{"component":"laravel-exceptions-renderer::icons.copy","registeredNamespaces":[]},"timestamp":1777111680893}
{"sessionId":"366302","runId":"pre-fix","hypothesisId":"H4","location":"FileViewFinder.php:find","message":"view find called","data":{"name":"laravel-exceptions-renderer::components.icons.copy"},"timestamp":1777111680893}
{"sessionId":"366302","runId":"pre-fix","hypothesisId":"H2","location":"ComponentTagCompiler.php:componentString","message":"component tag compiled","data":{"component":"laravel-exceptions-renderer::icons.check"},"timestamp":1777111680894}
{"sessionId":"366302","runId":"pre-fix","hypothesisId":"H3","location":"ComponentTagCompiler.php:guessAnonymousComponentUsingNamespaces","message":"checking anonymous component namespaces","data":{"component":"laravel-exceptions-renderer::icons.check","registeredNamespaces":[]},"timestamp":1777111680894}
{"sessionId":"366302","runId":"pre-fix","hypothesisId":"H4","location":"FileViewFinder.php:find","message":"view find called","data":{"name":"laravel-exceptions-renderer::components.icons.check"},"timestamp":1777111680895}
{"sessionId":"366302","runId":"pre-fix","hypothesisId":"H2","location":"ComponentTagCompiler.php:componentString","message":"component tag compiled","data":{"component":"laravel-exceptions-renderer::badge"},"timestamp":1777111680895}
{"sessionId":"366302","runId":"pre-fix","hypothesisId":"H3","location":"ComponentTagCompiler.php:guessAnonymousComponentUsingNamespaces","message":"checking anonymous component namespaces","data":{"component":"laravel-exceptions-renderer::badge","registeredNamespaces":[]},"timestamp":1777111680896}
{"sessionId":"366302","runId":"pre-fix","hypothesisId":"H4","location":"FileViewFinder.php:find","message":"view find called","data":{"name":"laravel-exceptions-renderer::components.badge"},"timestamp":1777111680896}
{"sessionId":"366302","runId":"pre-fix","hypothesisId":"H4","location":"FileViewFinder.php:find","message":"view find called","data":{"name":"laravel-exceptions-renderer::components.icons.alert"},"timestamp":1777111681585}
{"sessionId":"366302","runId":"pre-fix","hypothesisId":"H4","location":"FileViewFinder.php:find","message":"view find called","data":{"name":"laravel-exceptions-renderer::components.badge"},"timestamp":1777111681587}
{"sessionId":"366302","runId":"pre-fix","hypothesisId":"H4","location":"FileViewFinder.php:find","message":"view find called","data":{"name":"laravel-exceptions-renderer::components.http-method"},"timestamp":1777111681589}
{"sessionId":"366302","runId":"pre-fix","hypothesisId":"H4","location":"FileViewFinder.php:find","message":"view find called","data":{"name":"laravel-exceptions-renderer::components.http-method"},"timestamp":1777111681589}
{"sessionId":"366302","runId":"pre-fix","hypothesisId":"H2","location":"ComponentTagCompiler.php:componentString","message":"component tag compiled","data":{"component":"laravel-exceptions-renderer::icons.globe"},"timestamp":1777111681613}
{"sessionId":"366302","runId":"pre-fix","hypothesisId":"H3","location":"ComponentTagCompiler.php:guessAnonymousComponentUsingNamespaces","message":"checking anonymous component namespaces","data":{"component":"laravel-exceptions-renderer::icons.globe","registeredNamespaces":[]},"timestamp":1777111681614}
{"sessionId":"366302","runId":"pre-fix","hypothesisId":"H4","location":"FileViewFinder.php:find","message":"view find called","data":{"name":"laravel-exceptions-renderer::components.icons.globe"},"timestamp":1777111681615}
{"sessionId":"366302","runId":"pre-fix","hypothesisId":"H2","location":"ComponentTagCompiler.php:componentString","message":"component tag compiled","data":{"component":"laravel-exceptions-renderer::badge"},"timestamp":1777111681616}
{"sessionId":"366302","runId":"pre-fix","hypothesisId":"H3","location":"ComponentTagCompiler.php:guessAnonymousComponentUsingNamespaces","message":"checking anonymous component namespaces","data":{"component":"laravel-exceptions-renderer::badge","registeredNamespaces":[]},"timestamp":1777111681617}
{"sessionId":"366302","runId":"pre-fix","hypothesisId":"H4","location":"FileViewFinder.php:find","message":"view find called","data":{"name":"laravel-exceptions-renderer::components.badge"},"timestamp":1777111681618}
{"sessionId":"366302","runId":"pre-fix","hypothesisId":"H4","location":"FileViewFinder.php:find","message":"view find called","data":{"name":"laravel-exceptions-renderer::components.icons.globe"},"timestamp":1777111681625}
{"sessionId":"366302","runId":"pre-fix","hypothesisId":"H4","location":"FileViewFinder.php:find","message":"view find called","data":{"name":"laravel-exceptions-renderer::components.icons.globe"},"timestamp":1777111681625}
{"sessionId":"366302","runId":"pre-fix","hypothesisId":"H4","location":"FileViewFinder.php:find","message":"view find called","data":{"name":"laravel-exceptions-renderer::components.badge"},"timestamp":1777111681644}
{"sessionId":"366302","runId":"pre-fix","hypothesisId":"H4","location":"FileViewFinder.php:find","message":"view find called","data":{"name":"laravel-exceptions-renderer::components.icons.copy"},"timestamp":1777111681645}
{"sessionId":"366302","runId":"pre-fix","hypothesisId":"H4","location":"FileViewFinder.php:find","message":"view find called","data":{"name":"laravel-exceptions-renderer::components.icons.check"},"timestamp":1777111681647}
{"sessionId":"366302","runId":"pre-fix","hypothesisId":"H4","location":"FileViewFinder.php:find","message":"view find called","data":{"name":"laravel-exceptions-renderer::components.section-container"},"timestamp":1777111681648}
{"sessionId":"366302","runId":"pre-fix","hypothesisId":"H4","location":"FileViewFinder.php:find","message":"view find called","data":{"name":"laravel-exceptions-renderer::components.separator"},"timestamp":1777111681649}
{"sessionId":"366302","runId":"pre-fix","hypothesisId":"H4","location":"FileViewFinder.php:find","message":"view find called","data":{"name":"laravel-exceptions-renderer::components.trace"},"timestamp":1777111681650}
{"sessionId":"366302","runId":"pre-fix","hypothesisId":"H4","location":"FileViewFinder.php:find","message":"view find called","data":{"name":"laravel-exceptions-renderer::components.trace"},"timestamp":1777111681651}
{"sessionId":"366302","runId":"pre-fix","hypothesisId":"H2","location":"ComponentTagCompiler.php:componentString","message":"component tag compiled","data":{"component":"laravel-exceptions-renderer::icons.alert"},"timestamp":1777111681664}
{"sessionId":"366302","runId":"pre-fix","hypothesisId":"H3","location":"ComponentTagCompiler.php:guessAnonymousComponentUsingNamespaces","message":"checking anonymous component namespaces","data":{"component":"laravel-exceptions-renderer::icons.alert","registeredNamespaces":[]},"timestamp":1777111681665}
{"sessionId":"366302","runId":"pre-fix","hypothesisId":"H4","location":"FileViewFinder.php:find","message":"view find called","data":{"name":"laravel-exceptions-renderer::components.icons.alert"},"timestamp":1777111681665}
{"sessionId":"366302","runId":"pre-fix","hypothesisId":"H2","location":"ComponentTagCompiler.php:componentString","message":"component tag compiled","data":{"component":"laravel-exceptions-renderer::vendor-frames"},"timestamp":1777111681666}
{"sessionId":"366302","runId":"pre-fix","hypothesisId":"H3","location":"ComponentTagCompiler.php:guessAnonymousComponentUsingNamespaces","message":"checking anonymous component namespaces","data":{"component":"laravel-exceptions-renderer::vendor-frames","registeredNamespaces":[]},"timestamp":1777111681667}
{"sessionId":"366302","runId":"pre-fix","hypothesisId":"H4","location":"FileViewFinder.php:find","message":"view find called","data":{"name":"laravel-exceptions-renderer::components.vendor-frames"},"timestamp":1777111681668}
{"sessionId":"366302","runId":"pre-fix","hypothesisId":"H2","location":"ComponentTagCompiler.php:componentString","message":"component tag compiled","data":{"component":"laravel-exceptions-renderer::frame"},"timestamp":1777111681669}
{"sessionId":"366302","runId":"pre-fix","hypothesisId":"H3","location":"ComponentTagCompiler.php:guessAnonymousComponentUsingNamespaces","message":"checking anonymous component namespaces","data":{"component":"laravel-exceptions-renderer::frame","registeredNamespaces":[]},"timestamp":1777111681670}
{"sessionId":"366302","runId":"pre-fix","hypothesisId":"H4","location":"FileViewFinder.php:find","message":"view find called","data":{"name":"laravel-exceptions-renderer::components.frame"},"timestamp":1777111681670}
{"sessionId":"366302","runId":"pre-fix","hypothesisId":"H4","location":"FileViewFinder.php:find","message":"view find called","data":{"name":"laravel-exceptions-renderer::components.icons.alert"},"timestamp":1777111682137}
{"sessionId":"366302","runId":"pre-fix","hypothesisId":"H4","location":"FileViewFinder.php:find","message":"view find called","data":{"name":"laravel-exceptions-renderer::components.vendor-frames"},"timestamp":1777111682138}
{"sessionId":"366302","runId":"pre-fix","hypothesisId":"H4","location":"FileViewFinder.php:find","message":"view find called","data":{"name":"laravel-exceptions-renderer::components.vendor-frames"},"timestamp":1777111682139}
{"sessionId":"366302","runId":"pre-fix","hypothesisId":"H2","location":"ComponentTagCompiler.php:componentString","message":"component tag compiled","data":{"component":"laravel-exceptions-renderer::icons.folder"},"timestamp":1777111682159}
{"sessionId":"366302","runId":"pre-fix","hypothesisId":"H3","location":"ComponentTagCompiler.php:guessAnonymousComponentUsingNamespaces","message":"checking anonymous component namespaces","data":{"component":"laravel-exceptions-renderer::icons.folder","registeredNamespaces":[]},"timestamp":1777111682160}
{"sessionId":"366302","runId":"pre-fix","hypothesisId":"H4","location":"FileViewFinder.php:find","message":"view find called","data":{"name":"laravel-exceptions-renderer::components.icons.folder"},"timestamp":1777111682161}
{"sessionId":"366302","runId":"pre-fix","hypothesisId":"H2","location":"ComponentTagCompiler.php:componentString","message":"component tag compiled","data":{"component":"laravel-exceptions-renderer::icons.folder-open"},"timestamp":1777111682162}
{"sessionId":"366302","runId":"pre-fix","hypothesisId":"H3","location":"ComponentTagCompiler.php:guessAnonymousComponentUsingNamespaces","message":"checking anonymous component namespaces","data":{"component":"laravel-exceptions-renderer::icons.folder-open","registeredNamespaces":[]},"timestamp":1777111682163}
{"sessionId":"366302","runId":"pre-fix","hypothesisId":"H4","location":"FileViewFinder.php:find","message":"view find called","data":{"name":"laravel-exceptions-renderer::components.icons.folder-open"},"timestamp":1777111682163}
{"sessionId":"366302","runId":"pre-fix","hypothesisId":"H2","location":"ComponentTagCompiler.php:componentString","message":"component tag compiled","data":{"component":"laravel-exceptions-renderer::icons.chevrons-down-up"},"timestamp":1777111682164}
{"sessionId":"366302","runId":"pre-fix","hypothesisId":"H3","location":"ComponentTagCompiler.php:guessAnonymousComponentUsingNamespaces","message":"checking anonymous component namespaces","data":{"component":"laravel-exceptions-renderer::icons.chevrons-down-up","registeredNamespaces":[]},"timestamp":1777111682164}
{"sessionId":"366302","runId":"pre-fix","hypothesisId":"H4","location":"FileViewFinder.php:find","message":"view find called","data":{"name":"laravel-exceptions-renderer::components.icons.chevrons-down-up"},"timestamp":1777111682165}
{"sessionId":"366302","runId":"pre-fix","hypothesisId":"H2","location":"ComponentTagCompiler.php:componentString","message":"component tag compiled","data":{"component":"laravel-exceptions-renderer::icons.chevrons-up-down"},"timestamp":1777111682166}
{"sessionId":"366302","runId":"pre-fix","hypothesisId":"H3","location":"ComponentTagCompiler.php:guessAnonymousComponentUsingNamespaces","message":"checking anonymous component namespaces","data":{"component":"laravel-exceptions-renderer::icons.chevrons-up-down","registeredNamespaces":[]},"timestamp":1777111682166}
{"sessionId":"366302","runId":"pre-fix","hypothesisId":"H4","location":"FileViewFinder.php:find","message":"view find called","data":{"name":"laravel-exceptions-renderer::components.icons.chevrons-up-down"},"timestamp":1777111682167}
{"sessionId":"366302","runId":"pre-fix","hypothesisId":"H2","location":"ComponentTagCompiler.php:componentString","message":"component tag compiled","data":{"component":"laravel-exceptions-renderer::vendor-frame"},"timestamp":1777111682168}
{"sessionId":"366302","runId":"pre-fix","hypothesisId":"H3","location":"ComponentTagCompiler.php:guessAnonymousComponentUsingNamespaces","message":"checking anonymous component namespaces","data":{"component":"laravel-exceptions-renderer::vendor-frame","registeredNamespaces":[]},"timestamp":1777111682168}
{"sessionId":"366302","runId":"pre-fix","hypothesisId":"H4","location":"FileViewFinder.php:find","message":"view find called","data":{"name":"laravel-exceptions-renderer::components.vendor-frame"},"timestamp":1777111682168}
{"sessionId":"366302","runId":"pre-fix","hypothesisId":"H4","location":"FileViewFinder.php:find","message":"view find called","data":{"name":"laravel-exceptions-renderer::components.icons.folder"},"timestamp":1777111682884}
{"sessionId":"366302","runId":"pre-fix","hypothesisId":"H4","location":"FileViewFinder.php:find","message":"view find called","data":{"name":"laravel-exceptions-renderer::components.icons.folder"},"timestamp":1777111682884}
{"sessionId":"366302","runId":"pre-fix","hypothesisId":"H4","location":"FileViewFinder.php:find","message":"view find called","data":{"name":"laravel-exceptions-renderer::components.icons.folder-open"},"timestamp":1777111682915}
{"sessionId":"366302","runId":"pre-fix","hypothesisId":"H4","location":"FileViewFinder.php:find","message":"view find called","data":{"name":"laravel-exceptions-renderer::components.icons.folder-open"},"timestamp":1777111682916}
{"sessionId":"366302","runId":"pre-fix","hypothesisId":"H4","location":"FileViewFinder.php:find","message":"view find called","data":{"name":"laravel-exceptions-renderer::components.icons.chevrons-down-up"},"timestamp":1777111682934}
{"sessionId":"366302","runId":"pre-fix","hypothesisId":"H4","location":"FileViewFinder.php:find","message":"view find called","data":{"name":"laravel-exceptions-renderer::components.icons.chevrons-down-up"},"timestamp":1777111682934}
{"sessionId":"366302","runId":"pre-fix","hypothesisId":"H4","location":"FileViewFinder.php:find","message":"view find called","data":{"name":"laravel-exceptions-renderer::components.icons.chevrons-up-down"},"timestamp":1777111682973}
{"sessionId":"366302","runId":"pre-fix","hypothesisId":"H4","location":"FileViewFinder.php:find","message":"view find called","data":{"name":"laravel-exceptions-renderer::components.icons.chevrons-up-down"},"timestamp":1777111682973}
{"sessionId":"366302","runId":"pre-fix","hypothesisId":"H4","location":"FileViewFinder.php:find","message":"view find called","data":{"name":"laravel-exceptions-renderer::components.vendor-frame"},"timestamp":1777111682988}
{"sessionId":"366302","runId":"pre-fix","hypothesisId":"H4","location":"FileViewFinder.php:find","message":"view find called","data":{"name":"laravel-exceptions-renderer::components.vendor-frame"},"timestamp":1777111682988}
{"sessionId":"366302","runId":"pre-fix","hypothesisId":"H2","location":"ComponentTagCompiler.php:componentString","message":"component tag compiled","data":{"component":"laravel-exceptions-renderer::formatted-source"},"timestamp":1777111682997}
{"sessionId":"366302","runId":"pre-fix","hypothesisId":"H3","location":"ComponentTagCompiler.php:guessAnonymousComponentUsingNamespaces","message":"checking anonymous component namespaces","data":{"component":"laravel-exceptions-renderer::formatted-source","registeredNamespaces":[]},"timestamp":1777111682999}
{"sessionId":"366302","runId":"pre-fix","hypothesisId":"H4","location":"FileViewFinder.php:find","message":"view find called","data":{"name":"laravel-exceptions-renderer::components.formatted-source"},"timestamp":1777111683000}
{"sessionId":"366302","runId":"pre-fix","hypothesisId":"H2","location":"ComponentTagCompiler.php:componentString","message":"component tag compiled","data":{"component":"laravel-exceptions-renderer::file-with-line"},"timestamp":1777111683001}
{"sessionId":"366302","runId":"pre-fix","hypothesisId":"H3","location":"ComponentTagCompiler.php:guessAnonymousComponentUsingNamespaces","message":"checking anonymous component namespaces","data":{"component":"laravel-exceptions-renderer::file-with-line","registeredNamespaces":[]},"timestamp":1777111683001}
{"sessionId":"366302","runId":"pre-fix","hypothesisId":"H4","location":"FileViewFinder.php:find","message":"view find called","data":{"name":"laravel-exceptions-renderer::components.file-with-line"},"timestamp":1777111683002}
{"sessionId":"366302","runId":"pre-fix","hypothesisId":"H4","location":"FileViewFinder.php:find","message":"view find called","data":{"name":"laravel-exceptions-renderer::components.formatted-source"},"timestamp":1777111683009}
{"sessionId":"366302","runId":"pre-fix","hypothesisId":"H4","location":"FileViewFinder.php:find","message":"view find called","data":{"name":"laravel-exceptions-renderer::components.formatted-source"},"timestamp":1777111683009}
{"sessionId":"366302","runId":"pre-fix","hypothesisId":"H2","location":"ComponentTagCompiler.php:componentString","message":"component tag compiled","data":{"component":"laravel-exceptions-renderer::syntax-highlight"},"timestamp":1777111683023}
{"sessionId":"366302","runId":"pre-fix","hypothesisId":"H3","location":"ComponentTagCompiler.php:guessAnonymousComponentUsingNamespaces","message":"checking anonymous component namespaces","data":{"component":"laravel-exceptions-renderer::syntax-highlight","registeredNamespaces":[]},"timestamp":1777111683024}
{"sessionId":"366302","runId":"pre-fix","hypothesisId":"H4","location":"FileViewFinder.php:find","message":"view find called","data":{"name":"laravel-exceptions-renderer::components.syntax-highlight"},"timestamp":1777111683024}
{"sessionId":"366302","runId":"pre-fix","hypothesisId":"H4","location":"FileViewFinder.php:find","message":"view find called","data":{"name":"laravel-exceptions-renderer::components.syntax-highlight"},"timestamp":1777111683170}
{"sessionId":"366302","runId":"pre-fix","hypothesisId":"H4","location":"FileViewFinder.php:find","message":"view find called","data":{"name":"laravel-exceptions-renderer::components.syntax-highlight"},"timestamp":1777111683170}
{"sessionId":"366302","runId":"pre-fix","hypothesisId":"H4","location":"FileViewFinder.php:find","message":"view find called","data":{"name":"laravel-exceptions-renderer::components.file-with-line"},"timestamp":1777111683187}
{"sessionId":"366302","runId":"pre-fix","hypothesisId":"H4","location":"FileViewFinder.php:find","message":"view find called","data":{"name":"laravel-exceptions-renderer::components.vendor-frame"},"timestamp":1777111683189}
{"sessionId":"366302","runId":"pre-fix","hypothesisId":"H4","location":"FileViewFinder.php:find","message":"view find called","data":{"name":"laravel-exceptions-renderer::components.formatted-source"},"timestamp":1777111683191}
{"sessionId":"366302","runId":"pre-fix","hypothesisId":"H4","location":"FileViewFinder.php:find","message":"view find called","data":{"name":"laravel-exceptions-renderer::components.syntax-highlight"},"timestamp":1777111683192}
{"sessionId":"366302","runId":"pre-fix","hypothesisId":"H4","location":"FileViewFinder.php:find","message":"view find called","data":{"name":"laravel-exceptions-renderer::components.file-with-line"},"timestamp":1777111683193}
{"sessionId":"366302","runId":"pre-fix","hypothesisId":"H4","location":"FileViewFinder.php:find","message":"view find called","data":{"name":"laravel-exceptions-renderer::components.vendor-frame"},"timestamp":1777111683194}
{"sessionId":"366302","runId":"pre-fix","hypothesisId":"H4","location":"FileViewFinder.php:find","message":"view find called","data":{"name":"laravel-exceptions-renderer::components.formatted-source"},"timestamp":1777111683195}
{"sessionId":"366302","runId":"pre-fix","hypothesisId":"H4","location":"FileViewFinder.php:find","message":"view find called","data":{"name":"laravel-exceptions-renderer::components.syntax-highlight"},"timestamp":1777111683196}
{"sessionId":"366302","runId":"pre-fix","hypothesisId":"H4","location":"FileViewFinder.php:find","message":"view find called","data":{"name":"laravel-exceptions-renderer::components.file-with-line"},"timestamp":1777111683197}
{"sessionId":"366302","runId":"pre-fix","hypothesisId":"H4","location":"FileViewFinder.php:find","message":"view find called","data":{"name":"laravel-exceptions-renderer::components.vendor-frame"},"timestamp":1777111683199}
{"sessionId":"366302","runId":"pre-fix","hypothesisId":"H4","location":"FileViewFinder.php:find","message":"view find called","data":{"name":"laravel-exceptions-renderer::components.formatted-source"},"timestamp":1777111683201}
{"sessionId":"366302","runId":"pre-fix","hypothesisId":"H4","location":"FileViewFinder.php:find","message":"view find called","data":{"name":"laravel-exceptions-renderer::components.syntax-highlight"},"timestamp":1777111683202}
{"sessionId":"366302","runId":"pre-fix","hypothesisId":"H4","location":"FileViewFinder.php:find","message":"view find called","data":{"name":"laravel-exceptions-renderer::components.file-with-line"},"timestamp":1777111683203}
{"sessionId":"366302","runId":"pre-fix","hypothesisId":"H4","location":"FileViewFinder.php:find","message":"view find called","data":{"name":"laravel-exceptions-renderer::components.vendor-frame"},"timestamp":1777111683204}
{"sessionId":"366302","runId":"pre-fix","hypothesisId":"H4","location":"FileViewFinder.php:find","message":"view find called","data":{"name":"laravel-exceptions-renderer::components.formatted-source"},"timestamp":1777111683205}
{"sessionId":"366302","runId":"pre-fix","hypothesisId":"H4","location":"FileViewFinder.php:find","message":"view find called","data":{"name":"laravel-exceptions-renderer::components.syntax-highlight"},"timestamp":1777111683206}
{"sessionId":"366302","runId":"pre-fix","hypothesisId":"H4","location":"FileViewFinder.php:find","message":"view find called","data":{"name":"laravel-exceptions-renderer::components.file-with-line"},"timestamp":1777111683207}
{"sessionId":"366302","runId":"pre-fix","hypothesisId":"H4","location":"FileViewFinder.php:find","message":"view find called","data":{"name":"laravel-exceptions-renderer::components.vendor-frame"},"timestamp":1777111683208}
{"sessionId":"366302","runId":"pre-fix","hypothesisId":"H4","location":"FileViewFinder.php:find","message":"view find called","data":{"name":"laravel-exceptions-renderer::components.formatted-source"},"timestamp":1777111683209}
{"sessionId":"366302","runId":"pre-fix","hypothesisId":"H4","location":"FileViewFinder.php:find","message":"view find called","data":{"name":"laravel-exceptions-renderer::components.syntax-highlight"},"timestamp":1777111683210}
{"sessionId":"366302","runId":"pre-fix","hypothesisId":"H4","location":"FileViewFinder.php:find","message":"view find called","data":{"name":"laravel-exceptions-renderer::components.file-with-line"},"timestamp":1777111683211}
{"sessionId":"366302","runId":"pre-fix","hypothesisId":"H4","location":"FileViewFinder.php:find","message":"view find called","data":{"name":"laravel-exceptions-renderer::components.vendor-frame"},"timestamp":1777111683212}
{"sessionId":"366302","runId":"pre-fix","hypothesisId":"H4","location":"FileViewFinder.php:find","message":"view find called","data":{"name":"laravel-exceptions-renderer::components.formatted-source"},"timestamp":1777111683213}
{"sessionId":"366302","runId":"pre-fix","hypothesisId":"H4","location":"FileViewFinder.php:find","message":"view find called","data":{"name":"laravel-exceptions-renderer::components.syntax-highlight"},"timestamp":1777111683214}
{"sessionId":"366302","runId":"pre-fix","hypothesisId":"H4","location":"FileViewFinder.php:find","message":"view find called","data":{"name":"laravel-exceptions-renderer::components.file-with-line"},"timestamp":1777111683216}
{"sessionId":"366302","runId":"pre-fix","hypothesisId":"H4","location":"FileViewFinder.php:find","message":"view find called","data":{"name":"laravel-exceptions-renderer::components.vendor-frame"},"timestamp":1777111683218}
{"sessionId":"366302","runId":"pre-fix","hypothesisId":"H4","location":"FileViewFinder.php:find","message":"view find called","data":{"name":"laravel-exceptions-renderer::components.formatted-source"},"timestamp":1777111683219}
{"sessionId":"366302","runId":"pre-fix","hypothesisId":"H4","location":"FileViewFinder.php:find","message":"view find called","data":{"name":"laravel-exceptions-renderer::components.syntax-highlight"},"timestamp":1777111683220}
{"sessionId":"366302","runId":"pre-fix","hypothesisId":"H4","location":"FileViewFinder.php:find","message":"view find called","data":{"name":"laravel-exceptions-renderer::components.file-with-line"},"timestamp":1777111683221}
{"sessionId":"366302","runId":"pre-fix","hypothesisId":"H4","location":"FileViewFinder.php:find","message":"view find called","data":{"name":"laravel-exceptions-renderer::components.vendor-frame"},"timestamp":1777111683222}
{"sessionId":"366302","runId":"pre-fix","hypothesisId":"H4","location":"FileViewFinder.php:find","message":"view find called","data":{"name":"laravel-exceptions-renderer::components.formatted-source"},"timestamp":1777111683223}
{"sessionId":"366302","runId":"pre-fix","hypothesisId":"H4","location":"FileViewFinder.php:find","message":"view find called","data":{"name":"laravel-exceptions-renderer::components.syntax-highlight"},"timestamp":1777111683224}
{"sessionId":"366302","runId":"pre-fix","hypothesisId":"H4","location":"FileViewFinder.php:find","message":"view find called","data":{"name":"laravel-exceptions-renderer::components.file-with-line"},"timestamp":1777111683225}
{"sessionId":"366302","runId":"pre-fix","hypothesisId":"H4","location":"FileViewFinder.php:find","message":"view find called","data":{"name":"laravel-exceptions-renderer::components.vendor-frame"},"timestamp":1777111683226}
{"sessionId":"366302","runId":"pre-fix","hypothesisId":"H4","location":"FileViewFinder.php:find","message":"view find called","data":{"name":"laravel-exceptions-renderer::components.formatted-source"},"timestamp":1777111683227}
{"sessionId":"366302","runId":"pre-fix","hypothesisId":"H4","location":"FileViewFinder.php:find","message":"view find called","data":{"name":"laravel-exceptions-renderer::components.syntax-highlight"},"timestamp":1777111683228}
{"sessionId":"366302","runId":"pre-fix","hypothesisId":"H4","location":"FileViewFinder.php:find","message":"view find called","data":{"name":"laravel-exceptions-renderer::components.file-with-line"},"timestamp":1777111683229}
{"sessionId":"366302","runId":"pre-fix","hypothesisId":"H4","location":"FileViewFinder.php:find","message":"view find called","data":{"name":"laravel-exceptions-renderer::components.vendor-frame"},"timestamp":1777111683230}
{"sessionId":"366302","runId":"pre-fix","hypothesisId":"H4","location":"FileViewFinder.php:find","message":"view find called","data":{"name":"laravel-exceptions-renderer::components.formatted-source"},"timestamp":1777111683231}
{"sessionId":"366302","runId":"pre-fix","hypothesisId":"H4","location":"FileViewFinder.php:find","message":"view find called","data":{"name":"laravel-exceptions-renderer::components.syntax-highlight"},"timestamp":1777111683233}
{"sessionId":"366302","runId":"pre-fix","hypothesisId":"H4","location":"FileViewFinder.php:find","message":"view find called","data":{"name":"laravel-exceptions-renderer::components.file-with-line"},"timestamp":1777111683234}
{"sessionId":"366302","runId":"pre-fix","hypothesisId":"H4","location":"FileViewFinder.php:find","message":"view find called","data":{"name":"laravel-exceptions-renderer::components.vendor-frame"},"timestamp":1777111683236}
{"sessionId":"366302","runId":"pre-fix","hypothesisId":"H4","location":"FileViewFinder.php:find","message":"view find called","data":{"name":"laravel-exceptions-renderer::components.formatted-source"},"timestamp":1777111683237}
{"sessionId":"366302","runId":"pre-fix","hypothesisId":"H4","location":"FileViewFinder.php:find","message":"view find called","data":{"name":"laravel-exceptions-renderer::components.syntax-highlight"},"timestamp":1777111683238}
{"sessionId":"366302","runId":"pre-fix","hypothesisId":"H4","location":"FileViewFinder.php:find","message":"view find called","data":{"name":"laravel-exceptions-renderer::components.file-with-line"},"timestamp":1777111683239}
{"sessionId":"366302","runId":"pre-fix","hypothesisId":"H4","location":"FileViewFinder.php:find","message":"view find called","data":{"name":"laravel-exceptions-renderer::components.vendor-frame"},"timestamp":1777111683241}
{"sessionId":"366302","runId":"pre-fix","hypothesisId":"H4","location":"FileViewFinder.php:find","message":"view find called","data":{"name":"laravel-exceptions-renderer::components.formatted-source"},"timestamp":1777111683243}
{"sessionId":"366302","runId":"pre-fix","hypothesisId":"H4","location":"FileViewFinder.php:find","message":"view find called","data":{"name":"laravel-exceptions-renderer::components.syntax-highlight"},"timestamp":1777111683244}
{"sessionId":"366302","runId":"pre-fix","hypothesisId":"H4","location":"FileViewFinder.php:find","message":"view find called","data":{"name":"laravel-exceptions-renderer::components.file-with-line"},"timestamp":1777111683245}
{"sessionId":"366302","runId":"pre-fix","hypothesisId":"H4","location":"FileViewFinder.php:find","message":"view find called","data":{"name":"laravel-exceptions-renderer::components.vendor-frame"},"timestamp":1777111683246}
{"sessionId":"366302","runId":"pre-fix","hypothesisId":"H4","location":"FileViewFinder.php:find","message":"view find called","data":{"name":"laravel-exceptions-renderer::components.formatted-source"},"timestamp":1777111683248}
{"sessionId":"366302","runId":"pre-fix","hypothesisId":"H4","location":"FileViewFinder.php:find","message":"view find called","data":{"name":"laravel-exceptions-renderer::components.syntax-highlight"},"timestamp":1777111683249}
{"sessionId":"366302","runId":"pre-fix","hypothesisId":"H4","location":"FileViewFinder.php:find","message":"view find called","data":{"name":"laravel-exceptions-renderer::components.file-with-line"},"timestamp":1777111683251}
{"sessionId":"366302","runId":"pre-fix","hypothesisId":"H4","location":"FileViewFinder.php:find","message":"view find called","data":{"name":"laravel-exceptions-renderer::components.vendor-frame"},"timestamp":1777111683252}
{"sessionId":"366302","runId":"pre-fix","hypothesisId":"H4","location":"FileViewFinder.php:find","message":"view find called","data":{"name":"laravel-exceptions-renderer::components.formatted-source"},"timestamp":1777111683253}
{"sessionId":"366302","runId":"pre-fix","hypothesisId":"H4","location":"FileViewFinder.php:find","message":"view find called","data":{"name":"laravel-exceptions-renderer::components.syntax-highlight"},"timestamp":1777111683254}
{"sessionId":"366302","runId":"pre-fix","hypothesisId":"H4","location":"FileViewFinder.php:find","message":"view find called","data":{"name":"laravel-exceptions-renderer::components.file-with-line"},"timestamp":1777111683255}
{"sessionId":"366302","runId":"pre-fix","hypothesisId":"H4","location":"FileViewFinder.php:find","message":"view find called","data":{"name":"laravel-exceptions-renderer::components.vendor-frame"},"timestamp":1777111683256}
{"sessionId":"366302","runId":"pre-fix","hypothesisId":"H4","location":"FileViewFinder.php:find","message":"view find called","data":{"name":"laravel-exceptions-renderer::components.formatted-source"},"timestamp":1777111683257}
{"sessionId":"366302","runId":"pre-fix","hypothesisId":"H4","location":"FileViewFinder.php:find","message":"view find called","data":{"name":"laravel-exceptions-renderer::components.syntax-highlight"},"timestamp":1777111683258}
{"sessionId":"366302","runId":"pre-fix","hypothesisId":"H4","location":"FileViewFinder.php:find","message":"view find called","data":{"name":"laravel-exceptions-renderer::components.file-with-line"},"timestamp":1777111683259}
{"sessionId":"366302","runId":"pre-fix","hypothesisId":"H4","location":"FileViewFinder.php:find","message":"view find called","data":{"name":"laravel-exceptions-renderer::components.vendor-frame"},"timestamp":1777111683260}
{"sessionId":"366302","runId":"pre-fix","hypothesisId":"H4","location":"FileViewFinder.php:find","message":"view find called","data":{"name":"laravel-exceptions-renderer::components.formatted-source"},"timestamp":1777111683261}
{"sessionId":"366302","runId":"pre-fix","hypothesisId":"H4","location":"FileViewFinder.php:find","message":"view find called","data":{"name":"laravel-exceptions-renderer::components.syntax-highlight"},"timestamp":1777111683262}
{"sessionId":"366302","runId":"pre-fix","hypothesisId":"H4","location":"FileViewFinder.php:find","message":"view find called","data":{"name":"laravel-exceptions-renderer::components.file-with-line"},"timestamp":1777111683263}
{"sessionId":"366302","runId":"pre-fix","hypothesisId":"H4","location":"FileViewFinder.php:find","message":"view find called","data":{"name":"laravel-exceptions-renderer::components.vendor-frame"},"timestamp":1777111683265}
{"sessionId":"366302","runId":"pre-fix","hypothesisId":"H4","location":"FileViewFinder.php:find","message":"view find called","data":{"name":"laravel-exceptions-renderer::components.formatted-source"},"timestamp":1777111683266}
{"sessionId":"366302","runId":"pre-fix","hypothesisId":"H4","location":"FileViewFinder.php:find","message":"view find called","data":{"name":"laravel-exceptions-renderer::components.syntax-highlight"},"timestamp":1777111683267}
{"sessionId":"366302","runId":"pre-fix","hypothesisId":"H4","location":"FileViewFinder.php:find","message":"view find called","data":{"name":"laravel-exceptions-renderer::components.file-with-line"},"timestamp":1777111683268}
{"sessionId":"366302","runId":"pre-fix","hypothesisId":"H4","location":"FileViewFinder.php:find","message":"view find called","data":{"name":"laravel-exceptions-renderer::components.vendor-frame"},"timestamp":1777111683269}
{"sessionId":"366302","runId":"pre-fix","hypothesisId":"H4","location":"FileViewFinder.php:find","message":"view find called","data":{"name":"laravel-exceptions-renderer::components.formatted-source"},"timestamp":1777111683270}
{"sessionId":"366302","runId":"pre-fix","hypothesisId":"H4","location":"FileViewFinder.php:find","message":"view find called","data":{"name":"laravel-exceptions-renderer::components.syntax-highlight"},"timestamp":1777111683271}
{"sessionId":"366302","runId":"pre-fix","hypothesisId":"H4","location":"FileViewFinder.php:find","message":"view find called","data":{"name":"laravel-exceptions-renderer::components.file-with-line"},"timestamp":1777111683272}
{"sessionId":"366302","runId":"pre-fix","hypothesisId":"H4","location":"FileViewFinder.php:find","message":"view find called","data":{"name":"laravel-exceptions-renderer::components.vendor-frame"},"timestamp":1777111683273}
{"sessionId":"366302","runId":"pre-fix","hypothesisId":"H4","location":"FileViewFinder.php:find","message":"view find called","data":{"name":"laravel-exceptions-renderer::components.formatted-source"},"timestamp":1777111683274}
{"sessionId":"366302","runId":"pre-fix","hypothesisId":"H4","location":"FileViewFinder.php:find","message":"view find called","data":{"name":"laravel-exceptions-renderer::components.syntax-highlight"},"timestamp":1777111683275}
{"sessionId":"366302","runId":"pre-fix","hypothesisId":"H4","location":"FileViewFinder.php:find","message":"view find called","data":{"name":"laravel-exceptions-renderer::components.file-with-line"},"timestamp":1777111683276}
{"sessionId":"366302","runId":"pre-fix","hypothesisId":"H4","location":"FileViewFinder.php:find","message":"view find called","data":{"name":"laravel-exceptions-renderer::components.vendor-frame"},"timestamp":1777111683277}
{"sessionId":"366302","runId":"pre-fix","hypothesisId":"H4","location":"FileViewFinder.php:find","message":"view find called","data":{"name":"laravel-exceptions-renderer::components.formatted-source"},"timestamp":1777111683278}
{"sessionId":"366302","runId":"pre-fix","hypothesisId":"H4","location":"FileViewFinder.php:find","message":"view find called","data":{"name":"laravel-exceptions-renderer::components.syntax-highlight"},"timestamp":1777111683279}
{"sessionId":"366302","runId":"pre-fix","hypothesisId":"H4","location":"FileViewFinder.php:find","message":"view find called","data":{"name":"laravel-exceptions-renderer::components.file-with-line"},"timestamp":1777111683280}
{"sessionId":"366302","runId":"pre-fix","hypothesisId":"H4","location":"FileViewFinder.php:find","message":"view find called","data":{"name":"laravel-exceptions-renderer::components.vendor-frame"},"timestamp":1777111683283}
{"sessionId":"366302","runId":"pre-fix","hypothesisId":"H4","location":"FileViewFinder.php:find","message":"view find called","data":{"name":"laravel-exceptions-renderer::components.formatted-source"},"timestamp":1777111683284}
{"sessionId":"366302","runId":"pre-fix","hypothesisId":"H4","location":"FileViewFinder.php:find","message":"view find called","data":{"name":"laravel-exceptions-renderer::components.syntax-highlight"},"timestamp":1777111683285}
{"sessionId":"366302","runId":"pre-fix","hypothesisId":"H4","location":"FileViewFinder.php:find","message":"view find called","data":{"name":"laravel-exceptions-renderer::components.file-with-line"},"timestamp":1777111683286}
{"sessionId":"366302","runId":"pre-fix","hypothesisId":"H4","location":"FileViewFinder.php:find","message":"view find called","data":{"name":"laravel-exceptions-renderer::components.vendor-frame"},"timestamp":1777111683287}
{"sessionId":"366302","runId":"pre-fix","hypothesisId":"H4","location":"FileViewFinder.php:find","message":"view find called","data":{"name":"laravel-exceptions-renderer::components.formatted-source"},"timestamp":1777111683288}
{"sessionId":"366302","runId":"pre-fix","hypothesisId":"H4","location":"FileViewFinder.php:find","message":"view find called","data":{"name":"laravel-exceptions-renderer::components.syntax-highlight"},"timestamp":1777111683289}
{"sessionId":"366302","runId":"pre-fix","hypothesisId":"H4","location":"FileViewFinder.php:find","message":"view find called","data":{"name":"laravel-exceptions-renderer::components.file-with-line"},"timestamp":1777111683290}
{"sessionId":"366302","runId":"pre-fix","hypothesisId":"H4","location":"FileViewFinder.php:find","message":"view find called","data":{"name":"laravel-exceptions-renderer::components.vendor-frame"},"timestamp":1777111683291}
{"sessionId":"366302","runId":"pre-fix","hypothesisId":"H4","location":"FileViewFinder.php:find","message":"view find called","data":{"name":"laravel-exceptions-renderer::components.formatted-source"},"timestamp":1777111683293}
{"sessionId":"366302","runId":"pre-fix","hypothesisId":"H4","location":"FileViewFinder.php:find","message":"view find called","data":{"name":"laravel-exceptions-renderer::components.syntax-highlight"},"timestamp":1777111683293}
{"sessionId":"366302","runId":"pre-fix","hypothesisId":"H4","location":"FileViewFinder.php:find","message":"view find called","data":{"name":"laravel-exceptions-renderer::components.file-with-line"},"timestamp":1777111683294}
{"sessionId":"366302","runId":"pre-fix","hypothesisId":"H4","location":"FileViewFinder.php:find","message":"view find called","data":{"name":"laravel-exceptions-renderer::components.vendor-frame"},"timestamp":1777111683296}
{"sessionId":"366302","runId":"pre-fix","hypothesisId":"H4","location":"FileViewFinder.php:find","message":"view find called","data":{"name":"laravel-exceptions-renderer::components.formatted-source"},"timestamp":1777111683296}
{"sessionId":"366302","runId":"pre-fix","hypothesisId":"H4","location":"FileViewFinder.php:find","message":"view find called","data":{"name":"laravel-exceptions-renderer::components.syntax-highlight"},"timestamp":1777111683298}
{"sessionId":"366302","runId":"pre-fix","hypothesisId":"H4","location":"FileViewFinder.php:find","message":"view find called","data":{"name":"laravel-exceptions-renderer::components.file-with-line"},"timestamp":1777111683300}
{"sessionId":"366302","runId":"pre-fix","hypothesisId":"H4","location":"FileViewFinder.php:find","message":"view find called","data":{"name":"laravel-exceptions-renderer::components.vendor-frame"},"timestamp":1777111683301}
{"sessionId":"366302","runId":"pre-fix","hypothesisId":"H4","location":"FileViewFinder.php:find","message":"view find called","data":{"name":"laravel-exceptions-renderer::components.formatted-source"},"timestamp":1777111683302}
{"sessionId":"366302","runId":"pre-fix","hypothesisId":"H4","location":"FileViewFinder.php:find","message":"view find called","data":{"name":"laravel-exceptions-renderer::components.syntax-highlight"},"timestamp":1777111683303}
{"sessionId":"366302","runId":"pre-fix","hypothesisId":"H4","location":"FileViewFinder.php:find","message":"view find called","data":{"name":"laravel-exceptions-renderer::components.file-with-line"},"timestamp":1777111683304}
{"sessionId":"366302","runId":"pre-fix","hypothesisId":"H4","location":"FileViewFinder.php:find","message":"view find called","data":{"name":"laravel-exceptions-renderer::components.vendor-frame"},"timestamp":1777111683305}
{"sessionId":"366302","runId":"pre-fix","hypothesisId":"H4","location":"FileViewFinder.php:find","message":"view find called","data":{"name":"laravel-exceptions-renderer::components.formatted-source"},"timestamp":1777111683306}
{"sessionId":"366302","runId":"pre-fix","hypothesisId":"H4","location":"FileViewFinder.php:find","message":"view find called","data":{"name":"laravel-exceptions-renderer::components.syntax-highlight"},"timestamp":1777111683307}
{"sessionId":"366302","runId":"pre-fix","hypothesisId":"H4","location":"FileViewFinder.php:find","message":"view find called","data":{"name":"laravel-exceptions-renderer::components.file-with-line"},"timestamp":1777111683308}
{"sessionId":"366302","runId":"pre-fix","hypothesisId":"H4","location":"FileViewFinder.php:find","message":"view find called","data":{"name":"laravel-exceptions-renderer::components.vendor-frame"},"timestamp":1777111683309}
{"sessionId":"366302","runId":"pre-fix","hypothesisId":"H4","location":"FileViewFinder.php:find","message":"view find called","data":{"name":"laravel-exceptions-renderer::components.formatted-source"},"timestamp":1777111683310}
{"sessionId":"366302","runId":"pre-fix","hypothesisId":"H4","location":"FileViewFinder.php:find","message":"view find called","data":{"name":"laravel-exceptions-renderer::components.syntax-highlight"},"timestamp":1777111683311}
{"sessionId":"366302","runId":"pre-fix","hypothesisId":"H4","location":"FileViewFinder.php:find","message":"view find called","data":{"name":"laravel-exceptions-renderer::components.file-with-line"},"timestamp":1777111683312}
{"sessionId":"366302","runId":"pre-fix","hypothesisId":"H4","location":"FileViewFinder.php:find","message":"view find called","data":{"name":"laravel-exceptions-renderer::components.vendor-frame"},"timestamp":1777111683313}
{"sessionId":"366302","runId":"pre-fix","hypothesisId":"H4","location":"FileViewFinder.php:find","message":"view find called","data":{"name":"laravel-exceptions-renderer::components.formatted-source"},"timestamp":1777111683314}
{"sessionId":"366302","runId":"pre-fix","hypothesisId":"H4","location":"FileViewFinder.php:find","message":"view find called","data":{"name":"laravel-exceptions-renderer::components.syntax-highlight"},"timestamp":1777111683316}
{"sessionId":"366302","runId":"pre-fix","hypothesisId":"H4","location":"FileViewFinder.php:find","message":"view find called","data":{"name":"laravel-exceptions-renderer::components.file-with-line"},"timestamp":1777111683317}
{"sessionId":"366302","runId":"pre-fix","hypothesisId":"H4","location":"FileViewFinder.php:find","message":"view find called","data":{"name":"laravel-exceptions-renderer::components.vendor-frame"},"timestamp":1777111683318}
{"sessionId":"366302","runId":"pre-fix","hypothesisId":"H4","location":"FileViewFinder.php:find","message":"view find called","data":{"name":"laravel-exceptions-renderer::components.formatted-source"},"timestamp":1777111683319}
{"sessionId":"366302","runId":"pre-fix","hypothesisId":"H4","location":"FileViewFinder.php:find","message":"view find called","data":{"name":"laravel-exceptions-renderer::components.syntax-highlight"},"timestamp":1777111683320}
{"sessionId":"366302","runId":"pre-fix","hypothesisId":"H4","location":"FileViewFinder.php:find","message":"view find called","data":{"name":"laravel-exceptions-renderer::components.file-with-line"},"timestamp":1777111683321}
{"sessionId":"366302","runId":"pre-fix","hypothesisId":"H4","location":"FileViewFinder.php:find","message":"view find called","data":{"name":"laravel-exceptions-renderer::components.vendor-frame"},"timestamp":1777111683322}
{"sessionId":"366302","runId":"pre-fix","hypothesisId":"H4","location":"FileViewFinder.php:find","message":"view find called","data":{"name":"laravel-exceptions-renderer::components.formatted-source"},"timestamp":1777111683323}
{"sessionId":"366302","runId":"pre-fix","hypothesisId":"H4","location":"FileViewFinder.php:find","message":"view find called","data":{"name":"laravel-exceptions-renderer::components.syntax-highlight"},"timestamp":1777111683324}
{"sessionId":"366302","runId":"pre-fix","hypothesisId":"H4","location":"FileViewFinder.php:find","message":"view find called","data":{"name":"laravel-exceptions-renderer::components.file-with-line"},"timestamp":1777111683325}
{"sessionId":"366302","runId":"pre-fix","hypothesisId":"H4","location":"FileViewFinder.php:find","message":"view find called","data":{"name":"laravel-exceptions-renderer::components.vendor-frame"},"timestamp":1777111683326}
{"sessionId":"366302","runId":"pre-fix","hypothesisId":"H4","location":"FileViewFinder.php:find","message":"view find called","data":{"name":"laravel-exceptions-renderer::components.formatted-source"},"timestamp":1777111683327}
{"sessionId":"366302","runId":"pre-fix","hypothesisId":"H4","location":"FileViewFinder.php:find","message":"view find called","data":{"name":"laravel-exceptions-renderer::components.syntax-highlight"},"timestamp":1777111683328}
{"sessionId":"366302","runId":"pre-fix","hypothesisId":"H4","location":"FileViewFinder.php:find","message":"view find called","data":{"name":"laravel-exceptions-renderer::components.file-with-line"},"timestamp":1777111683330}
{"sessionId":"366302","runId":"pre-fix","hypothesisId":"H4","location":"FileViewFinder.php:find","message":"view find called","data":{"name":"laravel-exceptions-renderer::components.vendor-frame"},"timestamp":1777111683332}
{"sessionId":"366302","runId":"pre-fix","hypothesisId":"H4","location":"FileViewFinder.php:find","message":"view find called","data":{"name":"laravel-exceptions-renderer::components.formatted-source"},"timestamp":1777111683333}
{"sessionId":"366302","runId":"pre-fix","hypothesisId":"H4","location":"FileViewFinder.php:find","message":"view find called","data":{"name":"laravel-exceptions-renderer::components.syntax-highlight"},"timestamp":1777111683334}
{"sessionId":"366302","runId":"pre-fix","hypothesisId":"H4","location":"FileViewFinder.php:find","message":"view find called","data":{"name":"laravel-exceptions-renderer::components.file-with-line"},"timestamp":1777111683335}
{"sessionId":"366302","runId":"pre-fix","hypothesisId":"H4","location":"FileViewFinder.php:find","message":"view find called","data":{"name":"laravel-exceptions-renderer::components.vendor-frame"},"timestamp":1777111683336}
{"sessionId":"366302","runId":"pre-fix","hypothesisId":"H4","location":"FileViewFinder.php:find","message":"view find called","data":{"name":"laravel-exceptions-renderer::components.formatted-source"},"timestamp":1777111683337}
{"sessionId":"366302","runId":"pre-fix","hypothesisId":"H4","location":"FileViewFinder.php:find","message":"view find called","data":{"name":"laravel-exceptions-renderer::components.syntax-highlight"},"timestamp":1777111683338}
{"sessionId":"366302","runId":"pre-fix","hypothesisId":"H4","location":"FileViewFinder.php:find","message":"view find called","data":{"name":"laravel-exceptions-renderer::components.file-with-line"},"timestamp":1777111683339}
{"sessionId":"366302","runId":"pre-fix","hypothesisId":"H4","location":"FileViewFinder.php:find","message":"view find called","data":{"name":"laravel-exceptions-renderer::components.vendor-frame"},"timestamp":1777111683340}
{"sessionId":"366302","runId":"pre-fix","hypothesisId":"H4","location":"FileViewFinder.php:find","message":"view find called","data":{"name":"laravel-exceptions-renderer::components.formatted-source"},"timestamp":1777111683341}
{"sessionId":"366302","runId":"pre-fix","hypothesisId":"H4","location":"FileViewFinder.php:find","message":"view find called","data":{"name":"laravel-exceptions-renderer::components.syntax-highlight"},"timestamp":1777111683342}
{"sessionId":"366302","runId":"pre-fix","hypothesisId":"H4","location":"FileViewFinder.php:find","message":"view find called","data":{"name":"laravel-exceptions-renderer::components.file-with-line"},"timestamp":1777111683343}
{"sessionId":"366302","runId":"pre-fix","hypothesisId":"H4","location":"FileViewFinder.php:find","message":"view find called","data":{"name":"laravel-exceptions-renderer::components.vendor-frame"},"timestamp":1777111683344}
{"sessionId":"366302","runId":"pre-fix","hypothesisId":"H4","location":"FileViewFinder.php:find","message":"view find called","data":{"name":"laravel-exceptions-renderer::components.formatted-source"},"timestamp":1777111683345}
{"sessionId":"366302","runId":"pre-fix","hypothesisId":"H4","location":"FileViewFinder.php:find","message":"view find called","data":{"name":"laravel-exceptions-renderer::components.syntax-highlight"},"timestamp":1777111683346}
{"sessionId":"366302","runId":"pre-fix","hypothesisId":"H4","location":"FileViewFinder.php:find","message":"view find called","data":{"name":"laravel-exceptions-renderer::components.file-with-line"},"timestamp":1777111683347}
{"sessionId":"366302","runId":"pre-fix","hypothesisId":"H4","location":"FileViewFinder.php:find","message":"view find called","data":{"name":"laravel-exceptions-renderer::components.vendor-frame"},"timestamp":1777111683349}
{"sessionId":"366302","runId":"pre-fix","hypothesisId":"H4","location":"FileViewFinder.php:find","message":"view find called","data":{"name":"laravel-exceptions-renderer::components.formatted-source"},"timestamp":1777111683350}
{"sessionId":"366302","runId":"pre-fix","hypothesisId":"H4","location":"FileViewFinder.php:find","message":"view find called","data":{"name":"laravel-exceptions-renderer::components.syntax-highlight"},"timestamp":1777111683351}
{"sessionId":"366302","runId":"pre-fix","hypothesisId":"H4","location":"FileViewFinder.php:find","message":"view find called","data":{"name":"laravel-exceptions-renderer::components.file-with-line"},"timestamp":1777111683352}
{"sessionId":"366302","runId":"pre-fix","hypothesisId":"H4","location":"FileViewFinder.php:find","message":"view find called","data":{"name":"laravel-exceptions-renderer::components.vendor-frame"},"timestamp":1777111683353}
{"sessionId":"366302","runId":"pre-fix","hypothesisId":"H4","location":"FileViewFinder.php:find","message":"view find called","data":{"name":"laravel-exceptions-renderer::components.formatted-source"},"timestamp":1777111683354}
{"sessionId":"366302","runId":"pre-fix","hypothesisId":"H4","location":"FileViewFinder.php:find","message":"view find called","data":{"name":"laravel-exceptions-renderer::components.syntax-highlight"},"timestamp":1777111683355}
{"sessionId":"366302","runId":"pre-fix","hypothesisId":"H4","location":"FileViewFinder.php:find","message":"view find called","data":{"name":"laravel-exceptions-renderer::components.file-with-line"},"timestamp":1777111683356}
{"sessionId":"366302","runId":"pre-fix","hypothesisId":"H4","location":"FileViewFinder.php:find","message":"view find called","data":{"name":"laravel-exceptions-renderer::components.vendor-frame"},"timestamp":1777111683357}
{"sessionId":"366302","runId":"pre-fix","hypothesisId":"H4","location":"FileViewFinder.php:find","message":"view find called","data":{"name":"laravel-exceptions-renderer::components.formatted-source"},"timestamp":1777111683358}
{"sessionId":"366302","runId":"pre-fix","hypothesisId":"H4","location":"FileViewFinder.php:find","message":"view find called","data":{"name":"laravel-exceptions-renderer::components.syntax-highlight"},"timestamp":1777111683359}
{"sessionId":"366302","runId":"pre-fix","hypothesisId":"H4","location":"FileViewFinder.php:find","message":"view find called","data":{"name":"laravel-exceptions-renderer::components.file-with-line"},"timestamp":1777111683360}
{"sessionId":"366302","runId":"pre-fix","hypothesisId":"H4","location":"FileViewFinder.php:find","message":"view find called","data":{"name":"laravel-exceptions-renderer::components.vendor-frame"},"timestamp":1777111683362}
{"sessionId":"366302","runId":"pre-fix","hypothesisId":"H4","location":"FileViewFinder.php:find","message":"view find called","data":{"name":"laravel-exceptions-renderer::components.formatted-source"},"timestamp":1777111683363}
{"sessionId":"366302","runId":"pre-fix","hypothesisId":"H4","location":"FileViewFinder.php:find","message":"view find called","data":{"name":"laravel-exceptions-renderer::components.syntax-highlight"},"timestamp":1777111683365}
{"sessionId":"366302","runId":"pre-fix","hypothesisId":"H4","location":"FileViewFinder.php:find","message":"view find called","data":{"name":"laravel-exceptions-renderer::components.file-with-line"},"timestamp":1777111683367}
{"sessionId":"366302","runId":"pre-fix","hypothesisId":"H4","location":"FileViewFinder.php:find","message":"view find called","data":{"name":"laravel-exceptions-renderer::components.vendor-frame"},"timestamp":1777111683368}
{"sessionId":"366302","runId":"pre-fix","hypothesisId":"H4","location":"FileViewFinder.php:find","message":"view find called","data":{"name":"laravel-exceptions-renderer::components.formatted-source"},"timestamp":1777111683369}
{"sessionId":"366302","runId":"pre-fix","hypothesisId":"H4","location":"FileViewFinder.php:find","message":"view find called","data":{"name":"laravel-exceptions-renderer::components.syntax-highlight"},"timestamp":1777111683370}
{"sessionId":"366302","runId":"pre-fix","hypothesisId":"H4","location":"FileViewFinder.php:find","message":"view find called","data":{"name":"laravel-exceptions-renderer::components.file-with-line"},"timestamp":1777111683372}
{"sessionId":"366302","runId":"pre-fix","hypothesisId":"H4","location":"FileViewFinder.php:find","message":"view find called","data":{"name":"laravel-exceptions-renderer::components.vendor-frame"},"timestamp":1777111683374}
{"sessionId":"366302","runId":"pre-fix","hypothesisId":"H4","location":"FileViewFinder.php:find","message":"view find called","data":{"name":"laravel-exceptions-renderer::components.formatted-source"},"timestamp":1777111683375}
{"sessionId":"366302","runId":"pre-fix","hypothesisId":"H4","location":"FileViewFinder.php:find","message":"view find called","data":{"name":"laravel-exceptions-renderer::components.syntax-highlight"},"timestamp":1777111683377}
{"sessionId":"366302","runId":"pre-fix","hypothesisId":"H4","location":"FileViewFinder.php:find","message":"view find called","data":{"name":"laravel-exceptions-renderer::components.file-with-line"},"timestamp":1777111683378}
{"sessionId":"366302","runId":"pre-fix","hypothesisId":"H4","location":"FileViewFinder.php:find","message":"view find called","data":{"name":"laravel-exceptions-renderer::components.vendor-frame"},"timestamp":1777111683379}
{"sessionId":"366302","runId":"pre-fix","hypothesisId":"H4","location":"FileViewFinder.php:find","message":"view find called","data":{"name":"laravel-exceptions-renderer::components.formatted-source"},"timestamp":1777111683380}
{"sessionId":"366302","runId":"pre-fix","hypothesisId":"H4","location":"FileViewFinder.php:find","message":"view find called","data":{"name":"laravel-exceptions-renderer::components.syntax-highlight"},"timestamp":1777111683382}
{"sessionId":"366302","runId":"pre-fix","hypothesisId":"H4","location":"FileViewFinder.php:find","message":"view find called","data":{"name":"laravel-exceptions-renderer::components.file-with-line"},"timestamp":1777111683383}
{"sessionId":"366302","runId":"pre-fix","hypothesisId":"H4","location":"FileViewFinder.php:find","message":"view find called","data":{"name":"laravel-exceptions-renderer::components.vendor-frame"},"timestamp":1777111683385}
{"sessionId":"366302","runId":"pre-fix","hypothesisId":"H4","location":"FileViewFinder.php:find","message":"view find called","data":{"name":"laravel-exceptions-renderer::components.formatted-source"},"timestamp":1777111683386}
{"sessionId":"366302","runId":"pre-fix","hypothesisId":"H4","location":"FileViewFinder.php:find","message":"view find called","data":{"name":"laravel-exceptions-renderer::components.syntax-highlight"},"timestamp":1777111683387}
{"sessionId":"366302","runId":"pre-fix","hypothesisId":"H4","location":"FileViewFinder.php:find","message":"view find called","data":{"name":"laravel-exceptions-renderer::components.file-with-line"},"timestamp":1777111683388}
{"sessionId":"366302","runId":"pre-fix","hypothesisId":"H4","location":"FileViewFinder.php:find","message":"view find called","data":{"name":"laravel-exceptions-renderer::components.vendor-frame"},"timestamp":1777111683390}
{"sessionId":"366302","runId":"pre-fix","hypothesisId":"H4","location":"FileViewFinder.php:find","message":"view find called","data":{"name":"laravel-exceptions-renderer::components.formatted-source"},"timestamp":1777111683391}
{"sessionId":"366302","runId":"pre-fix","hypothesisId":"H4","location":"FileViewFinder.php:find","message":"view find called","data":{"name":"laravel-exceptions-renderer::components.syntax-highlight"},"timestamp":1777111683393}
{"sessionId":"366302","runId":"pre-fix","hypothesisId":"H4","location":"FileViewFinder.php:find","message":"view find called","data":{"name":"laravel-exceptions-renderer::components.file-with-line"},"timestamp":1777111683394}
{"sessionId":"366302","runId":"pre-fix","hypothesisId":"H4","location":"FileViewFinder.php:find","message":"view find called","data":{"name":"laravel-exceptions-renderer::components.vendor-frame"},"timestamp":1777111683396}
{"sessionId":"366302","runId":"pre-fix","hypothesisId":"H4","location":"FileViewFinder.php:find","message":"view find called","data":{"name":"laravel-exceptions-renderer::components.formatted-source"},"timestamp":1777111683397}
{"sessionId":"366302","runId":"pre-fix","hypothesisId":"H4","location":"FileViewFinder.php:find","message":"view find called","data":{"name":"laravel-exceptions-renderer::components.syntax-highlight"},"timestamp":1777111683399}
{"sessionId":"366302","runId":"pre-fix","hypothesisId":"H4","location":"FileViewFinder.php:find","message":"view find called","data":{"name":"laravel-exceptions-renderer::components.file-with-line"},"timestamp":1777111683401}
{"sessionId":"366302","runId":"pre-fix","hypothesisId":"H4","location":"FileViewFinder.php:find","message":"view find called","data":{"name":"laravel-exceptions-renderer::components.vendor-frame"},"timestamp":1777111683402}
{"sessionId":"366302","runId":"pre-fix","hypothesisId":"H4","location":"FileViewFinder.php:find","message":"view find called","data":{"name":"laravel-exceptions-renderer::components.formatted-source"},"timestamp":1777111683403}
{"sessionId":"366302","runId":"pre-fix","hypothesisId":"H4","location":"FileViewFinder.php:find","message":"view find called","data":{"name":"laravel-exceptions-renderer::components.syntax-highlight"},"timestamp":1777111683405}
{"sessionId":"366302","runId":"pre-fix","hypothesisId":"H4","location":"FileViewFinder.php:find","message":"view find called","data":{"name":"laravel-exceptions-renderer::components.file-with-line"},"timestamp":1777111683406}
{"sessionId":"366302","runId":"pre-fix","hypothesisId":"H4","location":"FileViewFinder.php:find","message":"view find called","data":{"name":"laravel-exceptions-renderer::components.vendor-frame"},"timestamp":1777111683407}
{"sessionId":"366302","runId":"pre-fix","hypothesisId":"H4","location":"FileViewFinder.php:find","message":"view find called","data":{"name":"laravel-exceptions-renderer::components.formatted-source"},"timestamp":1777111683409}
{"sessionId":"366302","runId":"pre-fix","hypothesisId":"H4","location":"FileViewFinder.php:find","message":"view find called","data":{"name":"laravel-exceptions-renderer::components.syntax-highlight"},"timestamp":1777111683410}
{"sessionId":"366302","runId":"pre-fix","hypothesisId":"H4","location":"FileViewFinder.php:find","message":"view find called","data":{"name":"laravel-exceptions-renderer::components.file-with-line"},"timestamp":1777111683411}
{"sessionId":"366302","runId":"pre-fix","hypothesisId":"H4","location":"FileViewFinder.php:find","message":"view find called","data":{"name":"laravel-exceptions-renderer::components.vendor-frame"},"timestamp":1777111683412}
{"sessionId":"366302","runId":"pre-fix","hypothesisId":"H4","location":"FileViewFinder.php:find","message":"view find called","data":{"name":"laravel-exceptions-renderer::components.formatted-source"},"timestamp":1777111683413}
{"sessionId":"366302","runId":"pre-fix","hypothesisId":"H4","location":"FileViewFinder.php:find","message":"view find called","data":{"name":"laravel-exceptions-renderer::components.syntax-highlight"},"timestamp":1777111683415}
{"sessionId":"366302","runId":"pre-fix","hypothesisId":"H4","location":"FileViewFinder.php:find","message":"view find called","data":{"name":"laravel-exceptions-renderer::components.file-with-line"},"timestamp":1777111683417}
{"sessionId":"366302","runId":"pre-fix","hypothesisId":"H4","location":"FileViewFinder.php:find","message":"view find called","data":{"name":"laravel-exceptions-renderer::components.vendor-frame"},"timestamp":1777111683419}
{"sessionId":"366302","runId":"pre-fix","hypothesisId":"H4","location":"FileViewFinder.php:find","message":"view find called","data":{"name":"laravel-exceptions-renderer::components.formatted-source"},"timestamp":1777111683420}
{"sessionId":"366302","runId":"pre-fix","hypothesisId":"H4","location":"FileViewFinder.php:find","message":"view find called","data":{"name":"laravel-exceptions-renderer::components.syntax-highlight"},"timestamp":1777111683421}
{"sessionId":"366302","runId":"pre-fix","hypothesisId":"H4","location":"FileViewFinder.php:find","message":"view find called","data":{"name":"laravel-exceptions-renderer::components.file-with-line"},"timestamp":1777111683423}
{"sessionId":"366302","runId":"pre-fix","hypothesisId":"H4","location":"FileViewFinder.php:find","message":"view find called","data":{"name":"laravel-exceptions-renderer::components.vendor-frame"},"timestamp":1777111683424}
{"sessionId":"366302","runId":"pre-fix","hypothesisId":"H4","location":"FileViewFinder.php:find","message":"view find called","data":{"name":"laravel-exceptions-renderer::components.formatted-source"},"timestamp":1777111683425}
{"sessionId":"366302","runId":"pre-fix","hypothesisId":"H4","location":"FileViewFinder.php:find","message":"view find called","data":{"name":"laravel-exceptions-renderer::components.syntax-highlight"},"timestamp":1777111683426}
{"sessionId":"366302","runId":"pre-fix","hypothesisId":"H4","location":"FileViewFinder.php:find","message":"view find called","data":{"name":"laravel-exceptions-renderer::components.file-with-line"},"timestamp":1777111683427}
{"sessionId":"366302","runId":"pre-fix","hypothesisId":"H4","location":"FileViewFinder.php:find","message":"view find called","data":{"name":"laravel-exceptions-renderer::components.vendor-frame"},"timestamp":1777111683429}
{"sessionId":"366302","runId":"pre-fix","hypothesisId":"H4","location":"FileViewFinder.php:find","message":"view find called","data":{"name":"laravel-exceptions-renderer::components.formatted-source"},"timestamp":1777111683430}
{"sessionId":"366302","runId":"pre-fix","hypothesisId":"H4","location":"FileViewFinder.php:find","message":"view find called","data":{"name":"laravel-exceptions-renderer::components.syntax-highlight"},"timestamp":1777111683431}
{"sessionId":"366302","runId":"pre-fix","hypothesisId":"H4","location":"FileViewFinder.php:find","message":"view find called","data":{"name":"laravel-exceptions-renderer::components.file-with-line"},"timestamp":1777111683432}
{"sessionId":"366302","runId":"pre-fix","hypothesisId":"H4","location":"FileViewFinder.php:find","message":"view find called","data":{"name":"laravel-exceptions-renderer::components.vendor-frame"},"timestamp":1777111683434}
{"sessionId":"366302","runId":"pre-fix","hypothesisId":"H4","location":"FileViewFinder.php:find","message":"view find called","data":{"name":"laravel-exceptions-renderer::components.formatted-source"},"timestamp":1777111683435}
{"sessionId":"366302","runId":"pre-fix","hypothesisId":"H4","location":"FileViewFinder.php:find","message":"view find called","data":{"name":"laravel-exceptions-renderer::components.syntax-highlight"},"timestamp":1777111683436}
{"sessionId":"366302","runId":"pre-fix","hypothesisId":"H4","location":"FileViewFinder.php:find","message":"view find called","data":{"name":"laravel-exceptions-renderer::components.file-with-line"},"timestamp":1777111683437}
{"sessionId":"366302","runId":"pre-fix","hypothesisId":"H4","location":"FileViewFinder.php:find","message":"view find called","data":{"name":"laravel-exceptions-renderer::components.vendor-frame"},"timestamp":1777111683439}
{"sessionId":"366302","runId":"pre-fix","hypothesisId":"H4","location":"FileViewFinder.php:find","message":"view find called","data":{"name":"laravel-exceptions-renderer::components.formatted-source"},"timestamp":1777111683440}
{"sessionId":"366302","runId":"pre-fix","hypothesisId":"H4","location":"FileViewFinder.php:find","message":"view find called","data":{"name":"laravel-exceptions-renderer::components.syntax-highlight"},"timestamp":1777111683441}
{"sessionId":"366302","runId":"pre-fix","hypothesisId":"H4","location":"FileViewFinder.php:find","message":"view find called","data":{"name":"laravel-exceptions-renderer::components.file-with-line"},"timestamp":1777111683442}
{"sessionId":"366302","runId":"pre-fix","hypothesisId":"H4","location":"FileViewFinder.php:find","message":"view find called","data":{"name":"laravel-exceptions-renderer::components.vendor-frame"},"timestamp":1777111683443}
{"sessionId":"366302","runId":"pre-fix","hypothesisId":"H4","location":"FileViewFinder.php:find","message":"view find called","data":{"name":"laravel-exceptions-renderer::components.formatted-source"},"timestamp":1777111683444}
{"sessionId":"366302","runId":"pre-fix","hypothesisId":"H4","location":"FileViewFinder.php:find","message":"view find called","data":{"name":"laravel-exceptions-renderer::components.syntax-highlight"},"timestamp":1777111683446}
{"sessionId":"366302","runId":"pre-fix","hypothesisId":"H4","location":"FileViewFinder.php:find","message":"view find called","data":{"name":"laravel-exceptions-renderer::components.file-with-line"},"timestamp":1777111683447}
{"sessionId":"366302","runId":"pre-fix","hypothesisId":"H4","location":"FileViewFinder.php:find","message":"view find called","data":{"name":"laravel-exceptions-renderer::components.vendor-frame"},"timestamp":1777111683449}
{"sessionId":"366302","runId":"pre-fix","hypothesisId":"H4","location":"FileViewFinder.php:find","message":"view find called","data":{"name":"laravel-exceptions-renderer::components.formatted-source"},"timestamp":1777111683450}
{"sessionId":"366302","runId":"pre-fix","hypothesisId":"H4","location":"FileViewFinder.php:find","message":"view find called","data":{"name":"laravel-exceptions-renderer::components.syntax-highlight"},"timestamp":1777111683452}
{"sessionId":"366302","runId":"pre-fix","hypothesisId":"H4","location":"FileViewFinder.php:find","message":"view find called","data":{"name":"laravel-exceptions-renderer::components.file-with-line"},"timestamp":1777111683453}
{"sessionId":"366302","runId":"pre-fix","hypothesisId":"H4","location":"FileViewFinder.php:find","message":"view find called","data":{"name":"laravel-exceptions-renderer::components.vendor-frame"},"timestamp":1777111683454}
{"sessionId":"366302","runId":"pre-fix","hypothesisId":"H4","location":"FileViewFinder.php:find","message":"view find called","data":{"name":"laravel-exceptions-renderer::components.formatted-source"},"timestamp":1777111683455}
{"sessionId":"366302","runId":"pre-fix","hypothesisId":"H4","location":"FileViewFinder.php:find","message":"view find called","data":{"name":"laravel-exceptions-renderer::components.syntax-highlight"},"timestamp":1777111683456}
{"sessionId":"366302","runId":"pre-fix","hypothesisId":"H4","location":"FileViewFinder.php:find","message":"view find called","data":{"name":"laravel-exceptions-renderer::components.file-with-line"},"timestamp":1777111683457}
{"sessionId":"366302","runId":"pre-fix","hypothesisId":"H4","location":"FileViewFinder.php:find","message":"view find called","data":{"name":"laravel-exceptions-renderer::components.vendor-frame"},"timestamp":1777111683458}
{"sessionId":"366302","runId":"pre-fix","hypothesisId":"H4","location":"FileViewFinder.php:find","message":"view find called","data":{"name":"laravel-exceptions-renderer::components.formatted-source"},"timestamp":1777111683459}
{"sessionId":"366302","runId":"pre-fix","hypothesisId":"H4","location":"FileViewFinder.php:find","message":"view find called","data":{"name":"laravel-exceptions-renderer::components.syntax-highlight"},"timestamp":1777111683460}
{"sessionId":"366302","runId":"pre-fix","hypothesisId":"H4","location":"FileViewFinder.php:find","message":"view find called","data":{"name":"laravel-exceptions-renderer::components.file-with-line"},"timestamp":1777111683461}
{"sessionId":"366302","runId":"pre-fix","hypothesisId":"H4","location":"FileViewFinder.php:find","message":"view find called","data":{"name":"laravel-exceptions-renderer::components.vendor-frame"},"timestamp":1777111683463}
{"sessionId":"366302","runId":"pre-fix","hypothesisId":"H4","location":"FileViewFinder.php:find","message":"view find called","data":{"name":"laravel-exceptions-renderer::components.formatted-source"},"timestamp":1777111683464}
{"sessionId":"366302","runId":"pre-fix","hypothesisId":"H4","location":"FileViewFinder.php:find","message":"view find called","data":{"name":"laravel-exceptions-renderer::components.syntax-highlight"},"timestamp":1777111683465}
{"sessionId":"366302","runId":"pre-fix","hypothesisId":"H4","location":"FileViewFinder.php:find","message":"view find called","data":{"name":"laravel-exceptions-renderer::components.file-with-line"},"timestamp":1777111683467}
{"sessionId":"366302","runId":"pre-fix","hypothesisId":"H4","location":"FileViewFinder.php:find","message":"view find called","data":{"name":"laravel-exceptions-renderer::components.vendor-frame"},"timestamp":1777111683468}
{"sessionId":"366302","runId":"pre-fix","hypothesisId":"H4","location":"FileViewFinder.php:find","message":"view find called","data":{"name":"laravel-exceptions-renderer::components.formatted-source"},"timestamp":1777111683469}
{"sessionId":"366302","runId":"pre-fix","hypothesisId":"H4","location":"FileViewFinder.php:find","message":"view find called","data":{"name":"laravel-exceptions-renderer::components.syntax-highlight"},"timestamp":1777111683470}
{"sessionId":"366302","runId":"pre-fix","hypothesisId":"H4","location":"FileViewFinder.php:find","message":"view find called","data":{"name":"laravel-exceptions-renderer::components.file-with-line"},"timestamp":1777111683471}
{"sessionId":"366302","runId":"pre-fix","hypothesisId":"H4","location":"FileViewFinder.php:find","message":"view find called","data":{"name":"laravel-exceptions-renderer::components.vendor-frame"},"timestamp":1777111683473}
{"sessionId":"366302","runId":"pre-fix","hypothesisId":"H4","location":"FileViewFinder.php:find","message":"view find called","data":{"name":"laravel-exceptions-renderer::components.formatted-source"},"timestamp":1777111683474}
{"sessionId":"366302","runId":"pre-fix","hypothesisId":"H4","location":"FileViewFinder.php:find","message":"view find called","data":{"name":"laravel-exceptions-renderer::components.syntax-highlight"},"timestamp":1777111683475}
{"sessionId":"366302","runId":"pre-fix","hypothesisId":"H4","location":"FileViewFinder.php:find","message":"view find called","data":{"name":"laravel-exceptions-renderer::components.file-with-line"},"timestamp":1777111683476}
{"sessionId":"366302","runId":"pre-fix","hypothesisId":"H4","location":"FileViewFinder.php:find","message":"view find called","data":{"name":"laravel-exceptions-renderer::components.vendor-frame"},"timestamp":1777111683477}
{"sessionId":"366302","runId":"pre-fix","hypothesisId":"H4","location":"FileViewFinder.php:find","message":"view find called","data":{"name":"laravel-exceptions-renderer::components.formatted-source"},"timestamp":1777111683478}
{"sessionId":"366302","runId":"pre-fix","hypothesisId":"H4","location":"FileViewFinder.php:find","message":"view find called","data":{"name":"laravel-exceptions-renderer::components.syntax-highlight"},"timestamp":1777111683479}
{"sessionId":"366302","runId":"pre-fix","hypothesisId":"H4","location":"FileViewFinder.php:find","message":"view find called","data":{"name":"laravel-exceptions-renderer::components.file-with-line"},"timestamp":1777111683480}
{"sessionId":"366302","runId":"pre-fix","hypothesisId":"H4","location":"FileViewFinder.php:find","message":"view find called","data":{"name":"laravel-exceptions-renderer::components.vendor-frame"},"timestamp":1777111683483}
{"sessionId":"366302","runId":"pre-fix","hypothesisId":"H4","location":"FileViewFinder.php:find","message":"view find called","data":{"name":"laravel-exceptions-renderer::components.formatted-source"},"timestamp":1777111683484}
{"sessionId":"366302","runId":"pre-fix","hypothesisId":"H4","location":"FileViewFinder.php:find","message":"view find called","data":{"name":"laravel-exceptions-renderer::components.syntax-highlight"},"timestamp":1777111683485}
{"sessionId":"366302","runId":"pre-fix","hypothesisId":"H4","location":"FileViewFinder.php:find","message":"view find called","data":{"name":"laravel-exceptions-renderer::components.file-with-line"},"timestamp":1777111683486}
{"sessionId":"366302","runId":"pre-fix","hypothesisId":"H4","location":"FileViewFinder.php:find","message":"view find called","data":{"name":"laravel-exceptions-renderer::components.vendor-frame"},"timestamp":1777111683488}
{"sessionId":"366302","runId":"pre-fix","hypothesisId":"H4","location":"FileViewFinder.php:find","message":"view find called","data":{"name":"laravel-exceptions-renderer::components.formatted-source"},"timestamp":1777111683489}
{"sessionId":"366302","runId":"pre-fix","hypothesisId":"H4","location":"FileViewFinder.php:find","message":"view find called","data":{"name":"laravel-exceptions-renderer::components.syntax-highlight"},"timestamp":1777111683490}
{"sessionId":"366302","runId":"pre-fix","hypothesisId":"H4","location":"FileViewFinder.php:find","message":"view find called","data":{"name":"laravel-exceptions-renderer::components.file-with-line"},"timestamp":1777111683491}
{"sessionId":"366302","runId":"pre-fix","hypothesisId":"H4","location":"FileViewFinder.php:find","message":"view find called","data":{"name":"laravel-exceptions-renderer::components.frame"},"timestamp":1777111683492}
{"sessionId":"366302","runId":"pre-fix","hypothesisId":"H4","location":"FileViewFinder.php:find","message":"view find called","data":{"name":"laravel-exceptions-renderer::components.frame"},"timestamp":1777111683493}
{"sessionId":"366302","runId":"pre-fix","hypothesisId":"H2","location":"ComponentTagCompiler.php:componentString","message":"component tag compiled","data":{"component":"laravel-exceptions-renderer::formatted-source"},"timestamp":1777111683522}
{"sessionId":"366302","runId":"pre-fix","hypothesisId":"H3","location":"ComponentTagCompiler.php:guessAnonymousComponentUsingNamespaces","message":"checking anonymous component namespaces","data":{"component":"laravel-exceptions-renderer::formatted-source","registeredNamespaces":[]},"timestamp":1777111683522}
{"sessionId":"366302","runId":"pre-fix","hypothesisId":"H4","location":"FileViewFinder.php:find","message":"view find called","data":{"name":"laravel-exceptions-renderer::components.formatted-source"},"timestamp":1777111683523}
{"sessionId":"366302","runId":"pre-fix","hypothesisId":"H2","location":"ComponentTagCompiler.php:componentString","message":"component tag compiled","data":{"component":"laravel-exceptions-renderer::file-with-line"},"timestamp":1777111683523}
{"sessionId":"366302","runId":"pre-fix","hypothesisId":"H3","location":"ComponentTagCompiler.php:guessAnonymousComponentUsingNamespaces","message":"checking anonymous component namespaces","data":{"component":"laravel-exceptions-renderer::file-with-line","registeredNamespaces":[]},"timestamp":1777111683524}
{"sessionId":"366302","runId":"pre-fix","hypothesisId":"H4","location":"FileViewFinder.php:find","message":"view find called","data":{"name":"laravel-exceptions-renderer::components.file-with-line"},"timestamp":1777111683524}
{"sessionId":"366302","runId":"pre-fix","hypothesisId":"H2","location":"ComponentTagCompiler.php:componentString","message":"component tag compiled","data":{"component":"laravel-exceptions-renderer::icons.chevrons-down-up"},"timestamp":1777111683525}
{"sessionId":"366302","runId":"pre-fix","hypothesisId":"H3","location":"ComponentTagCompiler.php:guessAnonymousComponentUsingNamespaces","message":"checking anonymous component namespaces","data":{"component":"laravel-exceptions-renderer::icons.chevrons-down-up","registeredNamespaces":[]},"timestamp":1777111683525}
{"sessionId":"366302","runId":"pre-fix","hypothesisId":"H4","location":"FileViewFinder.php:find","message":"view find called","data":{"name":"laravel-exceptions-renderer::components.icons.chevrons-down-up"},"timestamp":1777111683526}
{"sessionId":"366302","runId":"pre-fix","hypothesisId":"H2","location":"ComponentTagCompiler.php:componentString","message":"component tag compiled","data":{"component":"laravel-exceptions-renderer::icons.chevrons-up-down"},"timestamp":1777111683526}
{"sessionId":"366302","runId":"pre-fix","hypothesisId":"H3","location":"ComponentTagCompiler.php:guessAnonymousComponentUsingNamespaces","message":"checking anonymous component namespaces","data":{"component":"laravel-exceptions-renderer::icons.chevrons-up-down","registeredNamespaces":[]},"timestamp":1777111683527}
{"sessionId":"366302","runId":"pre-fix","hypothesisId":"H4","location":"FileViewFinder.php:find","message":"view find called","data":{"name":"laravel-exceptions-renderer::components.icons.chevrons-up-down"},"timestamp":1777111683527}
{"sessionId":"366302","runId":"pre-fix","hypothesisId":"H2","location":"ComponentTagCompiler.php:componentString","message":"component tag compiled","data":{"component":"laravel-exceptions-renderer::frame-code"},"timestamp":1777111683527}
{"sessionId":"366302","runId":"pre-fix","hypothesisId":"H3","location":"ComponentTagCompiler.php:guessAnonymousComponentUsingNamespaces","message":"checking anonymous component namespaces","data":{"component":"laravel-exceptions-renderer::frame-code","registeredNamespaces":[]},"timestamp":1777111683528}
{"sessionId":"366302","runId":"pre-fix","hypothesisId":"H4","location":"FileViewFinder.php:find","message":"view find called","data":{"name":"laravel-exceptions-renderer::components.frame-code"},"timestamp":1777111683528}
{"sessionId":"366302","runId":"pre-fix","hypothesisId":"H4","location":"FileViewFinder.php:find","message":"view find called","data":{"name":"laravel-exceptions-renderer::components.formatted-source"},"timestamp":1777111684107}
{"sessionId":"366302","runId":"pre-fix","hypothesisId":"H4","location":"FileViewFinder.php:find","message":"view find called","data":{"name":"laravel-exceptions-renderer::components.syntax-highlight"},"timestamp":1777111684108}
{"sessionId":"366302","runId":"pre-fix","hypothesisId":"H4","location":"FileViewFinder.php:find","message":"view find called","data":{"name":"laravel-exceptions-renderer::components.file-with-line"},"timestamp":1777111684110}
{"sessionId":"366302","runId":"pre-fix","hypothesisId":"H4","location":"FileViewFinder.php:find","message":"view find called","data":{"name":"laravel-exceptions-renderer::components.icons.chevrons-down-up"},"timestamp":1777111684111}
{"sessionId":"366302","runId":"pre-fix","hypothesisId":"H4","location":"FileViewFinder.php:find","message":"view find called","data":{"name":"laravel-exceptions-renderer::components.icons.chevrons-up-down"},"timestamp":1777111684112}
{"sessionId":"366302","runId":"pre-fix","hypothesisId":"H4","location":"FileViewFinder.php:find","message":"view find called","data":{"name":"laravel-exceptions-renderer::components.frame-code"},"timestamp":1777111684113}
{"sessionId":"366302","runId":"pre-fix","hypothesisId":"H4","location":"FileViewFinder.php:find","message":"view find called","data":{"name":"laravel-exceptions-renderer::components.frame-code"},"timestamp":1777111684114}
{"sessionId":"366302","runId":"pre-fix","hypothesisId":"H2","location":"ComponentTagCompiler.php:componentString","message":"component tag compiled","data":{"component":"laravel-exceptions-renderer::syntax-highlight"},"timestamp":1777111684117}
{"sessionId":"366302","runId":"pre-fix","hypothesisId":"H3","location":"ComponentTagCompiler.php:guessAnonymousComponentUsingNamespaces","message":"checking anonymous component namespaces","data":{"component":"laravel-exceptions-renderer::syntax-highlight","registeredNamespaces":[]},"timestamp":1777111684118}
{"sessionId":"366302","runId":"pre-fix","hypothesisId":"H4","location":"FileViewFinder.php:find","message":"view find called","data":{"name":"laravel-exceptions-renderer::components.syntax-highlight"},"timestamp":1777111684118}
{"sessionId":"366302","runId":"pre-fix","hypothesisId":"H4","location":"FileViewFinder.php:find","message":"view find called","data":{"name":"laravel-exceptions-renderer::components.syntax-highlight"},"timestamp":1777111684242}
{"sessionId":"366302","runId":"pre-fix","hypothesisId":"H4","location":"FileViewFinder.php:find","message":"view find called","data":{"name":"laravel-exceptions-renderer::components.vendor-frames"},"timestamp":1777111684243}
{"sessionId":"366302","runId":"pre-fix","hypothesisId":"H4","location":"FileViewFinder.php:find","message":"view find called","data":{"name":"laravel-exceptions-renderer::components.icons.folder"},"timestamp":1777111684244}
{"sessionId":"366302","runId":"pre-fix","hypothesisId":"H4","location":"FileViewFinder.php:find","message":"view find called","data":{"name":"laravel-exceptions-renderer::components.icons.folder-open"},"timestamp":1777111684245}
{"sessionId":"366302","runId":"pre-fix","hypothesisId":"H4","location":"FileViewFinder.php:find","message":"view find called","data":{"name":"laravel-exceptions-renderer::components.icons.chevrons-down-up"},"timestamp":1777111684246}
{"sessionId":"366302","runId":"pre-fix","hypothesisId":"H4","location":"FileViewFinder.php:find","message":"view find called","data":{"name":"laravel-exceptions-renderer::components.icons.chevrons-up-down"},"timestamp":1777111684248}
{"sessionId":"366302","runId":"pre-fix","hypothesisId":"H4","location":"FileViewFinder.php:find","message":"view find called","data":{"name":"laravel-exceptions-renderer::components.vendor-frame"},"timestamp":1777111684249}
{"sessionId":"366302","runId":"pre-fix","hypothesisId":"H4","location":"FileViewFinder.php:find","message":"view find called","data":{"name":"laravel-exceptions-renderer::components.file-with-line"},"timestamp":1777111684250}
{"sessionId":"366302","runId":"pre-fix","hypothesisId":"H4","location":"FileViewFinder.php:find","message":"view find called","data":{"name":"laravel-exceptions-renderer::components.query"},"timestamp":1777111684252}
{"sessionId":"366302","runId":"pre-fix","hypothesisId":"H4","location":"FileViewFinder.php:find","message":"view find called","data":{"name":"laravel-exceptions-renderer::components.query"},"timestamp":1777111684253}
{"sessionId":"366302","runId":"pre-fix","hypothesisId":"H2","location":"ComponentTagCompiler.php:componentString","message":"component tag compiled","data":{"component":"laravel-exceptions-renderer::icons.database"},"timestamp":1777111684269}
{"sessionId":"366302","runId":"pre-fix","hypothesisId":"H3","location":"ComponentTagCompiler.php:guessAnonymousComponentUsingNamespaces","message":"checking anonymous component namespaces","data":{"component":"laravel-exceptions-renderer::icons.database","registeredNamespaces":[]},"timestamp":1777111684270}
{"sessionId":"366302","runId":"pre-fix","hypothesisId":"H4","location":"FileViewFinder.php:find","message":"view find called","data":{"name":"laravel-exceptions-renderer::components.icons.database"},"timestamp":1777111684270}
{"sessionId":"366302","runId":"pre-fix","hypothesisId":"H2","location":"ComponentTagCompiler.php:componentString","message":"component tag compiled","data":{"component":"laravel-exceptions-renderer::icons.info"},"timestamp":1777111684271}
{"sessionId":"366302","runId":"pre-fix","hypothesisId":"H3","location":"ComponentTagCompiler.php:guessAnonymousComponentUsingNamespaces","message":"checking anonymous component namespaces","data":{"component":"laravel-exceptions-renderer::icons.info","registeredNamespaces":[]},"timestamp":1777111684271}
{"sessionId":"366302","runId":"pre-fix","hypothesisId":"H4","location":"FileViewFinder.php:find","message":"view find called","data":{"name":"laravel-exceptions-renderer::components.icons.info"},"timestamp":1777111684272}
{"sessionId":"366302","runId":"pre-fix","hypothesisId":"H2","location":"ComponentTagCompiler.php:componentString","message":"component tag compiled","data":{"component":"laravel-exceptions-renderer::icons.database"},"timestamp":1777111684273}
{"sessionId":"366302","runId":"pre-fix","hypothesisId":"H3","location":"ComponentTagCompiler.php:guessAnonymousComponentUsingNamespaces","message":"checking anonymous component namespaces","data":{"component":"laravel-exceptions-renderer::icons.database","registeredNamespaces":[]},"timestamp":1777111684273}
{"sessionId":"366302","runId":"pre-fix","hypothesisId":"H4","location":"FileViewFinder.php:find","message":"view find called","data":{"name":"laravel-exceptions-renderer::components.icons.database"},"timestamp":1777111684273}
{"sessionId":"366302","runId":"pre-fix","hypothesisId":"H2","location":"ComponentTagCompiler.php:componentString","message":"component tag compiled","data":{"component":"laravel-exceptions-renderer::syntax-highlight"},"timestamp":1777111684274}
{"sessionId":"366302","runId":"pre-fix","hypothesisId":"H3","location":"ComponentTagCompiler.php:guessAnonymousComponentUsingNamespaces","message":"checking anonymous component namespaces","data":{"component":"laravel-exceptions-renderer::syntax-highlight","registeredNamespaces":[]},"timestamp":1777111684274}
{"sessionId":"366302","runId":"pre-fix","hypothesisId":"H4","location":"FileViewFinder.php:find","message":"view find called","data":{"name":"laravel-exceptions-renderer::components.syntax-highlight"},"timestamp":1777111684274}
{"sessionId":"366302","runId":"pre-fix","hypothesisId":"H2","location":"ComponentTagCompiler.php:componentString","message":"component tag compiled","data":{"component":"laravel-exceptions-renderer::empty-state"},"timestamp":1777111684275}
{"sessionId":"366302","runId":"pre-fix","hypothesisId":"H3","location":"ComponentTagCompiler.php:guessAnonymousComponentUsingNamespaces","message":"checking anonymous component namespaces","data":{"component":"laravel-exceptions-renderer::empty-state","registeredNamespaces":[]},"timestamp":1777111684276}
{"sessionId":"366302","runId":"pre-fix","hypothesisId":"H4","location":"FileViewFinder.php:find","message":"view find called","data":{"name":"laravel-exceptions-renderer::components.empty-state"},"timestamp":1777111684276}
{"sessionId":"366302","runId":"pre-fix","hypothesisId":"H2","location":"ComponentTagCompiler.php:componentString","message":"component tag compiled","data":{"component":"laravel-exceptions-renderer::icons.chevrons-left"},"timestamp":1777111684277}
{"sessionId":"366302","runId":"pre-fix","hypothesisId":"H3","location":"ComponentTagCompiler.php:guessAnonymousComponentUsingNamespaces","message":"checking anonymous component namespaces","data":{"component":"laravel-exceptions-renderer::icons.chevrons-left","registeredNamespaces":[]},"timestamp":1777111684277}
{"sessionId":"366302","runId":"pre-fix","hypothesisId":"H4","location":"FileViewFinder.php:find","message":"view find called","data":{"name":"laravel-exceptions-renderer::components.icons.chevrons-left"},"timestamp":1777111684278}
{"sessionId":"366302","runId":"pre-fix","hypothesisId":"H2","location":"ComponentTagCompiler.php:componentString","message":"component tag compiled","data":{"component":"laravel-exceptions-renderer::icons.chevron-left"},"timestamp":1777111684279}
{"sessionId":"366302","runId":"pre-fix","hypothesisId":"H3","location":"ComponentTagCompiler.php:guessAnonymousComponentUsingNamespaces","message":"checking anonymous component namespaces","data":{"component":"laravel-exceptions-renderer::icons.chevron-left","registeredNamespaces":[]},"timestamp":1777111684279}
{"sessionId":"366302","runId":"pre-fix","hypothesisId":"H4","location":"FileViewFinder.php:find","message":"view find called","data":{"name":"laravel-exceptions-renderer::components.icons.chevron-left"},"timestamp":1777111684280}
{"sessionId":"366302","runId":"pre-fix","hypothesisId":"H2","location":"ComponentTagCompiler.php:componentString","message":"component tag compiled","data":{"component":"laravel-exceptions-renderer::icons.chevron-right"},"timestamp":1777111684281}
{"sessionId":"366302","runId":"pre-fix","hypothesisId":"H3","location":"ComponentTagCompiler.php:guessAnonymousComponentUsingNamespaces","message":"checking anonymous component namespaces","data":{"component":"laravel-exceptions-renderer::icons.chevron-right","registeredNamespaces":[]},"timestamp":1777111684282}
{"sessionId":"366302","runId":"pre-fix","hypothesisId":"H4","location":"FileViewFinder.php:find","message":"view find called","data":{"name":"laravel-exceptions-renderer::components.icons.chevron-right"},"timestamp":1777111684282}
{"sessionId":"366302","runId":"pre-fix","hypothesisId":"H2","location":"ComponentTagCompiler.php:componentString","message":"component tag compiled","data":{"component":"laravel-exceptions-renderer::icons.chevrons-right"},"timestamp":1777111684283}
{"sessionId":"366302","runId":"pre-fix","hypothesisId":"H3","location":"ComponentTagCompiler.php:guessAnonymousComponentUsingNamespaces","message":"checking anonymous component namespaces","data":{"component":"laravel-exceptions-renderer::icons.chevrons-right","registeredNamespaces":[]},"timestamp":1777111684283}
{"sessionId":"366302","runId":"pre-fix","hypothesisId":"H4","location":"FileViewFinder.php:find","message":"view find called","data":{"name":"laravel-exceptions-renderer::components.icons.chevrons-right"},"timestamp":1777111684284}
{"sessionId":"366302","runId":"pre-fix","hypothesisId":"H4","location":"FileViewFinder.php:find","message":"view find called","data":{"name":"laravel-exceptions-renderer::components.icons.database"},"timestamp":1777111685301}
{"sessionId":"366302","runId":"pre-fix","hypothesisId":"H4","location":"FileViewFinder.php:find","message":"view find called","data":{"name":"laravel-exceptions-renderer::components.icons.database"},"timestamp":1777111685302}
{"sessionId":"366302","runId":"pre-fix","hypothesisId":"H4","location":"FileViewFinder.php:find","message":"view find called","data":{"name":"laravel-exceptions-renderer::components.icons.database"},"timestamp":1777111685335}
{"sessionId":"366302","runId":"pre-fix","hypothesisId":"H4","location":"FileViewFinder.php:find","message":"view find called","data":{"name":"laravel-exceptions-renderer::components.syntax-highlight"},"timestamp":1777111685336}
{"sessionId":"366302","runId":"pre-fix","hypothesisId":"H4","location":"FileViewFinder.php:find","message":"view find called","data":{"name":"laravel-exceptions-renderer::components.icons.database"},"timestamp":1777111685337}
{"sessionId":"366302","runId":"pre-fix","hypothesisId":"H4","location":"FileViewFinder.php:find","message":"view find called","data":{"name":"laravel-exceptions-renderer::components.syntax-highlight"},"timestamp":1777111685338}
{"sessionId":"366302","runId":"pre-fix","hypothesisId":"H4","location":"FileViewFinder.php:find","message":"view find called","data":{"name":"laravel-exceptions-renderer::components.icons.chevrons-left"},"timestamp":1777111685339}
{"sessionId":"366302","runId":"pre-fix","hypothesisId":"H4","location":"FileViewFinder.php:find","message":"view find called","data":{"name":"laravel-exceptions-renderer::components.icons.chevrons-left"},"timestamp":1777111685340}
{"sessionId":"366302","runId":"pre-fix","hypothesisId":"H4","location":"FileViewFinder.php:find","message":"view find called","data":{"name":"laravel-exceptions-renderer::components.icons.chevron-left"},"timestamp":1777111685355}
{"sessionId":"366302","runId":"pre-fix","hypothesisId":"H4","location":"FileViewFinder.php:find","message":"view find called","data":{"name":"laravel-exceptions-renderer::components.icons.chevron-left"},"timestamp":1777111685356}
{"sessionId":"366302","runId":"pre-fix","hypothesisId":"H4","location":"FileViewFinder.php:find","message":"view find called","data":{"name":"laravel-exceptions-renderer::components.icons.chevron-right"},"timestamp":1777111685365}
{"sessionId":"366302","runId":"pre-fix","hypothesisId":"H4","location":"FileViewFinder.php:find","message":"view find called","data":{"name":"laravel-exceptions-renderer::components.icons.chevron-right"},"timestamp":1777111685365}
{"sessionId":"366302","runId":"pre-fix","hypothesisId":"H4","location":"FileViewFinder.php:find","message":"view find called","data":{"name":"laravel-exceptions-renderer::components.icons.chevrons-right"},"timestamp":1777111685380}
{"sessionId":"366302","runId":"pre-fix","hypothesisId":"H4","location":"FileViewFinder.php:find","message":"view find called","data":{"name":"laravel-exceptions-renderer::components.icons.chevrons-right"},"timestamp":1777111685381}
{"sessionId":"366302","runId":"pre-fix","hypothesisId":"H4","location":"FileViewFinder.php:find","message":"view find called","data":{"name":"laravel-exceptions-renderer::components.section-container"},"timestamp":1777111685396}
{"sessionId":"366302","runId":"pre-fix","hypothesisId":"H4","location":"FileViewFinder.php:find","message":"view find called","data":{"name":"laravel-exceptions-renderer::components.separator"},"timestamp":1777111685398}
{"sessionId":"366302","runId":"pre-fix","hypothesisId":"H4","location":"FileViewFinder.php:find","message":"view find called","data":{"name":"laravel-exceptions-renderer::components.request-header"},"timestamp":1777111685399}
{"sessionId":"366302","runId":"pre-fix","hypothesisId":"H4","location":"FileViewFinder.php:find","message":"view find called","data":{"name":"laravel-exceptions-renderer::components.request-header"},"timestamp":1777111685399}
{"sessionId":"366302","runId":"pre-fix","hypothesisId":"H4","location":"FileViewFinder.php:find","message":"view find called","data":{"name":"laravel-exceptions-renderer::components.request-body"},"timestamp":1777111685542}
{"sessionId":"366302","runId":"pre-fix","hypothesisId":"H4","location":"FileViewFinder.php:find","message":"view find called","data":{"name":"laravel-exceptions-renderer::components.request-body"},"timestamp":1777111685543}
{"sessionId":"366302","runId":"pre-fix","hypothesisId":"H2","location":"ComponentTagCompiler.php:componentString","message":"component tag compiled","data":{"component":"laravel-exceptions-renderer::syntax-highlight"},"timestamp":1777111685555}
{"sessionId":"366302","runId":"pre-fix","hypothesisId":"H3","location":"ComponentTagCompiler.php:guessAnonymousComponentUsingNamespaces","message":"checking anonymous component namespaces","data":{"component":"laravel-exceptions-renderer::syntax-highlight","registeredNamespaces":[]},"timestamp":1777111685556}
{"sessionId":"366302","runId":"pre-fix","hypothesisId":"H4","location":"FileViewFinder.php:find","message":"view find called","data":{"name":"laravel-exceptions-renderer::components.syntax-highlight"},"timestamp":1777111685556}
{"sessionId":"366302","runId":"pre-fix","hypothesisId":"H2","location":"ComponentTagCompiler.php:componentString","message":"component tag compiled","data":{"component":"laravel-exceptions-renderer::empty-state"},"timestamp":1777111685557}
{"sessionId":"366302","runId":"pre-fix","hypothesisId":"H3","location":"ComponentTagCompiler.php:guessAnonymousComponentUsingNamespaces","message":"checking anonymous component namespaces","data":{"component":"laravel-exceptions-renderer::empty-state","registeredNamespaces":[]},"timestamp":1777111685557}
{"sessionId":"366302","runId":"pre-fix","hypothesisId":"H4","location":"FileViewFinder.php:find","message":"view find called","data":{"name":"laravel-exceptions-renderer::components.empty-state"},"timestamp":1777111685558}
{"sessionId":"366302","runId":"pre-fix","hypothesisId":"H4","location":"FileViewFinder.php:find","message":"view find called","data":{"name":"laravel-exceptions-renderer::components.empty-state"},"timestamp":1777111685878}
{"sessionId":"366302","runId":"pre-fix","hypothesisId":"H4","location":"FileViewFinder.php:find","message":"view find called","data":{"name":"laravel-exceptions-renderer::components.empty-state"},"timestamp":1777111685878}
{"sessionId":"366302","runId":"pre-fix","hypothesisId":"H4","location":"FileViewFinder.php:find","message":"view find called","data":{"name":"laravel-exceptions-renderer::components.routing"},"timestamp":1777111685924}
{"sessionId":"366302","runId":"pre-fix","hypothesisId":"H4","location":"FileViewFinder.php:find","message":"view find called","data":{"name":"laravel-exceptions-renderer::components.routing"},"timestamp":1777111685925}
{"sessionId":"366302","runId":"pre-fix","hypothesisId":"H2","location":"ComponentTagCompiler.php:componentString","message":"component tag compiled","data":{"component":"laravel-exceptions-renderer::empty-state"},"timestamp":1777111685941}
{"sessionId":"366302","runId":"pre-fix","hypothesisId":"H3","location":"ComponentTagCompiler.php:guessAnonymousComponentUsingNamespaces","message":"checking anonymous component namespaces","data":{"component":"laravel-exceptions-renderer::empty-state","registeredNamespaces":[]},"timestamp":1777111685941}
{"sessionId":"366302","runId":"pre-fix","hypothesisId":"H4","location":"FileViewFinder.php:find","message":"view find called","data":{"name":"laravel-exceptions-renderer::components.empty-state"},"timestamp":1777111685942}
{"sessionId":"366302","runId":"pre-fix","hypothesisId":"H4","location":"FileViewFinder.php:find","message":"view find called","data":{"name":"laravel-exceptions-renderer::components.routing-parameter"},"timestamp":1777111686178}
{"sessionId":"366302","runId":"pre-fix","hypothesisId":"H4","location":"FileViewFinder.php:find","message":"view find called","data":{"name":"laravel-exceptions-renderer::components.routing-parameter"},"timestamp":1777111686179}
{"sessionId":"366302","runId":"pre-fix","hypothesisId":"H2","location":"ComponentTagCompiler.php:componentString","message":"component tag compiled","data":{"component":"laravel-exceptions-renderer::syntax-highlight"},"timestamp":1777111686191}
{"sessionId":"366302","runId":"pre-fix","hypothesisId":"H3","location":"ComponentTagCompiler.php:guessAnonymousComponentUsingNamespaces","message":"checking anonymous component namespaces","data":{"component":"laravel-exceptions-renderer::syntax-highlight","registeredNamespaces":[]},"timestamp":1777111686191}
{"sessionId":"366302","runId":"pre-fix","hypothesisId":"H4","location":"FileViewFinder.php:find","message":"view find called","data":{"name":"laravel-exceptions-renderer::components.syntax-highlight"},"timestamp":1777111686192}
{"sessionId":"366302","runId":"pre-fix","hypothesisId":"H2","location":"ComponentTagCompiler.php:componentString","message":"component tag compiled","data":{"component":"laravel-exceptions-renderer::empty-state"},"timestamp":1777111686192}
{"sessionId":"366302","runId":"pre-fix","hypothesisId":"H3","location":"ComponentTagCompiler.php:guessAnonymousComponentUsingNamespaces","message":"checking anonymous component namespaces","data":{"component":"laravel-exceptions-renderer::empty-state","registeredNamespaces":[]},"timestamp":1777111686193}
{"sessionId":"366302","runId":"pre-fix","hypothesisId":"H4","location":"FileViewFinder.php:find","message":"view find called","data":{"name":"laravel-exceptions-renderer::components.empty-state"},"timestamp":1777111686193}
{"sessionId":"366302","runId":"pre-fix","hypothesisId":"H4","location":"FileViewFinder.php:find","message":"view find called","data":{"name":"laravel-exceptions-renderer::components.syntax-highlight"},"timestamp":1777111686200}
{"sessionId":"366302","runId":"pre-fix","hypothesisId":"H4","location":"FileViewFinder.php:find","message":"view find called","data":{"name":"laravel-exceptions-renderer::components.section-container"},"timestamp":1777111686202}
{"sessionId":"366302","runId":"pre-fix","hypothesisId":"H4","location":"FileViewFinder.php:find","message":"view find called","data":{"name":"laravel-exceptions-renderer::components.separator"},"timestamp":1777111686203}
{"sessionId":"366302","runId":"pre-fix","hypothesisId":"H4","location":"FileViewFinder.php:find","message":"view find called","data":{"name":"laravel-exceptions-renderer::components.laravel-ascii-spotlight"},"timestamp":1777111686204}
{"sessionId":"366302","runId":"pre-fix","hypothesisId":"H4","location":"FileViewFinder.php:find","message":"view find called","data":{"name":"laravel-exceptions-renderer::components.laravel-ascii-spotlight"},"timestamp":1777111686204}
{"sessionId":"366302","runId":"pre-fix","hypothesisId":"H2","location":"ComponentTagCompiler.php:componentString","message":"component tag compiled","data":{"component":"laravel-exceptions-renderer::icons.laravel-ascii"},"timestamp":1777111686219}
{"sessionId":"366302","runId":"pre-fix","hypothesisId":"H3","location":"ComponentTagCompiler.php:guessAnonymousComponentUsingNamespaces","message":"checking anonymous component namespaces","data":{"component":"laravel-exceptions-renderer::icons.laravel-ascii","registeredNamespaces":[]},"timestamp":1777111686219}
{"sessionId":"366302","runId":"pre-fix","hypothesisId":"H4","location":"FileViewFinder.php:find","message":"view find called","data":{"name":"laravel-exceptions-renderer::components.icons.laravel-ascii"},"timestamp":1777111686220}
{"sessionId":"366302","runId":"pre-fix","hypothesisId":"H2","location":"ComponentTagCompiler.php:componentString","message":"component tag compiled","data":{"component":"laravel-exceptions-renderer::icons.laravel-ascii"},"timestamp":1777111686220}
{"sessionId":"366302","runId":"pre-fix","hypothesisId":"H3","location":"ComponentTagCompiler.php:guessAnonymousComponentUsingNamespaces","message":"checking anonymous component namespaces","data":{"component":"laravel-exceptions-renderer::icons.laravel-ascii","registeredNamespaces":[]},"timestamp":1777111686221}
{"sessionId":"366302","runId":"pre-fix","hypothesisId":"H4","location":"FileViewFinder.php:find","message":"view find called","data":{"name":"laravel-exceptions-renderer::components.icons.laravel-ascii"},"timestamp":1777111686221}
{"sessionId":"366302","runId":"pre-fix","hypothesisId":"H4","location":"FileViewFinder.php:find","message":"view find called","data":{"name":"livewire.product-catalog"},"timestamp":1777111686366}
{"sessionId":"366302","runId":"pre-fix","hypothesisId":"H4","location":"FileViewFinder.php:find","message":"view find called","data":{"name":"components.single-product-card"},"timestamp":1777111686372}
{"sessionId":"366302","runId":"pre-fix","hypothesisId":"H4","location":"FileViewFinder.php:find","message":"view find called","data":{"name":"components.single-product-card"},"timestamp":1777111686373}
{"sessionId":"366302","runId":"pre-fix","hypothesisId":"H4","location":"FileViewFinder.php:find","message":"view find called","data":{"name":"components.single-product-card"},"timestamp":1777111686375}
{"sessionId":"366302","runId":"pre-fix","hypothesisId":"H4","location":"FileViewFinder.php:find","message":"view find called","data":{"name":"components.single-product-card"},"timestamp":1777111686376}
{"sessionId":"366302","runId":"pre-fix","hypothesisId":"H4","location":"FileViewFinder.php:find","message":"view find called","data":{"name":"components.single-product-card"},"timestamp":1777111686377}
{"sessionId":"366302","runId":"pre-fix","hypothesisId":"H4","location":"FileViewFinder.php:find","message":"view find called","data":{"name":"components.single-product-card"},"timestamp":1777111686377}
{"sessionId":"366302","runId":"pre-fix","hypothesisId":"H4","location":"FileViewFinder.php:find","message":"view find called","data":{"name":"components.single-product-card"},"timestamp":1777111686378}
{"sessionId":"366302","runId":"pre-fix","hypothesisId":"H4","location":"FileViewFinder.php:find","message":"view find called","data":{"name":"components.single-product-card"},"timestamp":1777111686380}
{"sessionId":"366302","runId":"pre-fix","hypothesisId":"H4","location":"FileViewFinder.php:find","message":"view find called","data":{"name":"components.single-product-card"},"timestamp":1777111686381}
{"sessionId":"366302","runId":"pre-fix","hypothesisId":"H4","location":"FileViewFinder.php:find","message":"view find called","data":{"name":"components.single-product-card"},"timestamp":1777111686382}
{"sessionId":"366302","runId":"pre-fix","hypothesisId":"H4","location":"FileViewFinder.php:find","message":"view find called","data":{"name":"livewire::tailwind"},"timestamp":1777111686383}
{"sessionId":"366302","runId":"pre-fix","hypothesisId":"H4","location":"FileViewFinder.php:find","message":"view find called","data":{"name":"    <?php $layout->viewContext->mergeIntoNewEnvironment($__env); ?>\n\n    @component($layout->view, $layout->params)\n        @slot($layout->slotOrSection)\n            {!! $content !!}\n        @endslot\n\n        <?php\n        // Manually forward slots defined in the Livewire template into the layout component...\n        foreach ($layout->viewContext->slots[-1] ?? [] as $name => $slot) {\n            $__env->slot($name, attributes: $slot->attributes->getAttributes());\n            echo $slot->toHtml();\n            $__env->endSlot();\n        }\n        ?>\n    @endcomponent"},"timestamp":1777111686389}
{"sessionId":"366302","runId":"pre-fix","hypothesisId":"H4","location":"FileViewFinder.php:find","message":"view find called","data":{"name":"__components::4943bc92ebba41e8b0e508149542e0ad"},"timestamp":1777111686390}
{"sessionId":"366302","runId":"pre-fix","hypothesisId":"H4","location":"FileViewFinder.php:find","message":"view find called","data":{"name":"layouts::app"},"timestamp":1777111686393}
{"sessionId":"366302","runId":"pre-fix","hypothesisId":"H4","location":"FileViewFinder.php:find","message":"view find called","data":{"name":"components.navigation"},"timestamp":1777111686396}
{"sessionId":"366302","runId":"pre-fix","hypothesisId":"H4","location":"FileViewFinder.php:find","message":"view find called","data":{"name":"components.navigation"},"timestamp":1777111686396}
{"sessionId":"366302","runId":"pre-fix","hypothesisId":"H4","location":"FileViewFinder.php:find","message":"view find called","data":{"name":"components.footer"},"timestamp":1777111686398}
{"sessionId":"366302","runId":"pre-fix","hypothesisId":"H4","location":"FileViewFinder.php:find","message":"view find called","data":{"name":"components.footer"},"timestamp":1777111686398}
{"sessionId":"366302","runId":"pre-fix","hypothesisId":"H4","location":"FileViewFinder.php:find","message":"view find called","data":{"name":"laravel-exceptions-renderer::components.icons.laravel-ascii"},"timestamp":1777111686488}
{"sessionId":"366302","runId":"pre-fix","hypothesisId":"H4","location":"FileViewFinder.php:find","message":"view find called","data":{"name":"laravel-exceptions-renderer::components.icons.laravel-ascii"},"timestamp":1777111686488}
{"sessionId":"366302","runId":"pre-fix","hypothesisId":"H4","location":"FileViewFinder.php:find","message":"view find called","data":{"name":"laravel-exceptions-renderer::components.icons.laravel-ascii"},"timestamp":1777111686526}
{"sessionId":"366302","runId":"pre-fix","hypothesisId":"H4","location":"FileViewFinder.php:find","message":"view find called","data":{"name":"laravel-exceptions-renderer::components.section-container"},"timestamp":1777111686527}
{"sessionId":"366302","runId":"pre-fix","hypothesisId":"H4","location":"FileViewFinder.php:find","message":"view find called","data":{"name":"laravel-exceptions-renderer::components.layout"},"timestamp":1777111686527}
{"sessionId":"366302","runId":"pre-fix","hypothesisId":"H4","location":"FileViewFinder.php:find","message":"view find called","data":{"name":"product.show"},"timestamp":1777111693394}
{"sessionId":"366302","runId":"pre-fix","hypothesisId":"H2","location":"ComponentTagCompiler.php:componentString","message":"component tag compiled","data":{"component":"layouts.app"},"timestamp":1777111693397}
{"sessionId":"366302","runId":"pre-fix","hypothesisId":"H3","location":"ComponentTagCompiler.php:guessAnonymousComponentUsingNamespaces","message":"checking anonymous component namespaces","data":{"component":"layouts.app","registeredNamespaces":[]},"timestamp":1777111693399}
{"sessionId":"366302","runId":"pre-fix","hypothesisId":"H4","location":"FileViewFinder.php:find","message":"view find called","data":{"name":"components.layouts.app"},"timestamp":1777111693399}
{"sessionId":"366302","runId":"pre-fix","hypothesisId":"H4","location":"FileViewFinder.php:find","message":"view find called","data":{"name":"components.layouts.app.index"},"timestamp":1777111693400}
{"sessionId":"366302","runId":"pre-fix","hypothesisId":"H4","location":"FileViewFinder.php:find","message":"view find called","data":{"name":"components.layouts.app.app"},"timestamp":1777111693401}
{"sessionId":"366302","runId":"pre-fix","hypothesisId":"H4","location":"FileViewFinder.php:find","message":"view find called","data":{"name":"35855995f1b56a50801a7c5f5830d7f9::layouts.app"},"timestamp":1777111693402}
{"sessionId":"366302","runId":"pre-fix","hypothesisId":"H4","location":"FileViewFinder.php:find","message":"view find called","data":{"name":"35855995f1b56a50801a7c5f5830d7f9::layouts.app.index"},"timestamp":1777111693403}
{"sessionId":"366302","runId":"pre-fix","hypothesisId":"H4","location":"FileViewFinder.php:find","message":"view find called","data":{"name":"35855995f1b56a50801a7c5f5830d7f9::layouts.app.app"},"timestamp":1777111693403}
{"sessionId":"366302","runId":"pre-fix","hypothesisId":"H4","location":"FileViewFinder.php:find","message":"view find called","data":{"name":"cd36171f3d880811b606666971989a86::layouts.app"},"timestamp":1777111693404}
{"sessionId":"366302","runId":"pre-fix","hypothesisId":"H4","location":"FileViewFinder.php:find","message":"view find called","data":{"name":"cd36171f3d880811b606666971989a86::layouts.app.index"},"timestamp":1777111693404}
{"sessionId":"366302","runId":"pre-fix","hypothesisId":"H4","location":"FileViewFinder.php:find","message":"view find called","data":{"name":"cd36171f3d880811b606666971989a86::layouts.app.app"},"timestamp":1777111693405}
{"sessionId":"366302","runId":"pre-fix","hypothesisId":"H4","location":"FileViewFinder.php:find","message":"view find called","data":{"name":"f4ac99e09542ff494432bc959d4fee61::layouts.app"},"timestamp":1777111693406}
{"sessionId":"366302","runId":"pre-fix","hypothesisId":"H4","location":"FileViewFinder.php:find","message":"view find called","data":{"name":"f4ac99e09542ff494432bc959d4fee61::layouts.app.index"},"timestamp":1777111693408}
{"sessionId":"366302","runId":"pre-fix","hypothesisId":"H4","location":"FileViewFinder.php:find","message":"view find called","data":{"name":"f4ac99e09542ff494432bc959d4fee61::layouts.app.app"},"timestamp":1777111693409}
{"sessionId":"366302","runId":"pre-fix","hypothesisId":"H4","location":"FileViewFinder.php:find","message":"view find called","data":{"name":"af6a29d55d306249cfe5b80ece79872b::layouts.app"},"timestamp":1777111693409}
{"sessionId":"366302","runId":"pre-fix","hypothesisId":"H4","location":"FileViewFinder.php:find","message":"view find called","data":{"name":"af6a29d55d306249cfe5b80ece79872b::layouts.app.index"},"timestamp":1777111693410}
{"sessionId":"366302","runId":"pre-fix","hypothesisId":"H4","location":"FileViewFinder.php:find","message":"view find called","data":{"name":"af6a29d55d306249cfe5b80ece79872b::layouts.app.app"},"timestamp":1777111693411}
{"sessionId":"366302","runId":"pre-fix","hypothesisId":"H4","location":"FileViewFinder.php:find","message":"view find called","data":{"name":"laravel-exceptions-renderer::markdown"},"timestamp":1777111693541}
{"sessionId":"366302","runId":"pre-fix","hypothesisId":"H4","location":"FileViewFinder.php:find","message":"view find called","data":{"name":"laravel-exceptions-renderer::show"},"timestamp":1777111694053}
{"sessionId":"366302","runId":"pre-fix","hypothesisId":"H4","location":"FileViewFinder.php:find","message":"view find called","data":{"name":"laravel-exceptions-renderer::components.layout"},"timestamp":1777111694056}
{"sessionId":"366302","runId":"pre-fix","hypothesisId":"H4","location":"FileViewFinder.php:find","message":"view find called","data":{"name":"laravel-exceptions-renderer::components.section-container"},"timestamp":1777111694057}
{"sessionId":"366302","runId":"pre-fix","hypothesisId":"H4","location":"FileViewFinder.php:find","message":"view find called","data":{"name":"laravel-exceptions-renderer::components.topbar"},"timestamp":1777111694058}
{"sessionId":"366302","runId":"pre-fix","hypothesisId":"H4","location":"FileViewFinder.php:find","message":"view find called","data":{"name":"laravel-exceptions-renderer::components.topbar"},"timestamp":1777111694059}
{"sessionId":"366302","runId":"pre-fix","hypothesisId":"H4","location":"FileViewFinder.php:find","message":"view find called","data":{"name":"laravel-exceptions-renderer::components.icons.copy"},"timestamp":1777111694060}
{"sessionId":"366302","runId":"pre-fix","hypothesisId":"H4","location":"FileViewFinder.php:find","message":"view find called","data":{"name":"laravel-exceptions-renderer::components.icons.copy"},"timestamp":1777111694061}
{"sessionId":"366302","runId":"pre-fix","hypothesisId":"H4","location":"FileViewFinder.php:find","message":"view find called","data":{"name":"laravel-exceptions-renderer::components.icons.check"},"timestamp":1777111694062}
{"sessionId":"366302","runId":"pre-fix","hypothesisId":"H4","location":"FileViewFinder.php:find","message":"view find called","data":{"name":"laravel-exceptions-renderer::components.icons.check"},"timestamp":1777111694062}
{"sessionId":"366302","runId":"pre-fix","hypothesisId":"H4","location":"FileViewFinder.php:find","message":"view find called","data":{"name":"laravel-exceptions-renderer::components.section-container"},"timestamp":1777111694064}
{"sessionId":"366302","runId":"pre-fix","hypothesisId":"H4","location":"FileViewFinder.php:find","message":"view find called","data":{"name":"laravel-exceptions-renderer::components.separator"},"timestamp":1777111694065}
{"sessionId":"366302","runId":"pre-fix","hypothesisId":"H4","location":"FileViewFinder.php:find","message":"view find called","data":{"name":"laravel-exceptions-renderer::components.separator"},"timestamp":1777111694065}
{"sessionId":"366302","runId":"pre-fix","hypothesisId":"H4","location":"FileViewFinder.php:find","message":"view find called","data":{"name":"laravel-exceptions-renderer::components.header"},"timestamp":1777111694066}
{"sessionId":"366302","runId":"pre-fix","hypothesisId":"H4","location":"FileViewFinder.php:find","message":"view find called","data":{"name":"laravel-exceptions-renderer::components.header"},"timestamp":1777111694067}
{"sessionId":"366302","runId":"pre-fix","hypothesisId":"H4","location":"FileViewFinder.php:find","message":"view find called","data":{"name":"laravel-exceptions-renderer::components.file-with-line"},"timestamp":1777111694068}
{"sessionId":"366302","runId":"pre-fix","hypothesisId":"H4","location":"FileViewFinder.php:find","message":"view find called","data":{"name":"laravel-exceptions-renderer::components.file-with-line"},"timestamp":1777111694069}
{"sessionId":"366302","runId":"pre-fix","hypothesisId":"H4","location":"FileViewFinder.php:find","message":"view find called","data":{"name":"laravel-exceptions-renderer::components.badge"},"timestamp":1777111694071}
{"sessionId":"366302","runId":"pre-fix","hypothesisId":"H4","location":"FileViewFinder.php:find","message":"view find called","data":{"name":"laravel-exceptions-renderer::components.icons.alert"},"timestamp":1777111694071}
{"sessionId":"366302","runId":"pre-fix","hypothesisId":"H4","location":"FileViewFinder.php:find","message":"view find called","data":{"name":"laravel-exceptions-renderer::components.icons.alert"},"timestamp":1777111694073}
{"sessionId":"366302","runId":"pre-fix","hypothesisId":"H4","location":"FileViewFinder.php:find","message":"view find called","data":{"name":"laravel-exceptions-renderer::components.badge"},"timestamp":1777111694075}
{"sessionId":"366302","runId":"pre-fix","hypothesisId":"H4","location":"FileViewFinder.php:find","message":"view find called","data":{"name":"laravel-exceptions-renderer::components.badge"},"timestamp":1777111694076}
{"sessionId":"366302","runId":"pre-fix","hypothesisId":"H4","location":"FileViewFinder.php:find","message":"view find called","data":{"name":"laravel-exceptions-renderer::components.request-url"},"timestamp":1777111694077}
{"sessionId":"366302","runId":"pre-fix","hypothesisId":"H4","location":"FileViewFinder.php:find","message":"view find called","data":{"name":"laravel-exceptions-renderer::components.request-url"},"timestamp":1777111694077}
{"sessionId":"366302","runId":"pre-fix","hypothesisId":"H4","location":"FileViewFinder.php:find","message":"view find called","data":{"name":"laravel-exceptions-renderer::components.icons.alert"},"timestamp":1777111694079}
{"sessionId":"366302","runId":"pre-fix","hypothesisId":"H4","location":"FileViewFinder.php:find","message":"view find called","data":{"name":"laravel-exceptions-renderer::components.badge"},"timestamp":1777111694079}
{"sessionId":"366302","runId":"pre-fix","hypothesisId":"H4","location":"FileViewFinder.php:find","message":"view find called","data":{"name":"laravel-exceptions-renderer::components.http-method"},"timestamp":1777111694080}
{"sessionId":"366302","runId":"pre-fix","hypothesisId":"H4","location":"FileViewFinder.php:find","message":"view find called","data":{"name":"laravel-exceptions-renderer::components.http-method"},"timestamp":1777111694080}
{"sessionId":"366302","runId":"pre-fix","hypothesisId":"H4","location":"FileViewFinder.php:find","message":"view find called","data":{"name":"laravel-exceptions-renderer::components.icons.globe"},"timestamp":1777111694082}
{"sessionId":"366302","runId":"pre-fix","hypothesisId":"H4","location":"FileViewFinder.php:find","message":"view find called","data":{"name":"laravel-exceptions-renderer::components.icons.globe"},"timestamp":1777111694082}
{"sessionId":"366302","runId":"pre-fix","hypothesisId":"H4","location":"FileViewFinder.php:find","message":"view find called","data":{"name":"laravel-exceptions-renderer::components.badge"},"timestamp":1777111694083}
{"sessionId":"366302","runId":"pre-fix","hypothesisId":"H4","location":"FileViewFinder.php:find","message":"view find called","data":{"name":"laravel-exceptions-renderer::components.icons.copy"},"timestamp":1777111694084}
{"sessionId":"366302","runId":"pre-fix","hypothesisId":"H4","location":"FileViewFinder.php:find","message":"view find called","data":{"name":"laravel-exceptions-renderer::components.icons.check"},"timestamp":1777111694085}
{"sessionId":"366302","runId":"pre-fix","hypothesisId":"H4","location":"FileViewFinder.php:find","message":"view find called","data":{"name":"laravel-exceptions-renderer::components.section-container"},"timestamp":1777111694085}
{"sessionId":"366302","runId":"pre-fix","hypothesisId":"H4","location":"FileViewFinder.php:find","message":"view find called","data":{"name":"laravel-exceptions-renderer::components.separator"},"timestamp":1777111694086}
{"sessionId":"366302","runId":"pre-fix","hypothesisId":"H4","location":"FileViewFinder.php:find","message":"view find called","data":{"name":"laravel-exceptions-renderer::components.trace"},"timestamp":1777111694087}
{"sessionId":"366302","runId":"pre-fix","hypothesisId":"H4","location":"FileViewFinder.php:find","message":"view find called","data":{"name":"laravel-exceptions-renderer::components.trace"},"timestamp":1777111694087}
{"sessionId":"366302","runId":"pre-fix","hypothesisId":"H4","location":"FileViewFinder.php:find","message":"view find called","data":{"name":"laravel-exceptions-renderer::components.icons.alert"},"timestamp":1777111694089}
{"sessionId":"366302","runId":"pre-fix","hypothesisId":"H4","location":"FileViewFinder.php:find","message":"view find called","data":{"name":"laravel-exceptions-renderer::components.vendor-frames"},"timestamp":1777111694090}
{"sessionId":"366302","runId":"pre-fix","hypothesisId":"H4","location":"FileViewFinder.php:find","message":"view find called","data":{"name":"laravel-exceptions-renderer::components.vendor-frames"},"timestamp":1777111694090}
{"sessionId":"366302","runId":"pre-fix","hypothesisId":"H4","location":"FileViewFinder.php:find","message":"view find called","data":{"name":"laravel-exceptions-renderer::components.icons.folder"},"timestamp":1777111694092}
{"sessionId":"366302","runId":"pre-fix","hypothesisId":"H4","location":"FileViewFinder.php:find","message":"view find called","data":{"name":"laravel-exceptions-renderer::components.icons.folder"},"timestamp":1777111694093}
{"sessionId":"366302","runId":"pre-fix","hypothesisId":"H4","location":"FileViewFinder.php:find","message":"view find called","data":{"name":"laravel-exceptions-renderer::components.icons.folder-open"},"timestamp":1777111694094}
{"sessionId":"366302","runId":"pre-fix","hypothesisId":"H4","location":"FileViewFinder.php:find","message":"view find called","data":{"name":"laravel-exceptions-renderer::components.icons.folder-open"},"timestamp":1777111694094}
{"sessionId":"366302","runId":"pre-fix","hypothesisId":"H4","location":"FileViewFinder.php:find","message":"view find called","data":{"name":"laravel-exceptions-renderer::components.icons.chevrons-down-up"},"timestamp":1777111694096}
{"sessionId":"366302","runId":"pre-fix","hypothesisId":"H4","location":"FileViewFinder.php:find","message":"view find called","data":{"name":"laravel-exceptions-renderer::components.icons.chevrons-down-up"},"timestamp":1777111694096}
{"sessionId":"366302","runId":"pre-fix","hypothesisId":"H4","location":"FileViewFinder.php:find","message":"view find called","data":{"name":"laravel-exceptions-renderer::components.icons.chevrons-up-down"},"timestamp":1777111694097}
{"sessionId":"366302","runId":"pre-fix","hypothesisId":"H4","location":"FileViewFinder.php:find","message":"view find called","data":{"name":"laravel-exceptions-renderer::components.icons.chevrons-up-down"},"timestamp":1777111694098}
{"sessionId":"366302","runId":"pre-fix","hypothesisId":"H4","location":"FileViewFinder.php:find","message":"view find called","data":{"name":"laravel-exceptions-renderer::components.vendor-frame"},"timestamp":1777111694099}
{"sessionId":"366302","runId":"pre-fix","hypothesisId":"H4","location":"FileViewFinder.php:find","message":"view find called","data":{"name":"laravel-exceptions-renderer::components.vendor-frame"},"timestamp":1777111694099}
{"sessionId":"366302","runId":"pre-fix","hypothesisId":"H4","location":"FileViewFinder.php:find","message":"view find called","data":{"name":"laravel-exceptions-renderer::components.formatted-source"},"timestamp":1777111694100}
{"sessionId":"366302","runId":"pre-fix","hypothesisId":"H4","location":"FileViewFinder.php:find","message":"view find called","data":{"name":"laravel-exceptions-renderer::components.formatted-source"},"timestamp":1777111694101}
{"sessionId":"366302","runId":"pre-fix","hypothesisId":"H4","location":"FileViewFinder.php:find","message":"view find called","data":{"name":"laravel-exceptions-renderer::components.syntax-highlight"},"timestamp":1777111694102}
{"sessionId":"366302","runId":"pre-fix","hypothesisId":"H4","location":"FileViewFinder.php:find","message":"view find called","data":{"name":"laravel-exceptions-renderer::components.syntax-highlight"},"timestamp":1777111694103}
{"sessionId":"366302","runId":"pre-fix","hypothesisId":"H4","location":"FileViewFinder.php:find","message":"view find called","data":{"name":"laravel-exceptions-renderer::components.file-with-line"},"timestamp":1777111694104}
{"sessionId":"366302","runId":"pre-fix","hypothesisId":"H4","location":"FileViewFinder.php:find","message":"view find called","data":{"name":"laravel-exceptions-renderer::components.vendor-frame"},"timestamp":1777111694105}
{"sessionId":"366302","runId":"pre-fix","hypothesisId":"H4","location":"FileViewFinder.php:find","message":"view find called","data":{"name":"laravel-exceptions-renderer::components.formatted-source"},"timestamp":1777111694106}
{"sessionId":"366302","runId":"pre-fix","hypothesisId":"H4","location":"FileViewFinder.php:find","message":"view find called","data":{"name":"laravel-exceptions-renderer::components.syntax-highlight"},"timestamp":1777111694107}
{"sessionId":"366302","runId":"pre-fix","hypothesisId":"H4","location":"FileViewFinder.php:find","message":"view find called","data":{"name":"laravel-exceptions-renderer::components.file-with-line"},"timestamp":1777111694108}
{"sessionId":"366302","runId":"pre-fix","hypothesisId":"H4","location":"FileViewFinder.php:find","message":"view find called","data":{"name":"laravel-exceptions-renderer::components.vendor-frame"},"timestamp":1777111694109}
{"sessionId":"366302","runId":"pre-fix","hypothesisId":"H4","location":"FileViewFinder.php:find","message":"view find called","data":{"name":"laravel-exceptions-renderer::components.formatted-source"},"timestamp":1777111694109}
{"sessionId":"366302","runId":"pre-fix","hypothesisId":"H4","location":"FileViewFinder.php:find","message":"view find called","data":{"name":"laravel-exceptions-renderer::components.syntax-highlight"},"timestamp":1777111694110}
{"sessionId":"366302","runId":"pre-fix","hypothesisId":"H4","location":"FileViewFinder.php:find","message":"view find called","data":{"name":"laravel-exceptions-renderer::components.file-with-line"},"timestamp":1777111694111}
{"sessionId":"366302","runId":"pre-fix","hypothesisId":"H4","location":"FileViewFinder.php:find","message":"view find called","data":{"name":"laravel-exceptions-renderer::components.vendor-frame"},"timestamp":1777111694111}
{"sessionId":"366302","runId":"pre-fix","hypothesisId":"H4","location":"FileViewFinder.php:find","message":"view find called","data":{"name":"laravel-exceptions-renderer::components.formatted-source"},"timestamp":1777111694112}
{"sessionId":"366302","runId":"pre-fix","hypothesisId":"H4","location":"FileViewFinder.php:find","message":"view find called","data":{"name":"laravel-exceptions-renderer::components.syntax-highlight"},"timestamp":1777111694113}
{"sessionId":"366302","runId":"pre-fix","hypothesisId":"H4","location":"FileViewFinder.php:find","message":"view find called","data":{"name":"laravel-exceptions-renderer::components.file-with-line"},"timestamp":1777111694113}
{"sessionId":"366302","runId":"pre-fix","hypothesisId":"H4","location":"FileViewFinder.php:find","message":"view find called","data":{"name":"laravel-exceptions-renderer::components.vendor-frame"},"timestamp":1777111694114}
{"sessionId":"366302","runId":"pre-fix","hypothesisId":"H4","location":"FileViewFinder.php:find","message":"view find called","data":{"name":"laravel-exceptions-renderer::components.formatted-source"},"timestamp":1777111694115}
{"sessionId":"366302","runId":"pre-fix","hypothesisId":"H4","location":"FileViewFinder.php:find","message":"view find called","data":{"name":"laravel-exceptions-renderer::components.syntax-highlight"},"timestamp":1777111694116}
{"sessionId":"366302","runId":"pre-fix","hypothesisId":"H4","location":"FileViewFinder.php:find","message":"view find called","data":{"name":"laravel-exceptions-renderer::components.file-with-line"},"timestamp":1777111694116}
{"sessionId":"366302","runId":"pre-fix","hypothesisId":"H4","location":"FileViewFinder.php:find","message":"view find called","data":{"name":"laravel-exceptions-renderer::components.vendor-frame"},"timestamp":1777111694117}
{"sessionId":"366302","runId":"pre-fix","hypothesisId":"H4","location":"FileViewFinder.php:find","message":"view find called","data":{"name":"laravel-exceptions-renderer::components.formatted-source"},"timestamp":1777111694118}
{"sessionId":"366302","runId":"pre-fix","hypothesisId":"H4","location":"FileViewFinder.php:find","message":"view find called","data":{"name":"laravel-exceptions-renderer::components.syntax-highlight"},"timestamp":1777111694119}
{"sessionId":"366302","runId":"pre-fix","hypothesisId":"H4","location":"FileViewFinder.php:find","message":"view find called","data":{"name":"laravel-exceptions-renderer::components.file-with-line"},"timestamp":1777111694119}
{"sessionId":"366302","runId":"pre-fix","hypothesisId":"H4","location":"FileViewFinder.php:find","message":"view find called","data":{"name":"laravel-exceptions-renderer::components.vendor-frame"},"timestamp":1777111694120}
{"sessionId":"366302","runId":"pre-fix","hypothesisId":"H4","location":"FileViewFinder.php:find","message":"view find called","data":{"name":"laravel-exceptions-renderer::components.formatted-source"},"timestamp":1777111694121}
{"sessionId":"366302","runId":"pre-fix","hypothesisId":"H4","location":"FileViewFinder.php:find","message":"view find called","data":{"name":"laravel-exceptions-renderer::components.syntax-highlight"},"timestamp":1777111694122}
{"sessionId":"366302","runId":"pre-fix","hypothesisId":"H4","location":"FileViewFinder.php:find","message":"view find called","data":{"name":"laravel-exceptions-renderer::components.file-with-line"},"timestamp":1777111694123}
{"sessionId":"366302","runId":"pre-fix","hypothesisId":"H4","location":"FileViewFinder.php:find","message":"view find called","data":{"name":"laravel-exceptions-renderer::components.vendor-frame"},"timestamp":1777111694124}
{"sessionId":"366302","runId":"pre-fix","hypothesisId":"H4","location":"FileViewFinder.php:find","message":"view find called","data":{"name":"laravel-exceptions-renderer::components.formatted-source"},"timestamp":1777111694125}
{"sessionId":"366302","runId":"pre-fix","hypothesisId":"H4","location":"FileViewFinder.php:find","message":"view find called","data":{"name":"laravel-exceptions-renderer::components.syntax-highlight"},"timestamp":1777111694126}
{"sessionId":"366302","runId":"pre-fix","hypothesisId":"H4","location":"FileViewFinder.php:find","message":"view find called","data":{"name":"laravel-exceptions-renderer::components.file-with-line"},"timestamp":1777111694126}
{"sessionId":"366302","runId":"pre-fix","hypothesisId":"H4","location":"FileViewFinder.php:find","message":"view find called","data":{"name":"laravel-exceptions-renderer::components.vendor-frame"},"timestamp":1777111694127}
{"sessionId":"366302","runId":"pre-fix","hypothesisId":"H4","location":"FileViewFinder.php:find","message":"view find called","data":{"name":"laravel-exceptions-renderer::components.formatted-source"},"timestamp":1777111694128}
{"sessionId":"366302","runId":"pre-fix","hypothesisId":"H4","location":"FileViewFinder.php:find","message":"view find called","data":{"name":"laravel-exceptions-renderer::components.syntax-highlight"},"timestamp":1777111694129}
{"sessionId":"366302","runId":"pre-fix","hypothesisId":"H4","location":"FileViewFinder.php:find","message":"view find called","data":{"name":"laravel-exceptions-renderer::components.file-with-line"},"timestamp":1777111694129}
{"sessionId":"366302","runId":"pre-fix","hypothesisId":"H4","location":"FileViewFinder.php:find","message":"view find called","data":{"name":"laravel-exceptions-renderer::components.vendor-frame"},"timestamp":1777111694130}
{"sessionId":"366302","runId":"pre-fix","hypothesisId":"H4","location":"FileViewFinder.php:find","message":"view find called","data":{"name":"laravel-exceptions-renderer::components.formatted-source"},"timestamp":1777111694131}
{"sessionId":"366302","runId":"pre-fix","hypothesisId":"H4","location":"FileViewFinder.php:find","message":"view find called","data":{"name":"laravel-exceptions-renderer::components.syntax-highlight"},"timestamp":1777111694131}
{"sessionId":"366302","runId":"pre-fix","hypothesisId":"H4","location":"FileViewFinder.php:find","message":"view find called","data":{"name":"laravel-exceptions-renderer::components.file-with-line"},"timestamp":1777111694132}
{"sessionId":"366302","runId":"pre-fix","hypothesisId":"H4","location":"FileViewFinder.php:find","message":"view find called","data":{"name":"laravel-exceptions-renderer::components.vendor-frame"},"timestamp":1777111694133}
{"sessionId":"366302","runId":"pre-fix","hypothesisId":"H4","location":"FileViewFinder.php:find","message":"view find called","data":{"name":"laravel-exceptions-renderer::components.formatted-source"},"timestamp":1777111694133}
{"sessionId":"366302","runId":"pre-fix","hypothesisId":"H4","location":"FileViewFinder.php:find","message":"view find called","data":{"name":"laravel-exceptions-renderer::components.syntax-highlight"},"timestamp":1777111694134}
{"sessionId":"366302","runId":"pre-fix","hypothesisId":"H4","location":"FileViewFinder.php:find","message":"view find called","data":{"name":"laravel-exceptions-renderer::components.file-with-line"},"timestamp":1777111694135}
{"sessionId":"366302","runId":"pre-fix","hypothesisId":"H4","location":"FileViewFinder.php:find","message":"view find called","data":{"name":"laravel-exceptions-renderer::components.vendor-frame"},"timestamp":1777111694136}
{"sessionId":"366302","runId":"pre-fix","hypothesisId":"H4","location":"FileViewFinder.php:find","message":"view find called","data":{"name":"laravel-exceptions-renderer::components.formatted-source"},"timestamp":1777111694136}
{"sessionId":"366302","runId":"pre-fix","hypothesisId":"H4","location":"FileViewFinder.php:find","message":"view find called","data":{"name":"laravel-exceptions-renderer::components.syntax-highlight"},"timestamp":1777111694137}
{"sessionId":"366302","runId":"pre-fix","hypothesisId":"H4","location":"FileViewFinder.php:find","message":"view find called","data":{"name":"laravel-exceptions-renderer::components.file-with-line"},"timestamp":1777111694137}
{"sessionId":"366302","runId":"pre-fix","hypothesisId":"H4","location":"FileViewFinder.php:find","message":"view find called","data":{"name":"laravel-exceptions-renderer::components.vendor-frame"},"timestamp":1777111694138}
{"sessionId":"366302","runId":"pre-fix","hypothesisId":"H4","location":"FileViewFinder.php:find","message":"view find called","data":{"name":"laravel-exceptions-renderer::components.formatted-source"},"timestamp":1777111694138}
{"sessionId":"366302","runId":"pre-fix","hypothesisId":"H4","location":"FileViewFinder.php:find","message":"view find called","data":{"name":"laravel-exceptions-renderer::components.syntax-highlight"},"timestamp":1777111694139}
{"sessionId":"366302","runId":"pre-fix","hypothesisId":"H4","location":"FileViewFinder.php:find","message":"view find called","data":{"name":"laravel-exceptions-renderer::components.file-with-line"},"timestamp":1777111694140}
{"sessionId":"366302","runId":"pre-fix","hypothesisId":"H4","location":"FileViewFinder.php:find","message":"view find called","data":{"name":"laravel-exceptions-renderer::components.vendor-frame"},"timestamp":1777111694141}
{"sessionId":"366302","runId":"pre-fix","hypothesisId":"H4","location":"FileViewFinder.php:find","message":"view find called","data":{"name":"laravel-exceptions-renderer::components.formatted-source"},"timestamp":1777111694142}
{"sessionId":"366302","runId":"pre-fix","hypothesisId":"H4","location":"FileViewFinder.php:find","message":"view find called","data":{"name":"laravel-exceptions-renderer::components.syntax-highlight"},"timestamp":1777111694142}
{"sessionId":"366302","runId":"pre-fix","hypothesisId":"H4","location":"FileViewFinder.php:find","message":"view find called","data":{"name":"laravel-exceptions-renderer::components.file-with-line"},"timestamp":1777111694143}
{"sessionId":"366302","runId":"pre-fix","hypothesisId":"H4","location":"FileViewFinder.php:find","message":"view find called","data":{"name":"laravel-exceptions-renderer::components.vendor-frame"},"timestamp":1777111694144}
{"sessionId":"366302","runId":"pre-fix","hypothesisId":"H4","location":"FileViewFinder.php:find","message":"view find called","data":{"name":"laravel-exceptions-renderer::components.formatted-source"},"timestamp":1777111694145}
{"sessionId":"366302","runId":"pre-fix","hypothesisId":"H4","location":"FileViewFinder.php:find","message":"view find called","data":{"name":"laravel-exceptions-renderer::components.syntax-highlight"},"timestamp":1777111694145}
{"sessionId":"366302","runId":"pre-fix","hypothesisId":"H4","location":"FileViewFinder.php:find","message":"view find called","data":{"name":"laravel-exceptions-renderer::components.file-with-line"},"timestamp":1777111694146}
{"sessionId":"366302","runId":"pre-fix","hypothesisId":"H4","location":"FileViewFinder.php:find","message":"view find called","data":{"name":"laravel-exceptions-renderer::components.vendor-frame"},"timestamp":1777111694147}
{"sessionId":"366302","runId":"pre-fix","hypothesisId":"H4","location":"FileViewFinder.php:find","message":"view find called","data":{"name":"laravel-exceptions-renderer::components.formatted-source"},"timestamp":1777111694148}
{"sessionId":"366302","runId":"pre-fix","hypothesisId":"H4","location":"FileViewFinder.php:find","message":"view find called","data":{"name":"laravel-exceptions-renderer::components.syntax-highlight"},"timestamp":1777111694148}
{"sessionId":"366302","runId":"pre-fix","hypothesisId":"H4","location":"FileViewFinder.php:find","message":"view find called","data":{"name":"laravel-exceptions-renderer::components.file-with-line"},"timestamp":1777111694149}
{"sessionId":"366302","runId":"pre-fix","hypothesisId":"H4","location":"FileViewFinder.php:find","message":"view find called","data":{"name":"laravel-exceptions-renderer::components.vendor-frame"},"timestamp":1777111694150}
{"sessionId":"366302","runId":"pre-fix","hypothesisId":"H4","location":"FileViewFinder.php:find","message":"view find called","data":{"name":"laravel-exceptions-renderer::components.formatted-source"},"timestamp":1777111694150}
{"sessionId":"366302","runId":"pre-fix","hypothesisId":"H4","location":"FileViewFinder.php:find","message":"view find called","data":{"name":"laravel-exceptions-renderer::components.syntax-highlight"},"timestamp":1777111694151}
{"sessionId":"366302","runId":"pre-fix","hypothesisId":"H4","location":"FileViewFinder.php:find","message":"view find called","data":{"name":"laravel-exceptions-renderer::components.file-with-line"},"timestamp":1777111694152}
{"sessionId":"366302","runId":"pre-fix","hypothesisId":"H4","location":"FileViewFinder.php:find","message":"view find called","data":{"name":"laravel-exceptions-renderer::components.vendor-frame"},"timestamp":1777111694153}
{"sessionId":"366302","runId":"pre-fix","hypothesisId":"H4","location":"FileViewFinder.php:find","message":"view find called","data":{"name":"laravel-exceptions-renderer::components.formatted-source"},"timestamp":1777111694154}
{"sessionId":"366302","runId":"pre-fix","hypothesisId":"H4","location":"FileViewFinder.php:find","message":"view find called","data":{"name":"laravel-exceptions-renderer::components.syntax-highlight"},"timestamp":1777111694154}
{"sessionId":"366302","runId":"pre-fix","hypothesisId":"H4","location":"FileViewFinder.php:find","message":"view find called","data":{"name":"laravel-exceptions-renderer::components.file-with-line"},"timestamp":1777111694155}
{"sessionId":"366302","runId":"pre-fix","hypothesisId":"H4","location":"FileViewFinder.php:find","message":"view find called","data":{"name":"laravel-exceptions-renderer::components.vendor-frame"},"timestamp":1777111694156}
{"sessionId":"366302","runId":"pre-fix","hypothesisId":"H4","location":"FileViewFinder.php:find","message":"view find called","data":{"name":"laravel-exceptions-renderer::components.formatted-source"},"timestamp":1777111694157}
{"sessionId":"366302","runId":"pre-fix","hypothesisId":"H4","location":"FileViewFinder.php:find","message":"view find called","data":{"name":"laravel-exceptions-renderer::components.syntax-highlight"},"timestamp":1777111694158}
{"sessionId":"366302","runId":"pre-fix","hypothesisId":"H4","location":"FileViewFinder.php:find","message":"view find called","data":{"name":"laravel-exceptions-renderer::components.file-with-line"},"timestamp":1777111694159}
{"sessionId":"366302","runId":"pre-fix","hypothesisId":"H4","location":"FileViewFinder.php:find","message":"view find called","data":{"name":"laravel-exceptions-renderer::components.vendor-frame"},"timestamp":1777111694160}
{"sessionId":"366302","runId":"pre-fix","hypothesisId":"H4","location":"FileViewFinder.php:find","message":"view find called","data":{"name":"laravel-exceptions-renderer::components.formatted-source"},"timestamp":1777111694161}
{"sessionId":"366302","runId":"pre-fix","hypothesisId":"H4","location":"FileViewFinder.php:find","message":"view find called","data":{"name":"laravel-exceptions-renderer::components.syntax-highlight"},"timestamp":1777111694162}
{"sessionId":"366302","runId":"pre-fix","hypothesisId":"H4","location":"FileViewFinder.php:find","message":"view find called","data":{"name":"laravel-exceptions-renderer::components.file-with-line"},"timestamp":1777111694162}
{"sessionId":"366302","runId":"pre-fix","hypothesisId":"H4","location":"FileViewFinder.php:find","message":"view find called","data":{"name":"laravel-exceptions-renderer::components.vendor-frame"},"timestamp":1777111694164}
{"sessionId":"366302","runId":"pre-fix","hypothesisId":"H4","location":"FileViewFinder.php:find","message":"view find called","data":{"name":"laravel-exceptions-renderer::components.formatted-source"},"timestamp":1777111694164}
{"sessionId":"366302","runId":"pre-fix","hypothesisId":"H4","location":"FileViewFinder.php:find","message":"view find called","data":{"name":"laravel-exceptions-renderer::components.syntax-highlight"},"timestamp":1777111694165}
{"sessionId":"366302","runId":"pre-fix","hypothesisId":"H4","location":"FileViewFinder.php:find","message":"view find called","data":{"name":"laravel-exceptions-renderer::components.file-with-line"},"timestamp":1777111694165}
{"sessionId":"366302","runId":"pre-fix","hypothesisId":"H4","location":"FileViewFinder.php:find","message":"view find called","data":{"name":"laravel-exceptions-renderer::components.vendor-frame"},"timestamp":1777111694166}
{"sessionId":"366302","runId":"pre-fix","hypothesisId":"H4","location":"FileViewFinder.php:find","message":"view find called","data":{"name":"laravel-exceptions-renderer::components.formatted-source"},"timestamp":1777111694167}
{"sessionId":"366302","runId":"pre-fix","hypothesisId":"H4","location":"FileViewFinder.php:find","message":"view find called","data":{"name":"laravel-exceptions-renderer::components.syntax-highlight"},"timestamp":1777111694167}
{"sessionId":"366302","runId":"pre-fix","hypothesisId":"H4","location":"FileViewFinder.php:find","message":"view find called","data":{"name":"laravel-exceptions-renderer::components.file-with-line"},"timestamp":1777111694168}
{"sessionId":"366302","runId":"pre-fix","hypothesisId":"H4","location":"FileViewFinder.php:find","message":"view find called","data":{"name":"laravel-exceptions-renderer::components.vendor-frame"},"timestamp":1777111694169}
{"sessionId":"366302","runId":"pre-fix","hypothesisId":"H4","location":"FileViewFinder.php:find","message":"view find called","data":{"name":"laravel-exceptions-renderer::components.formatted-source"},"timestamp":1777111694169}
{"sessionId":"366302","runId":"pre-fix","hypothesisId":"H4","location":"FileViewFinder.php:find","message":"view find called","data":{"name":"laravel-exceptions-renderer::components.syntax-highlight"},"timestamp":1777111694170}
{"sessionId":"366302","runId":"pre-fix","hypothesisId":"H4","location":"FileViewFinder.php:find","message":"view find called","data":{"name":"laravel-exceptions-renderer::components.file-with-line"},"timestamp":1777111694171}
{"sessionId":"366302","runId":"pre-fix","hypothesisId":"H4","location":"FileViewFinder.php:find","message":"view find called","data":{"name":"laravel-exceptions-renderer::components.vendor-frame"},"timestamp":1777111694172}
{"sessionId":"366302","runId":"pre-fix","hypothesisId":"H4","location":"FileViewFinder.php:find","message":"view find called","data":{"name":"laravel-exceptions-renderer::components.formatted-source"},"timestamp":1777111694174}
{"sessionId":"366302","runId":"pre-fix","hypothesisId":"H4","location":"FileViewFinder.php:find","message":"view find called","data":{"name":"laravel-exceptions-renderer::components.syntax-highlight"},"timestamp":1777111694174}
{"sessionId":"366302","runId":"pre-fix","hypothesisId":"H4","location":"FileViewFinder.php:find","message":"view find called","data":{"name":"laravel-exceptions-renderer::components.file-with-line"},"timestamp":1777111694175}
{"sessionId":"366302","runId":"pre-fix","hypothesisId":"H4","location":"FileViewFinder.php:find","message":"view find called","data":{"name":"laravel-exceptions-renderer::components.vendor-frame"},"timestamp":1777111694176}
{"sessionId":"366302","runId":"pre-fix","hypothesisId":"H4","location":"FileViewFinder.php:find","message":"view find called","data":{"name":"laravel-exceptions-renderer::components.formatted-source"},"timestamp":1777111694177}
{"sessionId":"366302","runId":"pre-fix","hypothesisId":"H4","location":"FileViewFinder.php:find","message":"view find called","data":{"name":"laravel-exceptions-renderer::components.syntax-highlight"},"timestamp":1777111694177}
{"sessionId":"366302","runId":"pre-fix","hypothesisId":"H4","location":"FileViewFinder.php:find","message":"view find called","data":{"name":"laravel-exceptions-renderer::components.file-with-line"},"timestamp":1777111694178}
{"sessionId":"366302","runId":"pre-fix","hypothesisId":"H4","location":"FileViewFinder.php:find","message":"view find called","data":{"name":"laravel-exceptions-renderer::components.vendor-frame"},"timestamp":1777111694179}
{"sessionId":"366302","runId":"pre-fix","hypothesisId":"H4","location":"FileViewFinder.php:find","message":"view find called","data":{"name":"laravel-exceptions-renderer::components.formatted-source"},"timestamp":1777111694179}
{"sessionId":"366302","runId":"pre-fix","hypothesisId":"H4","location":"FileViewFinder.php:find","message":"view find called","data":{"name":"laravel-exceptions-renderer::components.syntax-highlight"},"timestamp":1777111694180}
{"sessionId":"366302","runId":"pre-fix","hypothesisId":"H4","location":"FileViewFinder.php:find","message":"view find called","data":{"name":"laravel-exceptions-renderer::components.file-with-line"},"timestamp":1777111694181}
{"sessionId":"366302","runId":"pre-fix","hypothesisId":"H4","location":"FileViewFinder.php:find","message":"view find called","data":{"name":"laravel-exceptions-renderer::components.vendor-frame"},"timestamp":1777111694182}
{"sessionId":"366302","runId":"pre-fix","hypothesisId":"H4","location":"FileViewFinder.php:find","message":"view find called","data":{"name":"laravel-exceptions-renderer::components.formatted-source"},"timestamp":1777111694182}
{"sessionId":"366302","runId":"pre-fix","hypothesisId":"H4","location":"FileViewFinder.php:find","message":"view find called","data":{"name":"laravel-exceptions-renderer::components.syntax-highlight"},"timestamp":1777111694183}
{"sessionId":"366302","runId":"pre-fix","hypothesisId":"H4","location":"FileViewFinder.php:find","message":"view find called","data":{"name":"laravel-exceptions-renderer::components.file-with-line"},"timestamp":1777111694184}
{"sessionId":"366302","runId":"pre-fix","hypothesisId":"H4","location":"FileViewFinder.php:find","message":"view find called","data":{"name":"laravel-exceptions-renderer::components.vendor-frame"},"timestamp":1777111694184}
{"sessionId":"366302","runId":"pre-fix","hypothesisId":"H4","location":"FileViewFinder.php:find","message":"view find called","data":{"name":"laravel-exceptions-renderer::components.formatted-source"},"timestamp":1777111694185}
{"sessionId":"366302","runId":"pre-fix","hypothesisId":"H4","location":"FileViewFinder.php:find","message":"view find called","data":{"name":"laravel-exceptions-renderer::components.syntax-highlight"},"timestamp":1777111694185}
{"sessionId":"366302","runId":"pre-fix","hypothesisId":"H4","location":"FileViewFinder.php:find","message":"view find called","data":{"name":"laravel-exceptions-renderer::components.file-with-line"},"timestamp":1777111694186}
{"sessionId":"366302","runId":"pre-fix","hypothesisId":"H4","location":"FileViewFinder.php:find","message":"view find called","data":{"name":"laravel-exceptions-renderer::components.vendor-frame"},"timestamp":1777111694187}
{"sessionId":"366302","runId":"pre-fix","hypothesisId":"H4","location":"FileViewFinder.php:find","message":"view find called","data":{"name":"laravel-exceptions-renderer::components.formatted-source"},"timestamp":1777111694188}
{"sessionId":"366302","runId":"pre-fix","hypothesisId":"H4","location":"FileViewFinder.php:find","message":"view find called","data":{"name":"laravel-exceptions-renderer::components.syntax-highlight"},"timestamp":1777111694188}
{"sessionId":"366302","runId":"pre-fix","hypothesisId":"H4","location":"FileViewFinder.php:find","message":"view find called","data":{"name":"laravel-exceptions-renderer::components.file-with-line"},"timestamp":1777111694189}
{"sessionId":"366302","runId":"pre-fix","hypothesisId":"H4","location":"FileViewFinder.php:find","message":"view find called","data":{"name":"laravel-exceptions-renderer::components.vendor-frame"},"timestamp":1777111694191}
{"sessionId":"366302","runId":"pre-fix","hypothesisId":"H4","location":"FileViewFinder.php:find","message":"view find called","data":{"name":"laravel-exceptions-renderer::components.formatted-source"},"timestamp":1777111694192}
{"sessionId":"366302","runId":"pre-fix","hypothesisId":"H4","location":"FileViewFinder.php:find","message":"view find called","data":{"name":"laravel-exceptions-renderer::components.syntax-highlight"},"timestamp":1777111694192}
{"sessionId":"366302","runId":"pre-fix","hypothesisId":"H4","location":"FileViewFinder.php:find","message":"view find called","data":{"name":"laravel-exceptions-renderer::components.file-with-line"},"timestamp":1777111694193}
{"sessionId":"366302","runId":"pre-fix","hypothesisId":"H4","location":"FileViewFinder.php:find","message":"view find called","data":{"name":"laravel-exceptions-renderer::components.vendor-frame"},"timestamp":1777111694194}
{"sessionId":"366302","runId":"pre-fix","hypothesisId":"H4","location":"FileViewFinder.php:find","message":"view find called","data":{"name":"laravel-exceptions-renderer::components.formatted-source"},"timestamp":1777111694194}
{"sessionId":"366302","runId":"pre-fix","hypothesisId":"H4","location":"FileViewFinder.php:find","message":"view find called","data":{"name":"laravel-exceptions-renderer::components.syntax-highlight"},"timestamp":1777111694195}
{"sessionId":"366302","runId":"pre-fix","hypothesisId":"H4","location":"FileViewFinder.php:find","message":"view find called","data":{"name":"laravel-exceptions-renderer::components.file-with-line"},"timestamp":1777111694195}
{"sessionId":"366302","runId":"pre-fix","hypothesisId":"H4","location":"FileViewFinder.php:find","message":"view find called","data":{"name":"laravel-exceptions-renderer::components.vendor-frame"},"timestamp":1777111694196}
{"sessionId":"366302","runId":"pre-fix","hypothesisId":"H4","location":"FileViewFinder.php:find","message":"view find called","data":{"name":"laravel-exceptions-renderer::components.formatted-source"},"timestamp":1777111694197}
{"sessionId":"366302","runId":"pre-fix","hypothesisId":"H4","location":"FileViewFinder.php:find","message":"view find called","data":{"name":"laravel-exceptions-renderer::components.syntax-highlight"},"timestamp":1777111694197}
{"sessionId":"366302","runId":"pre-fix","hypothesisId":"H4","location":"FileViewFinder.php:find","message":"view find called","data":{"name":"laravel-exceptions-renderer::components.file-with-line"},"timestamp":1777111694198}
{"sessionId":"366302","runId":"pre-fix","hypothesisId":"H4","location":"FileViewFinder.php:find","message":"view find called","data":{"name":"laravel-exceptions-renderer::components.vendor-frame"},"timestamp":1777111694199}
{"sessionId":"366302","runId":"pre-fix","hypothesisId":"H4","location":"FileViewFinder.php:find","message":"view find called","data":{"name":"laravel-exceptions-renderer::components.formatted-source"},"timestamp":1777111694200}
{"sessionId":"366302","runId":"pre-fix","hypothesisId":"H4","location":"FileViewFinder.php:find","message":"view find called","data":{"name":"laravel-exceptions-renderer::components.syntax-highlight"},"timestamp":1777111694200}
{"sessionId":"366302","runId":"pre-fix","hypothesisId":"H4","location":"FileViewFinder.php:find","message":"view find called","data":{"name":"laravel-exceptions-renderer::components.file-with-line"},"timestamp":1777111694201}
{"sessionId":"366302","runId":"pre-fix","hypothesisId":"H4","location":"FileViewFinder.php:find","message":"view find called","data":{"name":"laravel-exceptions-renderer::components.vendor-frame"},"timestamp":1777111694202}
{"sessionId":"366302","runId":"pre-fix","hypothesisId":"H4","location":"FileViewFinder.php:find","message":"view find called","data":{"name":"laravel-exceptions-renderer::components.formatted-source"},"timestamp":1777111694202}
{"sessionId":"366302","runId":"pre-fix","hypothesisId":"H4","location":"FileViewFinder.php:find","message":"view find called","data":{"name":"laravel-exceptions-renderer::components.syntax-highlight"},"timestamp":1777111694203}
{"sessionId":"366302","runId":"pre-fix","hypothesisId":"H4","location":"FileViewFinder.php:find","message":"view find called","data":{"name":"laravel-exceptions-renderer::components.file-with-line"},"timestamp":1777111694204}
{"sessionId":"366302","runId":"pre-fix","hypothesisId":"H4","location":"FileViewFinder.php:find","message":"view find called","data":{"name":"laravel-exceptions-renderer::components.vendor-frame"},"timestamp":1777111694204}
{"sessionId":"366302","runId":"pre-fix","hypothesisId":"H4","location":"FileViewFinder.php:find","message":"view find called","data":{"name":"laravel-exceptions-renderer::components.formatted-source"},"timestamp":1777111694205}
{"sessionId":"366302","runId":"pre-fix","hypothesisId":"H4","location":"FileViewFinder.php:find","message":"view find called","data":{"name":"laravel-exceptions-renderer::components.syntax-highlight"},"timestamp":1777111694206}
{"sessionId":"366302","runId":"pre-fix","hypothesisId":"H4","location":"FileViewFinder.php:find","message":"view find called","data":{"name":"laravel-exceptions-renderer::components.file-with-line"},"timestamp":1777111694207}
{"sessionId":"366302","runId":"pre-fix","hypothesisId":"H4","location":"FileViewFinder.php:find","message":"view find called","data":{"name":"laravel-exceptions-renderer::components.vendor-frame"},"timestamp":1777111694209}
{"sessionId":"366302","runId":"pre-fix","hypothesisId":"H4","location":"FileViewFinder.php:find","message":"view find called","data":{"name":"laravel-exceptions-renderer::components.formatted-source"},"timestamp":1777111694209}
{"sessionId":"366302","runId":"pre-fix","hypothesisId":"H4","location":"FileViewFinder.php:find","message":"view find called","data":{"name":"laravel-exceptions-renderer::components.syntax-highlight"},"timestamp":1777111694210}
{"sessionId":"366302","runId":"pre-fix","hypothesisId":"H4","location":"FileViewFinder.php:find","message":"view find called","data":{"name":"laravel-exceptions-renderer::components.file-with-line"},"timestamp":1777111694210}
{"sessionId":"366302","runId":"pre-fix","hypothesisId":"H4","location":"FileViewFinder.php:find","message":"view find called","data":{"name":"laravel-exceptions-renderer::components.vendor-frame"},"timestamp":1777111694212}
{"sessionId":"366302","runId":"pre-fix","hypothesisId":"H4","location":"FileViewFinder.php:find","message":"view find called","data":{"name":"laravel-exceptions-renderer::components.formatted-source"},"timestamp":1777111694212}
{"sessionId":"366302","runId":"pre-fix","hypothesisId":"H4","location":"FileViewFinder.php:find","message":"view find called","data":{"name":"laravel-exceptions-renderer::components.syntax-highlight"},"timestamp":1777111694213}
{"sessionId":"366302","runId":"pre-fix","hypothesisId":"H4","location":"FileViewFinder.php:find","message":"view find called","data":{"name":"laravel-exceptions-renderer::components.file-with-line"},"timestamp":1777111694214}
{"sessionId":"366302","runId":"pre-fix","hypothesisId":"H4","location":"FileViewFinder.php:find","message":"view find called","data":{"name":"laravel-exceptions-renderer::components.vendor-frame"},"timestamp":1777111694215}
{"sessionId":"366302","runId":"pre-fix","hypothesisId":"H4","location":"FileViewFinder.php:find","message":"view find called","data":{"name":"laravel-exceptions-renderer::components.formatted-source"},"timestamp":1777111694215}
{"sessionId":"366302","runId":"pre-fix","hypothesisId":"H4","location":"FileViewFinder.php:find","message":"view find called","data":{"name":"laravel-exceptions-renderer::components.syntax-highlight"},"timestamp":1777111694216}
{"sessionId":"366302","runId":"pre-fix","hypothesisId":"H4","location":"FileViewFinder.php:find","message":"view find called","data":{"name":"laravel-exceptions-renderer::components.file-with-line"},"timestamp":1777111694217}
{"sessionId":"366302","runId":"pre-fix","hypothesisId":"H4","location":"FileViewFinder.php:find","message":"view find called","data":{"name":"laravel-exceptions-renderer::components.vendor-frame"},"timestamp":1777111694218}
{"sessionId":"366302","runId":"pre-fix","hypothesisId":"H4","location":"FileViewFinder.php:find","message":"view find called","data":{"name":"laravel-exceptions-renderer::components.formatted-source"},"timestamp":1777111694218}
{"sessionId":"366302","runId":"pre-fix","hypothesisId":"H4","location":"FileViewFinder.php:find","message":"view find called","data":{"name":"laravel-exceptions-renderer::components.syntax-highlight"},"timestamp":1777111694219}
{"sessionId":"366302","runId":"pre-fix","hypothesisId":"H4","location":"FileViewFinder.php:find","message":"view find called","data":{"name":"laravel-exceptions-renderer::components.file-with-line"},"timestamp":1777111694220}
{"sessionId":"366302","runId":"pre-fix","hypothesisId":"H4","location":"FileViewFinder.php:find","message":"view find called","data":{"name":"laravel-exceptions-renderer::components.vendor-frame"},"timestamp":1777111694221}
{"sessionId":"366302","runId":"pre-fix","hypothesisId":"H4","location":"FileViewFinder.php:find","message":"view find called","data":{"name":"laravel-exceptions-renderer::components.formatted-source"},"timestamp":1777111694221}
{"sessionId":"366302","runId":"pre-fix","hypothesisId":"H4","location":"FileViewFinder.php:find","message":"view find called","data":{"name":"laravel-exceptions-renderer::components.syntax-highlight"},"timestamp":1777111694222}
{"sessionId":"366302","runId":"pre-fix","hypothesisId":"H4","location":"FileViewFinder.php:find","message":"view find called","data":{"name":"laravel-exceptions-renderer::components.file-with-line"},"timestamp":1777111694223}
{"sessionId":"366302","runId":"pre-fix","hypothesisId":"H4","location":"FileViewFinder.php:find","message":"view find called","data":{"name":"laravel-exceptions-renderer::components.vendor-frame"},"timestamp":1777111694224}
{"sessionId":"366302","runId":"pre-fix","hypothesisId":"H4","location":"FileViewFinder.php:find","message":"view find called","data":{"name":"laravel-exceptions-renderer::components.formatted-source"},"timestamp":1777111694225}
{"sessionId":"366302","runId":"pre-fix","hypothesisId":"H4","location":"FileViewFinder.php:find","message":"view find called","data":{"name":"laravel-exceptions-renderer::components.syntax-highlight"},"timestamp":1777111694226}
{"sessionId":"366302","runId":"pre-fix","hypothesisId":"H4","location":"FileViewFinder.php:find","message":"view find called","data":{"name":"laravel-exceptions-renderer::components.file-with-line"},"timestamp":1777111694227}
{"sessionId":"366302","runId":"pre-fix","hypothesisId":"H4","location":"FileViewFinder.php:find","message":"view find called","data":{"name":"laravel-exceptions-renderer::components.vendor-frame"},"timestamp":1777111694228}
{"sessionId":"366302","runId":"pre-fix","hypothesisId":"H4","location":"FileViewFinder.php:find","message":"view find called","data":{"name":"laravel-exceptions-renderer::components.formatted-source"},"timestamp":1777111694228}
{"sessionId":"366302","runId":"pre-fix","hypothesisId":"H4","location":"FileViewFinder.php:find","message":"view find called","data":{"name":"laravel-exceptions-renderer::components.syntax-highlight"},"timestamp":1777111694229}
{"sessionId":"366302","runId":"pre-fix","hypothesisId":"H4","location":"FileViewFinder.php:find","message":"view find called","data":{"name":"laravel-exceptions-renderer::components.file-with-line"},"timestamp":1777111694230}
{"sessionId":"366302","runId":"pre-fix","hypothesisId":"H4","location":"FileViewFinder.php:find","message":"view find called","data":{"name":"laravel-exceptions-renderer::components.vendor-frame"},"timestamp":1777111694231}
{"sessionId":"366302","runId":"pre-fix","hypothesisId":"H4","location":"FileViewFinder.php:find","message":"view find called","data":{"name":"laravel-exceptions-renderer::components.formatted-source"},"timestamp":1777111694231}
{"sessionId":"366302","runId":"pre-fix","hypothesisId":"H4","location":"FileViewFinder.php:find","message":"view find called","data":{"name":"laravel-exceptions-renderer::components.syntax-highlight"},"timestamp":1777111694232}
{"sessionId":"366302","runId":"pre-fix","hypothesisId":"H4","location":"FileViewFinder.php:find","message":"view find called","data":{"name":"laravel-exceptions-renderer::components.file-with-line"},"timestamp":1777111694232}
{"sessionId":"366302","runId":"pre-fix","hypothesisId":"H4","location":"FileViewFinder.php:find","message":"view find called","data":{"name":"laravel-exceptions-renderer::components.vendor-frame"},"timestamp":1777111694233}
{"sessionId":"366302","runId":"pre-fix","hypothesisId":"H4","location":"FileViewFinder.php:find","message":"view find called","data":{"name":"laravel-exceptions-renderer::components.formatted-source"},"timestamp":1777111694234}
{"sessionId":"366302","runId":"pre-fix","hypothesisId":"H4","location":"FileViewFinder.php:find","message":"view find called","data":{"name":"laravel-exceptions-renderer::components.syntax-highlight"},"timestamp":1777111694234}
{"sessionId":"366302","runId":"pre-fix","hypothesisId":"H4","location":"FileViewFinder.php:find","message":"view find called","data":{"name":"laravel-exceptions-renderer::components.file-with-line"},"timestamp":1777111694235}
{"sessionId":"366302","runId":"pre-fix","hypothesisId":"H4","location":"FileViewFinder.php:find","message":"view find called","data":{"name":"laravel-exceptions-renderer::components.vendor-frame"},"timestamp":1777111694236}
{"sessionId":"366302","runId":"pre-fix","hypothesisId":"H4","location":"FileViewFinder.php:find","message":"view find called","data":{"name":"laravel-exceptions-renderer::components.formatted-source"},"timestamp":1777111694236}
{"sessionId":"366302","runId":"pre-fix","hypothesisId":"H4","location":"FileViewFinder.php:find","message":"view find called","data":{"name":"laravel-exceptions-renderer::components.syntax-highlight"},"timestamp":1777111694237}
{"sessionId":"366302","runId":"pre-fix","hypothesisId":"H4","location":"FileViewFinder.php:find","message":"view find called","data":{"name":"laravel-exceptions-renderer::components.file-with-line"},"timestamp":1777111694238}
{"sessionId":"366302","runId":"pre-fix","hypothesisId":"H4","location":"FileViewFinder.php:find","message":"view find called","data":{"name":"laravel-exceptions-renderer::components.vendor-frame"},"timestamp":1777111694241}
{"sessionId":"366302","runId":"pre-fix","hypothesisId":"H4","location":"FileViewFinder.php:find","message":"view find called","data":{"name":"laravel-exceptions-renderer::components.formatted-source"},"timestamp":1777111694241}
{"sessionId":"366302","runId":"pre-fix","hypothesisId":"H4","location":"FileViewFinder.php:find","message":"view find called","data":{"name":"laravel-exceptions-renderer::components.syntax-highlight"},"timestamp":1777111694242}
{"sessionId":"366302","runId":"pre-fix","hypothesisId":"H4","location":"FileViewFinder.php:find","message":"view find called","data":{"name":"laravel-exceptions-renderer::components.file-with-line"},"timestamp":1777111694243}
{"sessionId":"366302","runId":"pre-fix","hypothesisId":"H4","location":"FileViewFinder.php:find","message":"view find called","data":{"name":"laravel-exceptions-renderer::components.vendor-frame"},"timestamp":1777111694244}
{"sessionId":"366302","runId":"pre-fix","hypothesisId":"H4","location":"FileViewFinder.php:find","message":"view find called","data":{"name":"laravel-exceptions-renderer::components.formatted-source"},"timestamp":1777111694244}
{"sessionId":"366302","runId":"pre-fix","hypothesisId":"H4","location":"FileViewFinder.php:find","message":"view find called","data":{"name":"laravel-exceptions-renderer::components.syntax-highlight"},"timestamp":1777111694245}
{"sessionId":"366302","runId":"pre-fix","hypothesisId":"H4","location":"FileViewFinder.php:find","message":"view find called","data":{"name":"laravel-exceptions-renderer::components.file-with-line"},"timestamp":1777111694245}
{"sessionId":"366302","runId":"pre-fix","hypothesisId":"H4","location":"FileViewFinder.php:find","message":"view find called","data":{"name":"laravel-exceptions-renderer::components.vendor-frame"},"timestamp":1777111694246}
{"sessionId":"366302","runId":"pre-fix","hypothesisId":"H4","location":"FileViewFinder.php:find","message":"view find called","data":{"name":"laravel-exceptions-renderer::components.formatted-source"},"timestamp":1777111694247}
{"sessionId":"366302","runId":"pre-fix","hypothesisId":"H4","location":"FileViewFinder.php:find","message":"view find called","data":{"name":"laravel-exceptions-renderer::components.syntax-highlight"},"timestamp":1777111694247}
{"sessionId":"366302","runId":"pre-fix","hypothesisId":"H4","location":"FileViewFinder.php:find","message":"view find called","data":{"name":"laravel-exceptions-renderer::components.file-with-line"},"timestamp":1777111694248}
{"sessionId":"366302","runId":"pre-fix","hypothesisId":"H4","location":"FileViewFinder.php:find","message":"view find called","data":{"name":"laravel-exceptions-renderer::components.vendor-frame"},"timestamp":1777111694249}
{"sessionId":"366302","runId":"pre-fix","hypothesisId":"H4","location":"FileViewFinder.php:find","message":"view find called","data":{"name":"laravel-exceptions-renderer::components.formatted-source"},"timestamp":1777111694250}
{"sessionId":"366302","runId":"pre-fix","hypothesisId":"H4","location":"FileViewFinder.php:find","message":"view find called","data":{"name":"laravel-exceptions-renderer::components.syntax-highlight"},"timestamp":1777111694251}
{"sessionId":"366302","runId":"pre-fix","hypothesisId":"H4","location":"FileViewFinder.php:find","message":"view find called","data":{"name":"laravel-exceptions-renderer::components.file-with-line"},"timestamp":1777111694251}
{"sessionId":"366302","runId":"pre-fix","hypothesisId":"H4","location":"FileViewFinder.php:find","message":"view find called","data":{"name":"laravel-exceptions-renderer::components.vendor-frame"},"timestamp":1777111694252}
{"sessionId":"366302","runId":"pre-fix","hypothesisId":"H4","location":"FileViewFinder.php:find","message":"view find called","data":{"name":"laravel-exceptions-renderer::components.formatted-source"},"timestamp":1777111694253}
{"sessionId":"366302","runId":"pre-fix","hypothesisId":"H4","location":"FileViewFinder.php:find","message":"view find called","data":{"name":"laravel-exceptions-renderer::components.syntax-highlight"},"timestamp":1777111694253}
{"sessionId":"366302","runId":"pre-fix","hypothesisId":"H4","location":"FileViewFinder.php:find","message":"view find called","data":{"name":"laravel-exceptions-renderer::components.file-with-line"},"timestamp":1777111694254}
{"sessionId":"366302","runId":"pre-fix","hypothesisId":"H4","location":"FileViewFinder.php:find","message":"view find called","data":{"name":"laravel-exceptions-renderer::components.vendor-frame"},"timestamp":1777111694255}
{"sessionId":"366302","runId":"pre-fix","hypothesisId":"H4","location":"FileViewFinder.php:find","message":"view find called","data":{"name":"laravel-exceptions-renderer::components.formatted-source"},"timestamp":1777111694256}
{"sessionId":"366302","runId":"pre-fix","hypothesisId":"H4","location":"FileViewFinder.php:find","message":"view find called","data":{"name":"laravel-exceptions-renderer::components.syntax-highlight"},"timestamp":1777111694257}
{"sessionId":"366302","runId":"pre-fix","hypothesisId":"H4","location":"FileViewFinder.php:find","message":"view find called","data":{"name":"laravel-exceptions-renderer::components.file-with-line"},"timestamp":1777111694258}
{"sessionId":"366302","runId":"pre-fix","hypothesisId":"H4","location":"FileViewFinder.php:find","message":"view find called","data":{"name":"laravel-exceptions-renderer::components.vendor-frame"},"timestamp":1777111694259}
{"sessionId":"366302","runId":"pre-fix","hypothesisId":"H4","location":"FileViewFinder.php:find","message":"view find called","data":{"name":"laravel-exceptions-renderer::components.formatted-source"},"timestamp":1777111694260}
{"sessionId":"366302","runId":"pre-fix","hypothesisId":"H4","location":"FileViewFinder.php:find","message":"view find called","data":{"name":"laravel-exceptions-renderer::components.syntax-highlight"},"timestamp":1777111694261}
{"sessionId":"366302","runId":"pre-fix","hypothesisId":"H4","location":"FileViewFinder.php:find","message":"view find called","data":{"name":"laravel-exceptions-renderer::components.file-with-line"},"timestamp":1777111694261}
{"sessionId":"366302","runId":"pre-fix","hypothesisId":"H4","location":"FileViewFinder.php:find","message":"view find called","data":{"name":"laravel-exceptions-renderer::components.vendor-frame"},"timestamp":1777111694262}
{"sessionId":"366302","runId":"pre-fix","hypothesisId":"H4","location":"FileViewFinder.php:find","message":"view find called","data":{"name":"laravel-exceptions-renderer::components.formatted-source"},"timestamp":1777111694263}
{"sessionId":"366302","runId":"pre-fix","hypothesisId":"H4","location":"FileViewFinder.php:find","message":"view find called","data":{"name":"laravel-exceptions-renderer::components.syntax-highlight"},"timestamp":1777111694263}
{"sessionId":"366302","runId":"pre-fix","hypothesisId":"H4","location":"FileViewFinder.php:find","message":"view find called","data":{"name":"laravel-exceptions-renderer::components.file-with-line"},"timestamp":1777111694264}
{"sessionId":"366302","runId":"pre-fix","hypothesisId":"H4","location":"FileViewFinder.php:find","message":"view find called","data":{"name":"laravel-exceptions-renderer::components.vendor-frame"},"timestamp":1777111694265}
{"sessionId":"366302","runId":"pre-fix","hypothesisId":"H4","location":"FileViewFinder.php:find","message":"view find called","data":{"name":"laravel-exceptions-renderer::components.formatted-source"},"timestamp":1777111694265}
{"sessionId":"366302","runId":"pre-fix","hypothesisId":"H4","location":"FileViewFinder.php:find","message":"view find called","data":{"name":"laravel-exceptions-renderer::components.syntax-highlight"},"timestamp":1777111694266}
{"sessionId":"366302","runId":"pre-fix","hypothesisId":"H4","location":"FileViewFinder.php:find","message":"view find called","data":{"name":"laravel-exceptions-renderer::components.file-with-line"},"timestamp":1777111694267}
{"sessionId":"366302","runId":"pre-fix","hypothesisId":"H4","location":"FileViewFinder.php:find","message":"view find called","data":{"name":"laravel-exceptions-renderer::components.vendor-frame"},"timestamp":1777111694268}
{"sessionId":"366302","runId":"pre-fix","hypothesisId":"H4","location":"FileViewFinder.php:find","message":"view find called","data":{"name":"laravel-exceptions-renderer::components.formatted-source"},"timestamp":1777111694268}
{"sessionId":"366302","runId":"pre-fix","hypothesisId":"H4","location":"FileViewFinder.php:find","message":"view find called","data":{"name":"laravel-exceptions-renderer::components.syntax-highlight"},"timestamp":1777111694269}
{"sessionId":"366302","runId":"pre-fix","hypothesisId":"H4","location":"FileViewFinder.php:find","message":"view find called","data":{"name":"laravel-exceptions-renderer::components.file-with-line"},"timestamp":1777111694270}
{"sessionId":"366302","runId":"pre-fix","hypothesisId":"H4","location":"FileViewFinder.php:find","message":"view find called","data":{"name":"laravel-exceptions-renderer::components.vendor-frame"},"timestamp":1777111694271}
{"sessionId":"366302","runId":"pre-fix","hypothesisId":"H4","location":"FileViewFinder.php:find","message":"view find called","data":{"name":"laravel-exceptions-renderer::components.formatted-source"},"timestamp":1777111694272}
{"sessionId":"366302","runId":"pre-fix","hypothesisId":"H4","location":"FileViewFinder.php:find","message":"view find called","data":{"name":"laravel-exceptions-renderer::components.syntax-highlight"},"timestamp":1777111694273}
{"sessionId":"366302","runId":"pre-fix","hypothesisId":"H4","location":"FileViewFinder.php:find","message":"view find called","data":{"name":"laravel-exceptions-renderer::components.file-with-line"},"timestamp":1777111694274}
{"sessionId":"366302","runId":"pre-fix","hypothesisId":"H4","location":"FileViewFinder.php:find","message":"view find called","data":{"name":"laravel-exceptions-renderer::components.vendor-frame"},"timestamp":1777111694275}
{"sessionId":"366302","runId":"pre-fix","hypothesisId":"H4","location":"FileViewFinder.php:find","message":"view find called","data":{"name":"laravel-exceptions-renderer::components.formatted-source"},"timestamp":1777111694276}
{"sessionId":"366302","runId":"pre-fix","hypothesisId":"H4","location":"FileViewFinder.php:find","message":"view find called","data":{"name":"laravel-exceptions-renderer::components.syntax-highlight"},"timestamp":1777111694277}
{"sessionId":"366302","runId":"pre-fix","hypothesisId":"H4","location":"FileViewFinder.php:find","message":"view find called","data":{"name":"laravel-exceptions-renderer::components.file-with-line"},"timestamp":1777111694277}
{"sessionId":"366302","runId":"pre-fix","hypothesisId":"H4","location":"FileViewFinder.php:find","message":"view find called","data":{"name":"laravel-exceptions-renderer::components.vendor-frame"},"timestamp":1777111694278}
{"sessionId":"366302","runId":"pre-fix","hypothesisId":"H4","location":"FileViewFinder.php:find","message":"view find called","data":{"name":"laravel-exceptions-renderer::components.formatted-source"},"timestamp":1777111694279}
{"sessionId":"366302","runId":"pre-fix","hypothesisId":"H4","location":"FileViewFinder.php:find","message":"view find called","data":{"name":"laravel-exceptions-renderer::components.syntax-highlight"},"timestamp":1777111694280}
{"sessionId":"366302","runId":"pre-fix","hypothesisId":"H4","location":"FileViewFinder.php:find","message":"view find called","data":{"name":"laravel-exceptions-renderer::components.file-with-line"},"timestamp":1777111694280}
{"sessionId":"366302","runId":"pre-fix","hypothesisId":"H4","location":"FileViewFinder.php:find","message":"view find called","data":{"name":"laravel-exceptions-renderer::components.vendor-frame"},"timestamp":1777111694281}
{"sessionId":"366302","runId":"pre-fix","hypothesisId":"H4","location":"FileViewFinder.php:find","message":"view find called","data":{"name":"laravel-exceptions-renderer::components.formatted-source"},"timestamp":1777111694282}
{"sessionId":"366302","runId":"pre-fix","hypothesisId":"H4","location":"FileViewFinder.php:find","message":"view find called","data":{"name":"laravel-exceptions-renderer::components.syntax-highlight"},"timestamp":1777111694283}
{"sessionId":"366302","runId":"pre-fix","hypothesisId":"H4","location":"FileViewFinder.php:find","message":"view find called","data":{"name":"laravel-exceptions-renderer::components.file-with-line"},"timestamp":1777111694283}
{"sessionId":"366302","runId":"pre-fix","hypothesisId":"H4","location":"FileViewFinder.php:find","message":"view find called","data":{"name":"laravel-exceptions-renderer::components.vendor-frame"},"timestamp":1777111694284}
{"sessionId":"366302","runId":"pre-fix","hypothesisId":"H4","location":"FileViewFinder.php:find","message":"view find called","data":{"name":"laravel-exceptions-renderer::components.formatted-source"},"timestamp":1777111694285}
{"sessionId":"366302","runId":"pre-fix","hypothesisId":"H4","location":"FileViewFinder.php:find","message":"view find called","data":{"name":"laravel-exceptions-renderer::components.syntax-highlight"},"timestamp":1777111694286}
{"sessionId":"366302","runId":"pre-fix","hypothesisId":"H4","location":"FileViewFinder.php:find","message":"view find called","data":{"name":"laravel-exceptions-renderer::components.file-with-line"},"timestamp":1777111694286}
{"sessionId":"366302","runId":"pre-fix","hypothesisId":"H4","location":"FileViewFinder.php:find","message":"view find called","data":{"name":"laravel-exceptions-renderer::components.vendor-frame"},"timestamp":1777111694287}
{"sessionId":"366302","runId":"pre-fix","hypothesisId":"H4","location":"FileViewFinder.php:find","message":"view find called","data":{"name":"laravel-exceptions-renderer::components.formatted-source"},"timestamp":1777111694288}
{"sessionId":"366302","runId":"pre-fix","hypothesisId":"H4","location":"FileViewFinder.php:find","message":"view find called","data":{"name":"laravel-exceptions-renderer::components.syntax-highlight"},"timestamp":1777111694289}
{"sessionId":"366302","runId":"pre-fix","hypothesisId":"H4","location":"FileViewFinder.php:find","message":"view find called","data":{"name":"laravel-exceptions-renderer::components.file-with-line"},"timestamp":1777111694290}
{"sessionId":"366302","runId":"pre-fix","hypothesisId":"H4","location":"FileViewFinder.php:find","message":"view find called","data":{"name":"laravel-exceptions-renderer::components.vendor-frame"},"timestamp":1777111694292}
{"sessionId":"366302","runId":"pre-fix","hypothesisId":"H4","location":"FileViewFinder.php:find","message":"view find called","data":{"name":"laravel-exceptions-renderer::components.formatted-source"},"timestamp":1777111694292}
{"sessionId":"366302","runId":"pre-fix","hypothesisId":"H4","location":"FileViewFinder.php:find","message":"view find called","data":{"name":"laravel-exceptions-renderer::components.syntax-highlight"},"timestamp":1777111694293}
{"sessionId":"366302","runId":"pre-fix","hypothesisId":"H4","location":"FileViewFinder.php:find","message":"view find called","data":{"name":"laravel-exceptions-renderer::components.file-with-line"},"timestamp":1777111694294}
{"sessionId":"366302","runId":"pre-fix","hypothesisId":"H4","location":"FileViewFinder.php:find","message":"view find called","data":{"name":"laravel-exceptions-renderer::components.vendor-frame"},"timestamp":1777111694294}
{"sessionId":"366302","runId":"pre-fix","hypothesisId":"H4","location":"FileViewFinder.php:find","message":"view find called","data":{"name":"laravel-exceptions-renderer::components.formatted-source"},"timestamp":1777111694295}
{"sessionId":"366302","runId":"pre-fix","hypothesisId":"H4","location":"FileViewFinder.php:find","message":"view find called","data":{"name":"laravel-exceptions-renderer::components.syntax-highlight"},"timestamp":1777111694296}
{"sessionId":"366302","runId":"pre-fix","hypothesisId":"H4","location":"FileViewFinder.php:find","message":"view find called","data":{"name":"laravel-exceptions-renderer::components.file-with-line"},"timestamp":1777111694296}
{"sessionId":"366302","runId":"pre-fix","hypothesisId":"H4","location":"FileViewFinder.php:find","message":"view find called","data":{"name":"laravel-exceptions-renderer::components.vendor-frame"},"timestamp":1777111694297}
{"sessionId":"366302","runId":"pre-fix","hypothesisId":"H4","location":"FileViewFinder.php:find","message":"view find called","data":{"name":"laravel-exceptions-renderer::components.formatted-source"},"timestamp":1777111694298}
{"sessionId":"366302","runId":"pre-fix","hypothesisId":"H4","location":"FileViewFinder.php:find","message":"view find called","data":{"name":"laravel-exceptions-renderer::components.syntax-highlight"},"timestamp":1777111694298}
{"sessionId":"366302","runId":"pre-fix","hypothesisId":"H4","location":"FileViewFinder.php:find","message":"view find called","data":{"name":"laravel-exceptions-renderer::components.file-with-line"},"timestamp":1777111694299}
{"sessionId":"366302","runId":"pre-fix","hypothesisId":"H4","location":"FileViewFinder.php:find","message":"view find called","data":{"name":"laravel-exceptions-renderer::components.frame"},"timestamp":1777111694300}
{"sessionId":"366302","runId":"pre-fix","hypothesisId":"H4","location":"FileViewFinder.php:find","message":"view find called","data":{"name":"laravel-exceptions-renderer::components.frame"},"timestamp":1777111694300}
{"sessionId":"366302","runId":"pre-fix","hypothesisId":"H4","location":"FileViewFinder.php:find","message":"view find called","data":{"name":"laravel-exceptions-renderer::components.formatted-source"},"timestamp":1777111694302}
{"sessionId":"366302","runId":"pre-fix","hypothesisId":"H4","location":"FileViewFinder.php:find","message":"view find called","data":{"name":"laravel-exceptions-renderer::components.syntax-highlight"},"timestamp":1777111694303}
{"sessionId":"366302","runId":"pre-fix","hypothesisId":"H4","location":"FileViewFinder.php:find","message":"view find called","data":{"name":"laravel-exceptions-renderer::components.file-with-line"},"timestamp":1777111694304}
{"sessionId":"366302","runId":"pre-fix","hypothesisId":"H4","location":"FileViewFinder.php:find","message":"view find called","data":{"name":"laravel-exceptions-renderer::components.icons.chevrons-down-up"},"timestamp":1777111694304}
{"sessionId":"366302","runId":"pre-fix","hypothesisId":"H4","location":"FileViewFinder.php:find","message":"view find called","data":{"name":"laravel-exceptions-renderer::components.icons.chevrons-up-down"},"timestamp":1777111694305}
{"sessionId":"366302","runId":"pre-fix","hypothesisId":"H4","location":"FileViewFinder.php:find","message":"view find called","data":{"name":"laravel-exceptions-renderer::components.frame-code"},"timestamp":1777111694307}
{"sessionId":"366302","runId":"pre-fix","hypothesisId":"H4","location":"FileViewFinder.php:find","message":"view find called","data":{"name":"laravel-exceptions-renderer::components.frame-code"},"timestamp":1777111694307}
{"sessionId":"366302","runId":"pre-fix","hypothesisId":"H4","location":"FileViewFinder.php:find","message":"view find called","data":{"name":"laravel-exceptions-renderer::components.syntax-highlight"},"timestamp":1777111694309}
{"sessionId":"366302","runId":"pre-fix","hypothesisId":"H4","location":"FileViewFinder.php:find","message":"view find called","data":{"name":"laravel-exceptions-renderer::components.vendor-frames"},"timestamp":1777111694309}
{"sessionId":"366302","runId":"pre-fix","hypothesisId":"H4","location":"FileViewFinder.php:find","message":"view find called","data":{"name":"laravel-exceptions-renderer::components.icons.folder"},"timestamp":1777111694310}
{"sessionId":"366302","runId":"pre-fix","hypothesisId":"H4","location":"FileViewFinder.php:find","message":"view find called","data":{"name":"laravel-exceptions-renderer::components.icons.folder-open"},"timestamp":1777111694311}
{"sessionId":"366302","runId":"pre-fix","hypothesisId":"H4","location":"FileViewFinder.php:find","message":"view find called","data":{"name":"laravel-exceptions-renderer::components.icons.chevrons-down-up"},"timestamp":1777111694311}
{"sessionId":"366302","runId":"pre-fix","hypothesisId":"H4","location":"FileViewFinder.php:find","message":"view find called","data":{"name":"laravel-exceptions-renderer::components.icons.chevrons-up-down"},"timestamp":1777111694312}
{"sessionId":"366302","runId":"pre-fix","hypothesisId":"H4","location":"FileViewFinder.php:find","message":"view find called","data":{"name":"laravel-exceptions-renderer::components.vendor-frame"},"timestamp":1777111694312}
{"sessionId":"366302","runId":"pre-fix","hypothesisId":"H4","location":"FileViewFinder.php:find","message":"view find called","data":{"name":"laravel-exceptions-renderer::components.file-with-line"},"timestamp":1777111694313}
{"sessionId":"366302","runId":"pre-fix","hypothesisId":"H4","location":"FileViewFinder.php:find","message":"view find called","data":{"name":"laravel-exceptions-renderer::components.query"},"timestamp":1777111694314}
{"sessionId":"366302","runId":"pre-fix","hypothesisId":"H4","location":"FileViewFinder.php:find","message":"view find called","data":{"name":"laravel-exceptions-renderer::components.query"},"timestamp":1777111694315}
{"sessionId":"366302","runId":"pre-fix","hypothesisId":"H4","location":"FileViewFinder.php:find","message":"view find called","data":{"name":"laravel-exceptions-renderer::components.icons.database"},"timestamp":1777111694316}
{"sessionId":"366302","runId":"pre-fix","hypothesisId":"H4","location":"FileViewFinder.php:find","message":"view find called","data":{"name":"laravel-exceptions-renderer::components.icons.database"},"timestamp":1777111694317}
{"sessionId":"366302","runId":"pre-fix","hypothesisId":"H4","location":"FileViewFinder.php:find","message":"view find called","data":{"name":"laravel-exceptions-renderer::components.icons.database"},"timestamp":1777111694318}
{"sessionId":"366302","runId":"pre-fix","hypothesisId":"H4","location":"FileViewFinder.php:find","message":"view find called","data":{"name":"laravel-exceptions-renderer::components.syntax-highlight"},"timestamp":1777111694318}
{"sessionId":"366302","runId":"pre-fix","hypothesisId":"H4","location":"FileViewFinder.php:find","message":"view find called","data":{"name":"laravel-exceptions-renderer::components.icons.database"},"timestamp":1777111694319}
{"sessionId":"366302","runId":"pre-fix","hypothesisId":"H4","location":"FileViewFinder.php:find","message":"view find called","data":{"name":"laravel-exceptions-renderer::components.syntax-highlight"},"timestamp":1777111694320}
{"sessionId":"366302","runId":"pre-fix","hypothesisId":"H4","location":"FileViewFinder.php:find","message":"view find called","data":{"name":"laravel-exceptions-renderer::components.icons.chevrons-left"},"timestamp":1777111694320}
{"sessionId":"366302","runId":"pre-fix","hypothesisId":"H4","location":"FileViewFinder.php:find","message":"view find called","data":{"name":"laravel-exceptions-renderer::components.icons.chevrons-left"},"timestamp":1777111694321}
{"sessionId":"366302","runId":"pre-fix","hypothesisId":"H4","location":"FileViewFinder.php:find","message":"view find called","data":{"name":"laravel-exceptions-renderer::components.icons.chevron-left"},"timestamp":1777111694322}
{"sessionId":"366302","runId":"pre-fix","hypothesisId":"H4","location":"FileViewFinder.php:find","message":"view find called","data":{"name":"laravel-exceptions-renderer::components.icons.chevron-left"},"timestamp":1777111694323}
{"sessionId":"366302","runId":"pre-fix","hypothesisId":"H4","location":"FileViewFinder.php:find","message":"view find called","data":{"name":"laravel-exceptions-renderer::components.icons.chevron-right"},"timestamp":1777111694325}
{"sessionId":"366302","runId":"pre-fix","hypothesisId":"H4","location":"FileViewFinder.php:find","message":"view find called","data":{"name":"laravel-exceptions-renderer::components.icons.chevron-right"},"timestamp":1777111694325}
{"sessionId":"366302","runId":"pre-fix","hypothesisId":"H4","location":"FileViewFinder.php:find","message":"view find called","data":{"name":"laravel-exceptions-renderer::components.icons.chevrons-right"},"timestamp":1777111694326}
{"sessionId":"366302","runId":"pre-fix","hypothesisId":"H4","location":"FileViewFinder.php:find","message":"view find called","data":{"name":"laravel-exceptions-renderer::components.icons.chevrons-right"},"timestamp":1777111694327}
{"sessionId":"366302","runId":"pre-fix","hypothesisId":"H4","location":"FileViewFinder.php:find","message":"view find called","data":{"name":"laravel-exceptions-renderer::components.section-container"},"timestamp":1777111694328}
{"sessionId":"366302","runId":"pre-fix","hypothesisId":"H4","location":"FileViewFinder.php:find","message":"view find called","data":{"name":"laravel-exceptions-renderer::components.separator"},"timestamp":1777111694328}
{"sessionId":"366302","runId":"pre-fix","hypothesisId":"H4","location":"FileViewFinder.php:find","message":"view find called","data":{"name":"laravel-exceptions-renderer::components.request-header"},"timestamp":1777111694329}
{"sessionId":"366302","runId":"pre-fix","hypothesisId":"H4","location":"FileViewFinder.php:find","message":"view find called","data":{"name":"laravel-exceptions-renderer::components.request-header"},"timestamp":1777111694329}
{"sessionId":"366302","runId":"pre-fix","hypothesisId":"H4","location":"FileViewFinder.php:find","message":"view find called","data":{"name":"laravel-exceptions-renderer::components.request-body"},"timestamp":1777111694331}
{"sessionId":"366302","runId":"pre-fix","hypothesisId":"H4","location":"FileViewFinder.php:find","message":"view find called","data":{"name":"laravel-exceptions-renderer::components.request-body"},"timestamp":1777111694331}
{"sessionId":"366302","runId":"pre-fix","hypothesisId":"H4","location":"FileViewFinder.php:find","message":"view find called","data":{"name":"laravel-exceptions-renderer::components.empty-state"},"timestamp":1777111694333}
{"sessionId":"366302","runId":"pre-fix","hypothesisId":"H4","location":"FileViewFinder.php:find","message":"view find called","data":{"name":"laravel-exceptions-renderer::components.empty-state"},"timestamp":1777111694333}
{"sessionId":"366302","runId":"pre-fix","hypothesisId":"H4","location":"FileViewFinder.php:find","message":"view find called","data":{"name":"laravel-exceptions-renderer::components.routing"},"timestamp":1777111694334}
{"sessionId":"366302","runId":"pre-fix","hypothesisId":"H4","location":"FileViewFinder.php:find","message":"view find called","data":{"name":"laravel-exceptions-renderer::components.routing"},"timestamp":1777111694335}
{"sessionId":"366302","runId":"pre-fix","hypothesisId":"H4","location":"FileViewFinder.php:find","message":"view find called","data":{"name":"laravel-exceptions-renderer::components.routing-parameter"},"timestamp":1777111694336}
{"sessionId":"366302","runId":"pre-fix","hypothesisId":"H4","location":"FileViewFinder.php:find","message":"view find called","data":{"name":"laravel-exceptions-renderer::components.routing-parameter"},"timestamp":1777111694337}
{"sessionId":"366302","runId":"pre-fix","hypothesisId":"H4","location":"FileViewFinder.php:find","message":"view find called","data":{"name":"laravel-exceptions-renderer::components.syntax-highlight"},"timestamp":1777111694340}
{"sessionId":"366302","runId":"pre-fix","hypothesisId":"H4","location":"FileViewFinder.php:find","message":"view find called","data":{"name":"laravel-exceptions-renderer::components.section-container"},"timestamp":1777111694341}
{"sessionId":"366302","runId":"pre-fix","hypothesisId":"H4","location":"FileViewFinder.php:find","message":"view find called","data":{"name":"laravel-exceptions-renderer::components.separator"},"timestamp":1777111694342}
{"sessionId":"366302","runId":"pre-fix","hypothesisId":"H4","location":"FileViewFinder.php:find","message":"view find called","data":{"name":"laravel-exceptions-renderer::components.laravel-ascii-spotlight"},"timestamp":1777111694342}
{"sessionId":"366302","runId":"pre-fix","hypothesisId":"H4","location":"FileViewFinder.php:find","message":"view find called","data":{"name":"laravel-exceptions-renderer::components.laravel-ascii-spotlight"},"timestamp":1777111694343}
{"sessionId":"366302","runId":"pre-fix","hypothesisId":"H4","location":"FileViewFinder.php:find","message":"view find called","data":{"name":"laravel-exceptions-renderer::components.icons.laravel-ascii"},"timestamp":1777111694344}
{"sessionId":"366302","runId":"pre-fix","hypothesisId":"H4","location":"FileViewFinder.php:find","message":"view find called","data":{"name":"laravel-exceptions-renderer::components.icons.laravel-ascii"},"timestamp":1777111694344}
{"sessionId":"366302","runId":"pre-fix","hypothesisId":"H4","location":"FileViewFinder.php:find","message":"view find called","data":{"name":"laravel-exceptions-renderer::components.icons.laravel-ascii"},"timestamp":1777111694346}
{"sessionId":"366302","runId":"pre-fix","hypothesisId":"H4","location":"FileViewFinder.php:find","message":"view find called","data":{"name":"laravel-exceptions-renderer::components.section-container"},"timestamp":1777111694346}
{"sessionId":"366302","runId":"pre-fix","hypothesisId":"H4","location":"FileViewFinder.php:find","message":"view find called","data":{"name":"laravel-exceptions-renderer::components.layout"},"timestamp":1777111694347}
{"sessionId":"366302","runId":"pre-fix","hypothesisId":"H4","location":"FileViewFinder.php:find","message":"view find called","data":{"name":"product.show"},"timestamp":1777111749532}
{"sessionId":"366302","runId":"pre-fix","hypothesisId":"H2","location":"ComponentTagCompiler.php:componentString","message":"component tag compiled","data":{"component":"layouts.app"},"timestamp":1777111749535}
{"sessionId":"366302","runId":"pre-fix","hypothesisId":"H3","location":"ComponentTagCompiler.php:guessAnonymousComponentUsingNamespaces","message":"checking anonymous component namespaces","data":{"component":"layouts.app","registeredNamespaces":[]},"timestamp":1777111749536}
{"sessionId":"366302","runId":"pre-fix","hypothesisId":"H4","location":"FileViewFinder.php:find","message":"view find called","data":{"name":"components.layouts.app"},"timestamp":1777111749537}
{"sessionId":"366302","runId":"pre-fix","hypothesisId":"H4","location":"FileViewFinder.php:find","message":"view find called","data":{"name":"components.layouts.app"},"timestamp":1777111749747}
{"sessionId":"366302","runId":"pre-fix","hypothesisId":"H4","location":"FileViewFinder.php:find","message":"view find called","data":{"name":"components.layouts.app"},"timestamp":1777111749759}
{"sessionId":"366302","runId":"pre-fix","hypothesisId":"H2","location":"ComponentTagCompiler.php:componentString","message":"component tag compiled","data":{"component":"navigation"},"timestamp":1777111749761}
{"sessionId":"366302","runId":"pre-fix","hypothesisId":"H3","location":"ComponentTagCompiler.php:guessAnonymousComponentUsingNamespaces","message":"checking anonymous component namespaces","data":{"component":"navigation","registeredNamespaces":[]},"timestamp":1777111749762}
{"sessionId":"366302","runId":"pre-fix","hypothesisId":"H4","location":"FileViewFinder.php:find","message":"view find called","data":{"name":"components.navigation"},"timestamp":1777111749762}
{"sessionId":"366302","runId":"pre-fix","hypothesisId":"H2","location":"ComponentTagCompiler.php:componentString","message":"component tag compiled","data":{"component":"footer"},"timestamp":1777111749763}
{"sessionId":"366302","runId":"pre-fix","hypothesisId":"H3","location":"ComponentTagCompiler.php:guessAnonymousComponentUsingNamespaces","message":"checking anonymous component namespaces","data":{"component":"footer","registeredNamespaces":[]},"timestamp":1777111749764}
{"sessionId":"366302","runId":"pre-fix","hypothesisId":"H4","location":"FileViewFinder.php:find","message":"view find called","data":{"name":"components.footer"},"timestamp":1777111749764}
{"sessionId":"366302","runId":"pre-fix","hypothesisId":"H4","location":"FileViewFinder.php:find","message":"view find called","data":{"name":"components.navigation"},"timestamp":1777111750001}
{"sessionId":"366302","runId":"pre-fix","hypothesisId":"H4","location":"FileViewFinder.php:find","message":"view find called","data":{"name":"components.navigation"},"timestamp":1777111750001}
{"sessionId":"366302","runId":"pre-fix","hypothesisId":"H4","location":"FileViewFinder.php:find","message":"view find called","data":{"name":"components.footer"},"timestamp":1777111750002}
{"sessionId":"366302","runId":"pre-fix","hypothesisId":"H4","location":"FileViewFinder.php:find","message":"view find called","data":{"name":"components.footer"},"timestamp":1777111750003}
{"sessionId":"366302","runId":"pre-fix","hypothesisId":"H4","location":"FileViewFinder.php:find","message":"view find called","data":{"name":"livewire.product-catalog"},"timestamp":1777111751660}
{"sessionId":"366302","runId":"pre-fix","hypothesisId":"H4","location":"FileViewFinder.php:find","message":"view find called","data":{"name":"components.single-product-card"},"timestamp":1777111751664}
{"sessionId":"366302","runId":"pre-fix","hypothesisId":"H4","location":"FileViewFinder.php:find","message":"view find called","data":{"name":"components.single-product-card"},"timestamp":1777111751665}
{"sessionId":"366302","runId":"pre-fix","hypothesisId":"H4","location":"FileViewFinder.php:find","message":"view find called","data":{"name":"components.single-product-card"},"timestamp":1777111751666}
{"sessionId":"366302","runId":"pre-fix","hypothesisId":"H4","location":"FileViewFinder.php:find","message":"view find called","data":{"name":"components.single-product-card"},"timestamp":1777111751667}
{"sessionId":"366302","runId":"pre-fix","hypothesisId":"H4","location":"FileViewFinder.php:find","message":"view find called","data":{"name":"components.single-product-card"},"timestamp":1777111751668}
{"sessionId":"366302","runId":"pre-fix","hypothesisId":"H4","location":"FileViewFinder.php:find","message":"view find called","data":{"name":"components.single-product-card"},"timestamp":1777111751669}
{"sessionId":"366302","runId":"pre-fix","hypothesisId":"H4","location":"FileViewFinder.php:find","message":"view find called","data":{"name":"components.single-product-card"},"timestamp":1777111751670}
{"sessionId":"366302","runId":"pre-fix","hypothesisId":"H4","location":"FileViewFinder.php:find","message":"view find called","data":{"name":"components.single-product-card"},"timestamp":1777111751671}
{"sessionId":"366302","runId":"pre-fix","hypothesisId":"H4","location":"FileViewFinder.php:find","message":"view find called","data":{"name":"components.single-product-card"},"timestamp":1777111751672}
{"sessionId":"366302","runId":"pre-fix","hypothesisId":"H4","location":"FileViewFinder.php:find","message":"view find called","data":{"name":"components.single-product-card"},"timestamp":1777111751673}
{"sessionId":"366302","runId":"pre-fix","hypothesisId":"H4","location":"FileViewFinder.php:find","message":"view find called","data":{"name":"livewire::tailwind"},"timestamp":1777111751674}
{"sessionId":"366302","runId":"pre-fix","hypothesisId":"H4","location":"FileViewFinder.php:find","message":"view find called","data":{"name":"    <?php $layout->viewContext->mergeIntoNewEnvironment($__env); ?>\n\n    @component($layout->view, $layout->params)\n        @slot($layout->slotOrSection)\n            {!! $content !!}\n        @endslot\n\n        <?php\n        // Manually forward slots defined in the Livewire template into the layout component...\n        foreach ($layout->viewContext->slots[-1] ?? [] as $name => $slot) {\n            $__env->slot($name, attributes: $slot->attributes->getAttributes());\n            echo $slot->toHtml();\n            $__env->endSlot();\n        }\n        ?>\n    @endcomponent"},"timestamp":1777111751682}
{"sessionId":"366302","runId":"pre-fix","hypothesisId":"H4","location":"FileViewFinder.php:find","message":"view find called","data":{"name":"__components::4943bc92ebba41e8b0e508149542e0ad"},"timestamp":1777111751683}
{"sessionId":"366302","runId":"pre-fix","hypothesisId":"H4","location":"FileViewFinder.php:find","message":"view find called","data":{"name":"layouts::app"},"timestamp":1777111751685}
{"sessionId":"366302","runId":"pre-fix","hypothesisId":"H1","location":"FileViewFinder.php:parseNamespaceSegments","message":"missing namespace hint","data":{"name":"layouts::app","namespace":"layouts","knownHints":["laravel-exceptions","laravel-exceptions-renderer","notifications","pagination","filament-actions","filament-panels","filament-forms","filament-infolists","filament-notifications","filament-schemas","filament","filament-tables","filament-widgets","35855995f1b56a50801a7c5f5830d7f9","cd36171f3d880811b606666971989a86","af6a29d55d306249cfe5b80ece79872b","pages","livewire","media-library","__components"]},"timestamp":1777111751686}
{"sessionId":"366302","runId":"pre-fix","hypothesisId":"H4","location":"FileViewFinder.php:find","message":"view find called","data":{"name":"laravel-exceptions-renderer::markdown"},"timestamp":1777111751978}
{"sessionId":"366302","runId":"pre-fix","hypothesisId":"H4","location":"FileViewFinder.php:find","message":"view find called","data":{"name":"laravel-exceptions-renderer::show"},"timestamp":1777111752586}
{"sessionId":"366302","runId":"pre-fix","hypothesisId":"H4","location":"FileViewFinder.php:find","message":"view find called","data":{"name":"laravel-exceptions-renderer::components.layout"},"timestamp":1777111752587}
{"sessionId":"366302","runId":"pre-fix","hypothesisId":"H4","location":"FileViewFinder.php:find","message":"view find called","data":{"name":"laravel-exceptions-renderer::components.section-container"},"timestamp":1777111752591}
{"sessionId":"366302","runId":"pre-fix","hypothesisId":"H4","location":"FileViewFinder.php:find","message":"view find called","data":{"name":"laravel-exceptions-renderer::components.topbar"},"timestamp":1777111752605}
{"sessionId":"366302","runId":"pre-fix","hypothesisId":"H4","location":"FileViewFinder.php:find","message":"view find called","data":{"name":"laravel-exceptions-renderer::components.topbar"},"timestamp":1777111752606}
{"sessionId":"366302","runId":"pre-fix","hypothesisId":"H4","location":"FileViewFinder.php:find","message":"view find called","data":{"name":"laravel-exceptions-renderer::components.icons.copy"},"timestamp":1777111752618}
{"sessionId":"366302","runId":"pre-fix","hypothesisId":"H4","location":"FileViewFinder.php:find","message":"view find called","data":{"name":"laravel-exceptions-renderer::components.icons.copy"},"timestamp":1777111752618}
{"sessionId":"366302","runId":"pre-fix","hypothesisId":"H4","location":"FileViewFinder.php:find","message":"view find called","data":{"name":"laravel-exceptions-renderer::components.icons.check"},"timestamp":1777111752619}
{"sessionId":"366302","runId":"pre-fix","hypothesisId":"H4","location":"FileViewFinder.php:find","message":"view find called","data":{"name":"laravel-exceptions-renderer::components.icons.check"},"timestamp":1777111752620}
{"sessionId":"366302","runId":"pre-fix","hypothesisId":"H4","location":"FileViewFinder.php:find","message":"view find called","data":{"name":"laravel-exceptions-renderer::components.section-container"},"timestamp":1777111752621}
{"sessionId":"366302","runId":"pre-fix","hypothesisId":"H4","location":"FileViewFinder.php:find","message":"view find called","data":{"name":"laravel-exceptions-renderer::components.separator"},"timestamp":1777111752622}
{"sessionId":"366302","runId":"pre-fix","hypothesisId":"H4","location":"FileViewFinder.php:find","message":"view find called","data":{"name":"laravel-exceptions-renderer::components.separator"},"timestamp":1777111752623}
{"sessionId":"366302","runId":"pre-fix","hypothesisId":"H4","location":"FileViewFinder.php:find","message":"view find called","data":{"name":"laravel-exceptions-renderer::components.header"},"timestamp":1777111752624}
{"sessionId":"366302","runId":"pre-fix","hypothesisId":"H4","location":"FileViewFinder.php:find","message":"view find called","data":{"name":"laravel-exceptions-renderer::components.header"},"timestamp":1777111752625}
{"sessionId":"366302","runId":"pre-fix","hypothesisId":"H4","location":"FileViewFinder.php:find","message":"view find called","data":{"name":"laravel-exceptions-renderer::components.file-with-line"},"timestamp":1777111752632}
{"sessionId":"366302","runId":"pre-fix","hypothesisId":"H4","location":"FileViewFinder.php:find","message":"view find called","data":{"name":"laravel-exceptions-renderer::components.file-with-line"},"timestamp":1777111752633}
{"sessionId":"366302","runId":"pre-fix","hypothesisId":"H4","location":"FileViewFinder.php:find","message":"view find called","data":{"name":"laravel-exceptions-renderer::components.badge"},"timestamp":1777111752640}
{"sessionId":"366302","runId":"pre-fix","hypothesisId":"H4","location":"FileViewFinder.php:find","message":"view find called","data":{"name":"laravel-exceptions-renderer::components.icons.alert"},"timestamp":1777111752642}
{"sessionId":"366302","runId":"pre-fix","hypothesisId":"H4","location":"FileViewFinder.php:find","message":"view find called","data":{"name":"laravel-exceptions-renderer::components.icons.alert"},"timestamp":1777111752646}
{"sessionId":"366302","runId":"pre-fix","hypothesisId":"H4","location":"FileViewFinder.php:find","message":"view find called","data":{"name":"laravel-exceptions-renderer::components.badge"},"timestamp":1777111752648}
{"sessionId":"366302","runId":"pre-fix","hypothesisId":"H4","location":"FileViewFinder.php:find","message":"view find called","data":{"name":"laravel-exceptions-renderer::components.badge"},"timestamp":1777111752653}
{"sessionId":"366302","runId":"pre-fix","hypothesisId":"H4","location":"FileViewFinder.php:find","message":"view find called","data":{"name":"laravel-exceptions-renderer::components.request-url"},"timestamp":1777111752655}
{"sessionId":"366302","runId":"pre-fix","hypothesisId":"H4","location":"FileViewFinder.php:find","message":"view find called","data":{"name":"laravel-exceptions-renderer::components.request-url"},"timestamp":1777111752656}
{"sessionId":"366302","runId":"pre-fix","hypothesisId":"H4","location":"FileViewFinder.php:find","message":"view find called","data":{"name":"laravel-exceptions-renderer::components.icons.alert"},"timestamp":1777111752658}
{"sessionId":"366302","runId":"pre-fix","hypothesisId":"H4","location":"FileViewFinder.php:find","message":"view find called","data":{"name":"laravel-exceptions-renderer::components.badge"},"timestamp":1777111752660}
{"sessionId":"366302","runId":"pre-fix","hypothesisId":"H4","location":"FileViewFinder.php:find","message":"view find called","data":{"name":"laravel-exceptions-renderer::components.http-method"},"timestamp":1777111752665}
{"sessionId":"366302","runId":"pre-fix","hypothesisId":"H4","location":"FileViewFinder.php:find","message":"view find called","data":{"name":"laravel-exceptions-renderer::components.http-method"},"timestamp":1777111752667}
{"sessionId":"366302","runId":"pre-fix","hypothesisId":"H4","location":"FileViewFinder.php:find","message":"view find called","data":{"name":"laravel-exceptions-renderer::components.icons.globe"},"timestamp":1777111752668}
{"sessionId":"366302","runId":"pre-fix","hypothesisId":"H4","location":"FileViewFinder.php:find","message":"view find called","data":{"name":"laravel-exceptions-renderer::components.icons.globe"},"timestamp":1777111752675}
{"sessionId":"366302","runId":"pre-fix","hypothesisId":"H4","location":"FileViewFinder.php:find","message":"view find called","data":{"name":"laravel-exceptions-renderer::components.badge"},"timestamp":1777111752680}
{"sessionId":"366302","runId":"pre-fix","hypothesisId":"H4","location":"FileViewFinder.php:find","message":"view find called","data":{"name":"laravel-exceptions-renderer::components.icons.copy"},"timestamp":1777111752682}
{"sessionId":"366302","runId":"pre-fix","hypothesisId":"H4","location":"FileViewFinder.php:find","message":"view find called","data":{"name":"laravel-exceptions-renderer::components.icons.check"},"timestamp":1777111752684}
{"sessionId":"366302","runId":"pre-fix","hypothesisId":"H4","location":"FileViewFinder.php:find","message":"view find called","data":{"name":"laravel-exceptions-renderer::components.section-container"},"timestamp":1777111752685}
{"sessionId":"366302","runId":"pre-fix","hypothesisId":"H4","location":"FileViewFinder.php:find","message":"view find called","data":{"name":"laravel-exceptions-renderer::components.separator"},"timestamp":1777111752686}
{"sessionId":"366302","runId":"pre-fix","hypothesisId":"H4","location":"FileViewFinder.php:find","message":"view find called","data":{"name":"laravel-exceptions-renderer::components.trace"},"timestamp":1777111752689}
{"sessionId":"366302","runId":"pre-fix","hypothesisId":"H4","location":"FileViewFinder.php:find","message":"view find called","data":{"name":"laravel-exceptions-renderer::components.trace"},"timestamp":1777111752690}
{"sessionId":"366302","runId":"pre-fix","hypothesisId":"H4","location":"FileViewFinder.php:find","message":"view find called","data":{"name":"laravel-exceptions-renderer::components.icons.alert"},"timestamp":1777111752691}
{"sessionId":"366302","runId":"pre-fix","hypothesisId":"H4","location":"FileViewFinder.php:find","message":"view find called","data":{"name":"laravel-exceptions-renderer::components.vendor-frames"},"timestamp":1777111752693}
{"sessionId":"366302","runId":"pre-fix","hypothesisId":"H4","location":"FileViewFinder.php:find","message":"view find called","data":{"name":"laravel-exceptions-renderer::components.vendor-frames"},"timestamp":1777111752695}
{"sessionId":"366302","runId":"pre-fix","hypothesisId":"H4","location":"FileViewFinder.php:find","message":"view find called","data":{"name":"laravel-exceptions-renderer::components.icons.folder"},"timestamp":1777111752697}
{"sessionId":"366302","runId":"pre-fix","hypothesisId":"H4","location":"FileViewFinder.php:find","message":"view find called","data":{"name":"laravel-exceptions-renderer::components.icons.folder"},"timestamp":1777111752699}
{"sessionId":"366302","runId":"pre-fix","hypothesisId":"H4","location":"FileViewFinder.php:find","message":"view find called","data":{"name":"laravel-exceptions-renderer::components.icons.folder-open"},"timestamp":1777111752702}
{"sessionId":"366302","runId":"pre-fix","hypothesisId":"H4","location":"FileViewFinder.php:find","message":"view find called","data":{"name":"laravel-exceptions-renderer::components.icons.folder-open"},"timestamp":1777111752703}
{"sessionId":"366302","runId":"pre-fix","hypothesisId":"H4","location":"FileViewFinder.php:find","message":"view find called","data":{"name":"laravel-exceptions-renderer::components.icons.chevrons-down-up"},"timestamp":1777111752704}
{"sessionId":"366302","runId":"pre-fix","hypothesisId":"H4","location":"FileViewFinder.php:find","message":"view find called","data":{"name":"laravel-exceptions-renderer::components.icons.chevrons-down-up"},"timestamp":1777111752705}
{"sessionId":"366302","runId":"pre-fix","hypothesisId":"H4","location":"FileViewFinder.php:find","message":"view find called","data":{"name":"laravel-exceptions-renderer::components.icons.chevrons-up-down"},"timestamp":1777111752708}
{"sessionId":"366302","runId":"pre-fix","hypothesisId":"H4","location":"FileViewFinder.php:find","message":"view find called","data":{"name":"laravel-exceptions-renderer::components.icons.chevrons-up-down"},"timestamp":1777111752711}
{"sessionId":"366302","runId":"pre-fix","hypothesisId":"H4","location":"FileViewFinder.php:find","message":"view find called","data":{"name":"laravel-exceptions-renderer::components.vendor-frame"},"timestamp":1777111752713}
{"sessionId":"366302","runId":"pre-fix","hypothesisId":"H4","location":"FileViewFinder.php:find","message":"view find called","data":{"name":"laravel-exceptions-renderer::components.vendor-frame"},"timestamp":1777111752716}
{"sessionId":"366302","runId":"pre-fix","hypothesisId":"H4","location":"FileViewFinder.php:find","message":"view find called","data":{"name":"laravel-exceptions-renderer::components.formatted-source"},"timestamp":1777111752717}
{"sessionId":"366302","runId":"pre-fix","hypothesisId":"H4","location":"FileViewFinder.php:find","message":"view find called","data":{"name":"laravel-exceptions-renderer::components.formatted-source"},"timestamp":1777111752718}
{"sessionId":"366302","runId":"pre-fix","hypothesisId":"H4","location":"FileViewFinder.php:find","message":"view find called","data":{"name":"laravel-exceptions-renderer::components.syntax-highlight"},"timestamp":1777111752720}
{"sessionId":"366302","runId":"pre-fix","hypothesisId":"H4","location":"FileViewFinder.php:find","message":"view find called","data":{"name":"laravel-exceptions-renderer::components.syntax-highlight"},"timestamp":1777111752720}
{"sessionId":"366302","runId":"pre-fix","hypothesisId":"H4","location":"FileViewFinder.php:find","message":"view find called","data":{"name":"laravel-exceptions-renderer::components.file-with-line"},"timestamp":1777111752722}
{"sessionId":"366302","runId":"pre-fix","hypothesisId":"H4","location":"FileViewFinder.php:find","message":"view find called","data":{"name":"laravel-exceptions-renderer::components.vendor-frame"},"timestamp":1777111752724}
{"sessionId":"366302","runId":"pre-fix","hypothesisId":"H4","location":"FileViewFinder.php:find","message":"view find called","data":{"name":"laravel-exceptions-renderer::components.formatted-source"},"timestamp":1777111752724}
{"sessionId":"366302","runId":"pre-fix","hypothesisId":"H4","location":"FileViewFinder.php:find","message":"view find called","data":{"name":"laravel-exceptions-renderer::components.syntax-highlight"},"timestamp":1777111752725}
{"sessionId":"366302","runId":"pre-fix","hypothesisId":"H4","location":"FileViewFinder.php:find","message":"view find called","data":{"name":"laravel-exceptions-renderer::components.file-with-line"},"timestamp":1777111752727}
{"sessionId":"366302","runId":"pre-fix","hypothesisId":"H4","location":"FileViewFinder.php:find","message":"view find called","data":{"name":"laravel-exceptions-renderer::components.vendor-frame"},"timestamp":1777111752728}
{"sessionId":"366302","runId":"pre-fix","hypothesisId":"H4","location":"FileViewFinder.php:find","message":"view find called","data":{"name":"laravel-exceptions-renderer::components.formatted-source"},"timestamp":1777111752729}
{"sessionId":"366302","runId":"pre-fix","hypothesisId":"H4","location":"FileViewFinder.php:find","message":"view find called","data":{"name":"laravel-exceptions-renderer::components.syntax-highlight"},"timestamp":1777111752730}
{"sessionId":"366302","runId":"pre-fix","hypothesisId":"H4","location":"FileViewFinder.php:find","message":"view find called","data":{"name":"laravel-exceptions-renderer::components.file-with-line"},"timestamp":1777111752731}
{"sessionId":"366302","runId":"pre-fix","hypothesisId":"H4","location":"FileViewFinder.php:find","message":"view find called","data":{"name":"laravel-exceptions-renderer::components.vendor-frame"},"timestamp":1777111752733}
{"sessionId":"366302","runId":"pre-fix","hypothesisId":"H4","location":"FileViewFinder.php:find","message":"view find called","data":{"name":"laravel-exceptions-renderer::components.formatted-source"},"timestamp":1777111752735}
{"sessionId":"366302","runId":"pre-fix","hypothesisId":"H4","location":"FileViewFinder.php:find","message":"view find called","data":{"name":"laravel-exceptions-renderer::components.syntax-highlight"},"timestamp":1777111752735}
{"sessionId":"366302","runId":"pre-fix","hypothesisId":"H4","location":"FileViewFinder.php:find","message":"view find called","data":{"name":"laravel-exceptions-renderer::components.file-with-line"},"timestamp":1777111752737}
{"sessionId":"366302","runId":"pre-fix","hypothesisId":"H4","location":"FileViewFinder.php:find","message":"view find called","data":{"name":"laravel-exceptions-renderer::components.vendor-frame"},"timestamp":1777111752738}
{"sessionId":"366302","runId":"pre-fix","hypothesisId":"H4","location":"FileViewFinder.php:find","message":"view find called","data":{"name":"laravel-exceptions-renderer::components.formatted-source"},"timestamp":1777111752740}
{"sessionId":"366302","runId":"pre-fix","hypothesisId":"H4","location":"FileViewFinder.php:find","message":"view find called","data":{"name":"laravel-exceptions-renderer::components.syntax-highlight"},"timestamp":1777111752742}
{"sessionId":"366302","runId":"pre-fix","hypothesisId":"H4","location":"FileViewFinder.php:find","message":"view find called","data":{"name":"laravel-exceptions-renderer::components.file-with-line"},"timestamp":1777111752743}
{"sessionId":"366302","runId":"pre-fix","hypothesisId":"H4","location":"FileViewFinder.php:find","message":"view find called","data":{"name":"laravel-exceptions-renderer::components.frame"},"timestamp":1777111752746}
{"sessionId":"366302","runId":"pre-fix","hypothesisId":"H4","location":"FileViewFinder.php:find","message":"view find called","data":{"name":"laravel-exceptions-renderer::components.frame"},"timestamp":1777111752746}
{"sessionId":"366302","runId":"pre-fix","hypothesisId":"H4","location":"FileViewFinder.php:find","message":"view find called","data":{"name":"laravel-exceptions-renderer::components.formatted-source"},"timestamp":1777111752748}
{"sessionId":"366302","runId":"pre-fix","hypothesisId":"H4","location":"FileViewFinder.php:find","message":"view find called","data":{"name":"laravel-exceptions-renderer::components.syntax-highlight"},"timestamp":1777111752749}
{"sessionId":"366302","runId":"pre-fix","hypothesisId":"H4","location":"FileViewFinder.php:find","message":"view find called","data":{"name":"laravel-exceptions-renderer::components.file-with-line"},"timestamp":1777111752750}
{"sessionId":"366302","runId":"pre-fix","hypothesisId":"H4","location":"FileViewFinder.php:find","message":"view find called","data":{"name":"laravel-exceptions-renderer::components.icons.chevrons-down-up"},"timestamp":1777111752751}
{"sessionId":"366302","runId":"pre-fix","hypothesisId":"H4","location":"FileViewFinder.php:find","message":"view find called","data":{"name":"laravel-exceptions-renderer::components.icons.chevrons-up-down"},"timestamp":1777111752753}
{"sessionId":"366302","runId":"pre-fix","hypothesisId":"H4","location":"FileViewFinder.php:find","message":"view find called","data":{"name":"laravel-exceptions-renderer::components.frame-code"},"timestamp":1777111752754}
{"sessionId":"366302","runId":"pre-fix","hypothesisId":"H4","location":"FileViewFinder.php:find","message":"view find called","data":{"name":"laravel-exceptions-renderer::components.frame-code"},"timestamp":1777111752755}
{"sessionId":"366302","runId":"pre-fix","hypothesisId":"H4","location":"FileViewFinder.php:find","message":"view find called","data":{"name":"laravel-exceptions-renderer::components.syntax-highlight"},"timestamp":1777111752756}
{"sessionId":"366302","runId":"pre-fix","hypothesisId":"H4","location":"FileViewFinder.php:find","message":"view find called","data":{"name":"laravel-exceptions-renderer::components.vendor-frames"},"timestamp":1777111752757}
{"sessionId":"366302","runId":"pre-fix","hypothesisId":"H4","location":"FileViewFinder.php:find","message":"view find called","data":{"name":"laravel-exceptions-renderer::components.icons.folder"},"timestamp":1777111752758}
{"sessionId":"366302","runId":"pre-fix","hypothesisId":"H4","location":"FileViewFinder.php:find","message":"view find called","data":{"name":"laravel-exceptions-renderer::components.icons.folder-open"},"timestamp":1777111752758}
{"sessionId":"366302","runId":"pre-fix","hypothesisId":"H4","location":"FileViewFinder.php:find","message":"view find called","data":{"name":"laravel-exceptions-renderer::components.icons.chevrons-down-up"},"timestamp":1777111752760}
{"sessionId":"366302","runId":"pre-fix","hypothesisId":"H4","location":"FileViewFinder.php:find","message":"view find called","data":{"name":"laravel-exceptions-renderer::components.icons.chevrons-up-down"},"timestamp":1777111752761}
{"sessionId":"366302","runId":"pre-fix","hypothesisId":"H4","location":"FileViewFinder.php:find","message":"view find called","data":{"name":"laravel-exceptions-renderer::components.vendor-frame"},"timestamp":1777111752762}
{"sessionId":"366302","runId":"pre-fix","hypothesisId":"H4","location":"FileViewFinder.php:find","message":"view find called","data":{"name":"laravel-exceptions-renderer::components.formatted-source"},"timestamp":1777111752762}
{"sessionId":"366302","runId":"pre-fix","hypothesisId":"H4","location":"FileViewFinder.php:find","message":"view find called","data":{"name":"laravel-exceptions-renderer::components.syntax-highlight"},"timestamp":1777111752763}
{"sessionId":"366302","runId":"pre-fix","hypothesisId":"H4","location":"FileViewFinder.php:find","message":"view find called","data":{"name":"laravel-exceptions-renderer::components.file-with-line"},"timestamp":1777111752764}
{"sessionId":"366302","runId":"pre-fix","hypothesisId":"H4","location":"FileViewFinder.php:find","message":"view find called","data":{"name":"laravel-exceptions-renderer::components.vendor-frame"},"timestamp":1777111752766}
{"sessionId":"366302","runId":"pre-fix","hypothesisId":"H4","location":"FileViewFinder.php:find","message":"view find called","data":{"name":"laravel-exceptions-renderer::components.formatted-source"},"timestamp":1777111752767}
{"sessionId":"366302","runId":"pre-fix","hypothesisId":"H4","location":"FileViewFinder.php:find","message":"view find called","data":{"name":"laravel-exceptions-renderer::components.syntax-highlight"},"timestamp":1777111752768}
{"sessionId":"366302","runId":"pre-fix","hypothesisId":"H4","location":"FileViewFinder.php:find","message":"view find called","data":{"name":"laravel-exceptions-renderer::components.file-with-line"},"timestamp":1777111752768}
{"sessionId":"366302","runId":"pre-fix","hypothesisId":"H4","location":"FileViewFinder.php:find","message":"view find called","data":{"name":"laravel-exceptions-renderer::components.vendor-frame"},"timestamp":1777111752770}
{"sessionId":"366302","runId":"pre-fix","hypothesisId":"H4","location":"FileViewFinder.php:find","message":"view find called","data":{"name":"laravel-exceptions-renderer::components.formatted-source"},"timestamp":1777111752770}
{"sessionId":"366302","runId":"pre-fix","hypothesisId":"H4","location":"FileViewFinder.php:find","message":"view find called","data":{"name":"laravel-exceptions-renderer::components.syntax-highlight"},"timestamp":1777111752771}
{"sessionId":"366302","runId":"pre-fix","hypothesisId":"H4","location":"FileViewFinder.php:find","message":"view find called","data":{"name":"laravel-exceptions-renderer::components.file-with-line"},"timestamp":1777111752772}
{"sessionId":"366302","runId":"pre-fix","hypothesisId":"H4","location":"FileViewFinder.php:find","message":"view find called","data":{"name":"laravel-exceptions-renderer::components.vendor-frame"},"timestamp":1777111752774}
{"sessionId":"366302","runId":"pre-fix","hypothesisId":"H4","location":"FileViewFinder.php:find","message":"view find called","data":{"name":"laravel-exceptions-renderer::components.formatted-source"},"timestamp":1777111752775}
{"sessionId":"366302","runId":"pre-fix","hypothesisId":"H4","location":"FileViewFinder.php:find","message":"view find called","data":{"name":"laravel-exceptions-renderer::components.syntax-highlight"},"timestamp":1777111752776}
{"sessionId":"366302","runId":"pre-fix","hypothesisId":"H4","location":"FileViewFinder.php:find","message":"view find called","data":{"name":"laravel-exceptions-renderer::components.file-with-line"},"timestamp":1777111752777}
{"sessionId":"366302","runId":"pre-fix","hypothesisId":"H4","location":"FileViewFinder.php:find","message":"view find called","data":{"name":"laravel-exceptions-renderer::components.vendor-frame"},"timestamp":1777111752778}
{"sessionId":"366302","runId":"pre-fix","hypothesisId":"H4","location":"FileViewFinder.php:find","message":"view find called","data":{"name":"laravel-exceptions-renderer::components.formatted-source"},"timestamp":1777111752779}
{"sessionId":"366302","runId":"pre-fix","hypothesisId":"H4","location":"FileViewFinder.php:find","message":"view find called","data":{"name":"laravel-exceptions-renderer::components.syntax-highlight"},"timestamp":1777111752780}
{"sessionId":"366302","runId":"pre-fix","hypothesisId":"H4","location":"FileViewFinder.php:find","message":"view find called","data":{"name":"laravel-exceptions-renderer::components.file-with-line"},"timestamp":1777111752782}
{"sessionId":"366302","runId":"pre-fix","hypothesisId":"H4","location":"FileViewFinder.php:find","message":"view find called","data":{"name":"laravel-exceptions-renderer::components.vendor-frame"},"timestamp":1777111752784}
{"sessionId":"366302","runId":"pre-fix","hypothesisId":"H4","location":"FileViewFinder.php:find","message":"view find called","data":{"name":"laravel-exceptions-renderer::components.formatted-source"},"timestamp":1777111752785}
{"sessionId":"366302","runId":"pre-fix","hypothesisId":"H4","location":"FileViewFinder.php:find","message":"view find called","data":{"name":"laravel-exceptions-renderer::components.syntax-highlight"},"timestamp":1777111752787}
{"sessionId":"366302","runId":"pre-fix","hypothesisId":"H4","location":"FileViewFinder.php:find","message":"view find called","data":{"name":"laravel-exceptions-renderer::components.file-with-line"},"timestamp":1777111752788}
{"sessionId":"366302","runId":"pre-fix","hypothesisId":"H4","location":"FileViewFinder.php:find","message":"view find called","data":{"name":"laravel-exceptions-renderer::components.vendor-frame"},"timestamp":1777111752789}
{"sessionId":"366302","runId":"pre-fix","hypothesisId":"H4","location":"FileViewFinder.php:find","message":"view find called","data":{"name":"laravel-exceptions-renderer::components.formatted-source"},"timestamp":1777111752790}
{"sessionId":"366302","runId":"pre-fix","hypothesisId":"H4","location":"FileViewFinder.php:find","message":"view find called","data":{"name":"laravel-exceptions-renderer::components.syntax-highlight"},"timestamp":1777111752791}
{"sessionId":"366302","runId":"pre-fix","hypothesisId":"H4","location":"FileViewFinder.php:find","message":"view find called","data":{"name":"laravel-exceptions-renderer::components.file-with-line"},"timestamp":1777111752792}
{"sessionId":"366302","runId":"pre-fix","hypothesisId":"H4","location":"FileViewFinder.php:find","message":"view find called","data":{"name":"laravel-exceptions-renderer::components.vendor-frame"},"timestamp":1777111752796}
{"sessionId":"366302","runId":"pre-fix","hypothesisId":"H4","location":"FileViewFinder.php:find","message":"view find called","data":{"name":"laravel-exceptions-renderer::components.formatted-source"},"timestamp":1777111752797}
{"sessionId":"366302","runId":"pre-fix","hypothesisId":"H4","location":"FileViewFinder.php:find","message":"view find called","data":{"name":"laravel-exceptions-renderer::components.syntax-highlight"},"timestamp":1777111752798}
{"sessionId":"366302","runId":"pre-fix","hypothesisId":"H4","location":"FileViewFinder.php:find","message":"view find called","data":{"name":"laravel-exceptions-renderer::components.file-with-line"},"timestamp":1777111752799}
{"sessionId":"366302","runId":"pre-fix","hypothesisId":"H4","location":"FileViewFinder.php:find","message":"view find called","data":{"name":"laravel-exceptions-renderer::components.vendor-frame"},"timestamp":1777111752800}
{"sessionId":"366302","runId":"pre-fix","hypothesisId":"H4","location":"FileViewFinder.php:find","message":"view find called","data":{"name":"laravel-exceptions-renderer::components.formatted-source"},"timestamp":1777111752801}
{"sessionId":"366302","runId":"pre-fix","hypothesisId":"H4","location":"FileViewFinder.php:find","message":"view find called","data":{"name":"laravel-exceptions-renderer::components.syntax-highlight"},"timestamp":1777111752801}
{"sessionId":"366302","runId":"pre-fix","hypothesisId":"H4","location":"FileViewFinder.php:find","message":"view find called","data":{"name":"laravel-exceptions-renderer::components.file-with-line"},"timestamp":1777111752802}
{"sessionId":"366302","runId":"pre-fix","hypothesisId":"H4","location":"FileViewFinder.php:find","message":"view find called","data":{"name":"laravel-exceptions-renderer::components.vendor-frame"},"timestamp":1777111752803}
{"sessionId":"366302","runId":"pre-fix","hypothesisId":"H4","location":"FileViewFinder.php:find","message":"view find called","data":{"name":"laravel-exceptions-renderer::components.formatted-source"},"timestamp":1777111752804}
{"sessionId":"366302","runId":"pre-fix","hypothesisId":"H4","location":"FileViewFinder.php:find","message":"view find called","data":{"name":"laravel-exceptions-renderer::components.syntax-highlight"},"timestamp":1777111752804}
{"sessionId":"366302","runId":"pre-fix","hypothesisId":"H4","location":"FileViewFinder.php:find","message":"view find called","data":{"name":"laravel-exceptions-renderer::components.file-with-line"},"timestamp":1777111752805}
{"sessionId":"366302","runId":"pre-fix","hypothesisId":"H4","location":"FileViewFinder.php:find","message":"view find called","data":{"name":"laravel-exceptions-renderer::components.vendor-frame"},"timestamp":1777111752806}
{"sessionId":"366302","runId":"pre-fix","hypothesisId":"H4","location":"FileViewFinder.php:find","message":"view find called","data":{"name":"laravel-exceptions-renderer::components.formatted-source"},"timestamp":1777111752807}
{"sessionId":"366302","runId":"pre-fix","hypothesisId":"H4","location":"FileViewFinder.php:find","message":"view find called","data":{"name":"laravel-exceptions-renderer::components.syntax-highlight"},"timestamp":1777111752807}
{"sessionId":"366302","runId":"pre-fix","hypothesisId":"H4","location":"FileViewFinder.php:find","message":"view find called","data":{"name":"laravel-exceptions-renderer::components.file-with-line"},"timestamp":1777111752808}
{"sessionId":"366302","runId":"pre-fix","hypothesisId":"H4","location":"FileViewFinder.php:find","message":"view find called","data":{"name":"laravel-exceptions-renderer::components.vendor-frame"},"timestamp":1777111752809}
{"sessionId":"366302","runId":"pre-fix","hypothesisId":"H4","location":"FileViewFinder.php:find","message":"view find called","data":{"name":"laravel-exceptions-renderer::components.formatted-source"},"timestamp":1777111752811}
{"sessionId":"366302","runId":"pre-fix","hypothesisId":"H4","location":"FileViewFinder.php:find","message":"view find called","data":{"name":"laravel-exceptions-renderer::components.syntax-highlight"},"timestamp":1777111752812}
{"sessionId":"366302","runId":"pre-fix","hypothesisId":"H4","location":"FileViewFinder.php:find","message":"view find called","data":{"name":"laravel-exceptions-renderer::components.file-with-line"},"timestamp":1777111752813}
{"sessionId":"366302","runId":"pre-fix","hypothesisId":"H4","location":"FileViewFinder.php:find","message":"view find called","data":{"name":"laravel-exceptions-renderer::components.vendor-frame"},"timestamp":1777111752815}
{"sessionId":"366302","runId":"pre-fix","hypothesisId":"H4","location":"FileViewFinder.php:find","message":"view find called","data":{"name":"laravel-exceptions-renderer::components.formatted-source"},"timestamp":1777111752815}
{"sessionId":"366302","runId":"pre-fix","hypothesisId":"H4","location":"FileViewFinder.php:find","message":"view find called","data":{"name":"laravel-exceptions-renderer::components.syntax-highlight"},"timestamp":1777111752816}
{"sessionId":"366302","runId":"pre-fix","hypothesisId":"H4","location":"FileViewFinder.php:find","message":"view find called","data":{"name":"laravel-exceptions-renderer::components.file-with-line"},"timestamp":1777111752817}
{"sessionId":"366302","runId":"pre-fix","hypothesisId":"H4","location":"FileViewFinder.php:find","message":"view find called","data":{"name":"laravel-exceptions-renderer::components.vendor-frame"},"timestamp":1777111752818}
{"sessionId":"366302","runId":"pre-fix","hypothesisId":"H4","location":"FileViewFinder.php:find","message":"view find called","data":{"name":"laravel-exceptions-renderer::components.formatted-source"},"timestamp":1777111752818}
{"sessionId":"366302","runId":"pre-fix","hypothesisId":"H4","location":"FileViewFinder.php:find","message":"view find called","data":{"name":"laravel-exceptions-renderer::components.syntax-highlight"},"timestamp":1777111752819}
{"sessionId":"366302","runId":"pre-fix","hypothesisId":"H4","location":"FileViewFinder.php:find","message":"view find called","data":{"name":"laravel-exceptions-renderer::components.file-with-line"},"timestamp":1777111752820}
{"sessionId":"366302","runId":"pre-fix","hypothesisId":"H4","location":"FileViewFinder.php:find","message":"view find called","data":{"name":"laravel-exceptions-renderer::components.vendor-frame"},"timestamp":1777111752821}
{"sessionId":"366302","runId":"pre-fix","hypothesisId":"H4","location":"FileViewFinder.php:find","message":"view find called","data":{"name":"laravel-exceptions-renderer::components.formatted-source"},"timestamp":1777111752821}
{"sessionId":"366302","runId":"pre-fix","hypothesisId":"H4","location":"FileViewFinder.php:find","message":"view find called","data":{"name":"laravel-exceptions-renderer::components.syntax-highlight"},"timestamp":1777111752822}
{"sessionId":"366302","runId":"pre-fix","hypothesisId":"H4","location":"FileViewFinder.php:find","message":"view find called","data":{"name":"laravel-exceptions-renderer::components.file-with-line"},"timestamp":1777111752823}
{"sessionId":"366302","runId":"pre-fix","hypothesisId":"H4","location":"FileViewFinder.php:find","message":"view find called","data":{"name":"laravel-exceptions-renderer::components.vendor-frame"},"timestamp":1777111752824}
{"sessionId":"366302","runId":"pre-fix","hypothesisId":"H4","location":"FileViewFinder.php:find","message":"view find called","data":{"name":"laravel-exceptions-renderer::components.formatted-source"},"timestamp":1777111752825}
{"sessionId":"366302","runId":"pre-fix","hypothesisId":"H4","location":"FileViewFinder.php:find","message":"view find called","data":{"name":"laravel-exceptions-renderer::components.syntax-highlight"},"timestamp":1777111752826}
{"sessionId":"366302","runId":"pre-fix","hypothesisId":"H4","location":"FileViewFinder.php:find","message":"view find called","data":{"name":"laravel-exceptions-renderer::components.file-with-line"},"timestamp":1777111752831}
{"sessionId":"366302","runId":"pre-fix","hypothesisId":"H4","location":"FileViewFinder.php:find","message":"view find called","data":{"name":"laravel-exceptions-renderer::components.vendor-frame"},"timestamp":1777111752833}
{"sessionId":"366302","runId":"pre-fix","hypothesisId":"H4","location":"FileViewFinder.php:find","message":"view find called","data":{"name":"laravel-exceptions-renderer::components.formatted-source"},"timestamp":1777111752834}
{"sessionId":"366302","runId":"pre-fix","hypothesisId":"H4","location":"FileViewFinder.php:find","message":"view find called","data":{"name":"laravel-exceptions-renderer::components.syntax-highlight"},"timestamp":1777111752834}
{"sessionId":"366302","runId":"pre-fix","hypothesisId":"H4","location":"FileViewFinder.php:find","message":"view find called","data":{"name":"laravel-exceptions-renderer::components.file-with-line"},"timestamp":1777111752836}
{"sessionId":"366302","runId":"pre-fix","hypothesisId":"H4","location":"FileViewFinder.php:find","message":"view find called","data":{"name":"laravel-exceptions-renderer::components.vendor-frame"},"timestamp":1777111752837}
{"sessionId":"366302","runId":"pre-fix","hypothesisId":"H4","location":"FileViewFinder.php:find","message":"view find called","data":{"name":"laravel-exceptions-renderer::components.formatted-source"},"timestamp":1777111752837}
{"sessionId":"366302","runId":"pre-fix","hypothesisId":"H4","location":"FileViewFinder.php:find","message":"view find called","data":{"name":"laravel-exceptions-renderer::components.syntax-highlight"},"timestamp":1777111752838}
{"sessionId":"366302","runId":"pre-fix","hypothesisId":"H4","location":"FileViewFinder.php:find","message":"view find called","data":{"name":"laravel-exceptions-renderer::components.file-with-line"},"timestamp":1777111752839}
{"sessionId":"366302","runId":"pre-fix","hypothesisId":"H4","location":"FileViewFinder.php:find","message":"view find called","data":{"name":"laravel-exceptions-renderer::components.vendor-frame"},"timestamp":1777111752840}
{"sessionId":"366302","runId":"pre-fix","hypothesisId":"H4","location":"FileViewFinder.php:find","message":"view find called","data":{"name":"laravel-exceptions-renderer::components.formatted-source"},"timestamp":1777111752841}
{"sessionId":"366302","runId":"pre-fix","hypothesisId":"H4","location":"FileViewFinder.php:find","message":"view find called","data":{"name":"laravel-exceptions-renderer::components.syntax-highlight"},"timestamp":1777111752841}
{"sessionId":"366302","runId":"pre-fix","hypothesisId":"H4","location":"FileViewFinder.php:find","message":"view find called","data":{"name":"laravel-exceptions-renderer::components.file-with-line"},"timestamp":1777111752843}
{"sessionId":"366302","runId":"pre-fix","hypothesisId":"H4","location":"FileViewFinder.php:find","message":"view find called","data":{"name":"laravel-exceptions-renderer::components.vendor-frame"},"timestamp":1777111752844}
{"sessionId":"366302","runId":"pre-fix","hypothesisId":"H4","location":"FileViewFinder.php:find","message":"view find called","data":{"name":"laravel-exceptions-renderer::components.formatted-source"},"timestamp":1777111752845}
{"sessionId":"366302","runId":"pre-fix","hypothesisId":"H4","location":"FileViewFinder.php:find","message":"view find called","data":{"name":"laravel-exceptions-renderer::components.syntax-highlight"},"timestamp":1777111752846}
{"sessionId":"366302","runId":"pre-fix","hypothesisId":"H4","location":"FileViewFinder.php:find","message":"view find called","data":{"name":"laravel-exceptions-renderer::components.file-with-line"},"timestamp":1777111752847}
{"sessionId":"366302","runId":"pre-fix","hypothesisId":"H4","location":"FileViewFinder.php:find","message":"view find called","data":{"name":"laravel-exceptions-renderer::components.vendor-frame"},"timestamp":1777111752848}
{"sessionId":"366302","runId":"pre-fix","hypothesisId":"H4","location":"FileViewFinder.php:find","message":"view find called","data":{"name":"laravel-exceptions-renderer::components.formatted-source"},"timestamp":1777111752849}
{"sessionId":"366302","runId":"pre-fix","hypothesisId":"H4","location":"FileViewFinder.php:find","message":"view find called","data":{"name":"laravel-exceptions-renderer::components.syntax-highlight"},"timestamp":1777111752850}
{"sessionId":"366302","runId":"pre-fix","hypothesisId":"H4","location":"FileViewFinder.php:find","message":"view find called","data":{"name":"laravel-exceptions-renderer::components.file-with-line"},"timestamp":1777111752851}
{"sessionId":"366302","runId":"pre-fix","hypothesisId":"H4","location":"FileViewFinder.php:find","message":"view find called","data":{"name":"laravel-exceptions-renderer::components.vendor-frame"},"timestamp":1777111752852}
{"sessionId":"366302","runId":"pre-fix","hypothesisId":"H4","location":"FileViewFinder.php:find","message":"view find called","data":{"name":"laravel-exceptions-renderer::components.formatted-source"},"timestamp":1777111752853}
{"sessionId":"366302","runId":"pre-fix","hypothesisId":"H4","location":"FileViewFinder.php:find","message":"view find called","data":{"name":"laravel-exceptions-renderer::components.syntax-highlight"},"timestamp":1777111752853}
{"sessionId":"366302","runId":"pre-fix","hypothesisId":"H4","location":"FileViewFinder.php:find","message":"view find called","data":{"name":"laravel-exceptions-renderer::components.file-with-line"},"timestamp":1777111752854}
{"sessionId":"366302","runId":"pre-fix","hypothesisId":"H4","location":"FileViewFinder.php:find","message":"view find called","data":{"name":"laravel-exceptions-renderer::components.vendor-frame"},"timestamp":1777111752855}
{"sessionId":"366302","runId":"pre-fix","hypothesisId":"H4","location":"FileViewFinder.php:find","message":"view find called","data":{"name":"laravel-exceptions-renderer::components.formatted-source"},"timestamp":1777111752856}
{"sessionId":"366302","runId":"pre-fix","hypothesisId":"H4","location":"FileViewFinder.php:find","message":"view find called","data":{"name":"laravel-exceptions-renderer::components.syntax-highlight"},"timestamp":1777111752857}
{"sessionId":"366302","runId":"pre-fix","hypothesisId":"H4","location":"FileViewFinder.php:find","message":"view find called","data":{"name":"laravel-exceptions-renderer::components.file-with-line"},"timestamp":1777111752857}
{"sessionId":"366302","runId":"pre-fix","hypothesisId":"H4","location":"FileViewFinder.php:find","message":"view find called","data":{"name":"laravel-exceptions-renderer::components.vendor-frame"},"timestamp":1777111752858}
{"sessionId":"366302","runId":"pre-fix","hypothesisId":"H4","location":"FileViewFinder.php:find","message":"view find called","data":{"name":"laravel-exceptions-renderer::components.formatted-source"},"timestamp":1777111752859}
{"sessionId":"366302","runId":"pre-fix","hypothesisId":"H4","location":"FileViewFinder.php:find","message":"view find called","data":{"name":"laravel-exceptions-renderer::components.syntax-highlight"},"timestamp":1777111752860}
{"sessionId":"366302","runId":"pre-fix","hypothesisId":"H4","location":"FileViewFinder.php:find","message":"view find called","data":{"name":"laravel-exceptions-renderer::components.file-with-line"},"timestamp":1777111752861}
{"sessionId":"366302","runId":"pre-fix","hypothesisId":"H4","location":"FileViewFinder.php:find","message":"view find called","data":{"name":"laravel-exceptions-renderer::components.vendor-frame"},"timestamp":1777111752862}
{"sessionId":"366302","runId":"pre-fix","hypothesisId":"H4","location":"FileViewFinder.php:find","message":"view find called","data":{"name":"laravel-exceptions-renderer::components.formatted-source"},"timestamp":1777111752863}
{"sessionId":"366302","runId":"pre-fix","hypothesisId":"H4","location":"FileViewFinder.php:find","message":"view find called","data":{"name":"laravel-exceptions-renderer::components.syntax-highlight"},"timestamp":1777111752864}
{"sessionId":"366302","runId":"pre-fix","hypothesisId":"H4","location":"FileViewFinder.php:find","message":"view find called","data":{"name":"laravel-exceptions-renderer::components.file-with-line"},"timestamp":1777111752865}
{"sessionId":"366302","runId":"pre-fix","hypothesisId":"H4","location":"FileViewFinder.php:find","message":"view find called","data":{"name":"laravel-exceptions-renderer::components.vendor-frame"},"timestamp":1777111752866}
{"sessionId":"366302","runId":"pre-fix","hypothesisId":"H4","location":"FileViewFinder.php:find","message":"view find called","data":{"name":"laravel-exceptions-renderer::components.formatted-source"},"timestamp":1777111752867}
{"sessionId":"366302","runId":"pre-fix","hypothesisId":"H4","location":"FileViewFinder.php:find","message":"view find called","data":{"name":"laravel-exceptions-renderer::components.syntax-highlight"},"timestamp":1777111752868}
{"sessionId":"366302","runId":"pre-fix","hypothesisId":"H4","location":"FileViewFinder.php:find","message":"view find called","data":{"name":"laravel-exceptions-renderer::components.file-with-line"},"timestamp":1777111752868}
{"sessionId":"366302","runId":"pre-fix","hypothesisId":"H4","location":"FileViewFinder.php:find","message":"view find called","data":{"name":"laravel-exceptions-renderer::components.vendor-frame"},"timestamp":1777111752869}
{"sessionId":"366302","runId":"pre-fix","hypothesisId":"H4","location":"FileViewFinder.php:find","message":"view find called","data":{"name":"laravel-exceptions-renderer::components.formatted-source"},"timestamp":1777111752870}
{"sessionId":"366302","runId":"pre-fix","hypothesisId":"H4","location":"FileViewFinder.php:find","message":"view find called","data":{"name":"laravel-exceptions-renderer::components.syntax-highlight"},"timestamp":1777111752871}
{"sessionId":"366302","runId":"pre-fix","hypothesisId":"H4","location":"FileViewFinder.php:find","message":"view find called","data":{"name":"laravel-exceptions-renderer::components.file-with-line"},"timestamp":1777111752872}
{"sessionId":"366302","runId":"pre-fix","hypothesisId":"H4","location":"FileViewFinder.php:find","message":"view find called","data":{"name":"laravel-exceptions-renderer::components.vendor-frame"},"timestamp":1777111752873}
{"sessionId":"366302","runId":"pre-fix","hypothesisId":"H4","location":"FileViewFinder.php:find","message":"view find called","data":{"name":"laravel-exceptions-renderer::components.formatted-source"},"timestamp":1777111752873}
{"sessionId":"366302","runId":"pre-fix","hypothesisId":"H4","location":"FileViewFinder.php:find","message":"view find called","data":{"name":"laravel-exceptions-renderer::components.syntax-highlight"},"timestamp":1777111752874}
{"sessionId":"366302","runId":"pre-fix","hypothesisId":"H4","location":"FileViewFinder.php:find","message":"view find called","data":{"name":"laravel-exceptions-renderer::components.file-with-line"},"timestamp":1777111752875}
{"sessionId":"366302","runId":"pre-fix","hypothesisId":"H4","location":"FileViewFinder.php:find","message":"view find called","data":{"name":"laravel-exceptions-renderer::components.vendor-frame"},"timestamp":1777111752876}
{"sessionId":"366302","runId":"pre-fix","hypothesisId":"H4","location":"FileViewFinder.php:find","message":"view find called","data":{"name":"laravel-exceptions-renderer::components.formatted-source"},"timestamp":1777111752877}
{"sessionId":"366302","runId":"pre-fix","hypothesisId":"H4","location":"FileViewFinder.php:find","message":"view find called","data":{"name":"laravel-exceptions-renderer::components.syntax-highlight"},"timestamp":1777111752878}
{"sessionId":"366302","runId":"pre-fix","hypothesisId":"H4","location":"FileViewFinder.php:find","message":"view find called","data":{"name":"laravel-exceptions-renderer::components.file-with-line"},"timestamp":1777111752879}
{"sessionId":"366302","runId":"pre-fix","hypothesisId":"H4","location":"FileViewFinder.php:find","message":"view find called","data":{"name":"laravel-exceptions-renderer::components.vendor-frame"},"timestamp":1777111752880}
{"sessionId":"366302","runId":"pre-fix","hypothesisId":"H4","location":"FileViewFinder.php:find","message":"view find called","data":{"name":"laravel-exceptions-renderer::components.formatted-source"},"timestamp":1777111752881}
{"sessionId":"366302","runId":"pre-fix","hypothesisId":"H4","location":"FileViewFinder.php:find","message":"view find called","data":{"name":"laravel-exceptions-renderer::components.syntax-highlight"},"timestamp":1777111752882}
{"sessionId":"366302","runId":"pre-fix","hypothesisId":"H4","location":"FileViewFinder.php:find","message":"view find called","data":{"name":"laravel-exceptions-renderer::components.file-with-line"},"timestamp":1777111752883}
{"sessionId":"366302","runId":"pre-fix","hypothesisId":"H4","location":"FileViewFinder.php:find","message":"view find called","data":{"name":"laravel-exceptions-renderer::components.vendor-frame"},"timestamp":1777111752884}
{"sessionId":"366302","runId":"pre-fix","hypothesisId":"H4","location":"FileViewFinder.php:find","message":"view find called","data":{"name":"laravel-exceptions-renderer::components.formatted-source"},"timestamp":1777111752884}
{"sessionId":"366302","runId":"pre-fix","hypothesisId":"H4","location":"FileViewFinder.php:find","message":"view find called","data":{"name":"laravel-exceptions-renderer::components.syntax-highlight"},"timestamp":1777111752885}
{"sessionId":"366302","runId":"pre-fix","hypothesisId":"H4","location":"FileViewFinder.php:find","message":"view find called","data":{"name":"laravel-exceptions-renderer::components.file-with-line"},"timestamp":1777111752886}
{"sessionId":"366302","runId":"pre-fix","hypothesisId":"H4","location":"FileViewFinder.php:find","message":"view find called","data":{"name":"laravel-exceptions-renderer::components.vendor-frame"},"timestamp":1777111752887}
{"sessionId":"366302","runId":"pre-fix","hypothesisId":"H4","location":"FileViewFinder.php:find","message":"view find called","data":{"name":"laravel-exceptions-renderer::components.formatted-source"},"timestamp":1777111752887}
{"sessionId":"366302","runId":"pre-fix","hypothesisId":"H4","location":"FileViewFinder.php:find","message":"view find called","data":{"name":"laravel-exceptions-renderer::components.syntax-highlight"},"timestamp":1777111752888}
{"sessionId":"366302","runId":"pre-fix","hypothesisId":"H4","location":"FileViewFinder.php:find","message":"view find called","data":{"name":"laravel-exceptions-renderer::components.file-with-line"},"timestamp":1777111752889}
{"sessionId":"366302","runId":"pre-fix","hypothesisId":"H4","location":"FileViewFinder.php:find","message":"view find called","data":{"name":"laravel-exceptions-renderer::components.vendor-frame"},"timestamp":1777111752890}
{"sessionId":"366302","runId":"pre-fix","hypothesisId":"H4","location":"FileViewFinder.php:find","message":"view find called","data":{"name":"laravel-exceptions-renderer::components.formatted-source"},"timestamp":1777111752890}
{"sessionId":"366302","runId":"pre-fix","hypothesisId":"H4","location":"FileViewFinder.php:find","message":"view find called","data":{"name":"laravel-exceptions-renderer::components.syntax-highlight"},"timestamp":1777111752892}
{"sessionId":"366302","runId":"pre-fix","hypothesisId":"H4","location":"FileViewFinder.php:find","message":"view find called","data":{"name":"laravel-exceptions-renderer::components.file-with-line"},"timestamp":1777111752893}
{"sessionId":"366302","runId":"pre-fix","hypothesisId":"H4","location":"FileViewFinder.php:find","message":"view find called","data":{"name":"laravel-exceptions-renderer::components.vendor-frame"},"timestamp":1777111752895}
{"sessionId":"366302","runId":"pre-fix","hypothesisId":"H4","location":"FileViewFinder.php:find","message":"view find called","data":{"name":"laravel-exceptions-renderer::components.formatted-source"},"timestamp":1777111752895}
{"sessionId":"366302","runId":"pre-fix","hypothesisId":"H4","location":"FileViewFinder.php:find","message":"view find called","data":{"name":"laravel-exceptions-renderer::components.syntax-highlight"},"timestamp":1777111752896}
{"sessionId":"366302","runId":"pre-fix","hypothesisId":"H4","location":"FileViewFinder.php:find","message":"view find called","data":{"name":"laravel-exceptions-renderer::components.file-with-line"},"timestamp":1777111752897}
{"sessionId":"366302","runId":"pre-fix","hypothesisId":"H4","location":"FileViewFinder.php:find","message":"view find called","data":{"name":"laravel-exceptions-renderer::components.vendor-frame"},"timestamp":1777111752898}
{"sessionId":"366302","runId":"pre-fix","hypothesisId":"H4","location":"FileViewFinder.php:find","message":"view find called","data":{"name":"laravel-exceptions-renderer::components.formatted-source"},"timestamp":1777111752899}
{"sessionId":"366302","runId":"pre-fix","hypothesisId":"H4","location":"FileViewFinder.php:find","message":"view find called","data":{"name":"laravel-exceptions-renderer::components.syntax-highlight"},"timestamp":1777111752900}
{"sessionId":"366302","runId":"pre-fix","hypothesisId":"H4","location":"FileViewFinder.php:find","message":"view find called","data":{"name":"laravel-exceptions-renderer::components.file-with-line"},"timestamp":1777111752900}
{"sessionId":"366302","runId":"pre-fix","hypothesisId":"H4","location":"FileViewFinder.php:find","message":"view find called","data":{"name":"laravel-exceptions-renderer::components.vendor-frame"},"timestamp":1777111752902}
{"sessionId":"366302","runId":"pre-fix","hypothesisId":"H4","location":"FileViewFinder.php:find","message":"view find called","data":{"name":"laravel-exceptions-renderer::components.formatted-source"},"timestamp":1777111752902}
{"sessionId":"366302","runId":"pre-fix","hypothesisId":"H4","location":"FileViewFinder.php:find","message":"view find called","data":{"name":"laravel-exceptions-renderer::components.syntax-highlight"},"timestamp":1777111752903}
{"sessionId":"366302","runId":"pre-fix","hypothesisId":"H4","location":"FileViewFinder.php:find","message":"view find called","data":{"name":"laravel-exceptions-renderer::components.file-with-line"},"timestamp":1777111752904}
{"sessionId":"366302","runId":"pre-fix","hypothesisId":"H4","location":"FileViewFinder.php:find","message":"view find called","data":{"name":"laravel-exceptions-renderer::components.vendor-frame"},"timestamp":1777111752906}
{"sessionId":"366302","runId":"pre-fix","hypothesisId":"H4","location":"FileViewFinder.php:find","message":"view find called","data":{"name":"laravel-exceptions-renderer::components.formatted-source"},"timestamp":1777111752907}
{"sessionId":"366302","runId":"pre-fix","hypothesisId":"H4","location":"FileViewFinder.php:find","message":"view find called","data":{"name":"laravel-exceptions-renderer::components.syntax-highlight"},"timestamp":1777111752908}
{"sessionId":"366302","runId":"pre-fix","hypothesisId":"H4","location":"FileViewFinder.php:find","message":"view find called","data":{"name":"laravel-exceptions-renderer::components.file-with-line"},"timestamp":1777111752909}
{"sessionId":"366302","runId":"pre-fix","hypothesisId":"H4","location":"FileViewFinder.php:find","message":"view find called","data":{"name":"laravel-exceptions-renderer::components.vendor-frame"},"timestamp":1777111752910}
{"sessionId":"366302","runId":"pre-fix","hypothesisId":"H4","location":"FileViewFinder.php:find","message":"view find called","data":{"name":"laravel-exceptions-renderer::components.formatted-source"},"timestamp":1777111752911}
{"sessionId":"366302","runId":"pre-fix","hypothesisId":"H4","location":"FileViewFinder.php:find","message":"view find called","data":{"name":"laravel-exceptions-renderer::components.syntax-highlight"},"timestamp":1777111752912}
{"sessionId":"366302","runId":"pre-fix","hypothesisId":"H4","location":"FileViewFinder.php:find","message":"view find called","data":{"name":"laravel-exceptions-renderer::components.file-with-line"},"timestamp":1777111752913}
{"sessionId":"366302","runId":"pre-fix","hypothesisId":"H4","location":"FileViewFinder.php:find","message":"view find called","data":{"name":"laravel-exceptions-renderer::components.vendor-frame"},"timestamp":1777111752914}
{"sessionId":"366302","runId":"pre-fix","hypothesisId":"H4","location":"FileViewFinder.php:find","message":"view find called","data":{"name":"laravel-exceptions-renderer::components.formatted-source"},"timestamp":1777111752915}
{"sessionId":"366302","runId":"pre-fix","hypothesisId":"H4","location":"FileViewFinder.php:find","message":"view find called","data":{"name":"laravel-exceptions-renderer::components.syntax-highlight"},"timestamp":1777111752916}
{"sessionId":"366302","runId":"pre-fix","hypothesisId":"H4","location":"FileViewFinder.php:find","message":"view find called","data":{"name":"laravel-exceptions-renderer::components.file-with-line"},"timestamp":1777111752916}
{"sessionId":"366302","runId":"pre-fix","hypothesisId":"H4","location":"FileViewFinder.php:find","message":"view find called","data":{"name":"laravel-exceptions-renderer::components.vendor-frame"},"timestamp":1777111752918}
{"sessionId":"366302","runId":"pre-fix","hypothesisId":"H4","location":"FileViewFinder.php:find","message":"view find called","data":{"name":"laravel-exceptions-renderer::components.formatted-source"},"timestamp":1777111752918}
{"sessionId":"366302","runId":"pre-fix","hypothesisId":"H4","location":"FileViewFinder.php:find","message":"view find called","data":{"name":"laravel-exceptions-renderer::components.syntax-highlight"},"timestamp":1777111752919}
{"sessionId":"366302","runId":"pre-fix","hypothesisId":"H4","location":"FileViewFinder.php:find","message":"view find called","data":{"name":"laravel-exceptions-renderer::components.file-with-line"},"timestamp":1777111752920}
{"sessionId":"366302","runId":"pre-fix","hypothesisId":"H4","location":"FileViewFinder.php:find","message":"view find called","data":{"name":"laravel-exceptions-renderer::components.vendor-frame"},"timestamp":1777111752921}
{"sessionId":"366302","runId":"pre-fix","hypothesisId":"H4","location":"FileViewFinder.php:find","message":"view find called","data":{"name":"laravel-exceptions-renderer::components.formatted-source"},"timestamp":1777111752922}
{"sessionId":"366302","runId":"pre-fix","hypothesisId":"H4","location":"FileViewFinder.php:find","message":"view find called","data":{"name":"laravel-exceptions-renderer::components.syntax-highlight"},"timestamp":1777111752923}
{"sessionId":"366302","runId":"pre-fix","hypothesisId":"H4","location":"FileViewFinder.php:find","message":"view find called","data":{"name":"laravel-exceptions-renderer::components.file-with-line"},"timestamp":1777111752923}
{"sessionId":"366302","runId":"pre-fix","hypothesisId":"H4","location":"FileViewFinder.php:find","message":"view find called","data":{"name":"laravel-exceptions-renderer::components.vendor-frame"},"timestamp":1777111752925}
{"sessionId":"366302","runId":"pre-fix","hypothesisId":"H4","location":"FileViewFinder.php:find","message":"view find called","data":{"name":"laravel-exceptions-renderer::components.formatted-source"},"timestamp":1777111752925}
{"sessionId":"366302","runId":"pre-fix","hypothesisId":"H4","location":"FileViewFinder.php:find","message":"view find called","data":{"name":"laravel-exceptions-renderer::components.syntax-highlight"},"timestamp":1777111752926}
{"sessionId":"366302","runId":"pre-fix","hypothesisId":"H4","location":"FileViewFinder.php:find","message":"view find called","data":{"name":"laravel-exceptions-renderer::components.file-with-line"},"timestamp":1777111752927}
{"sessionId":"366302","runId":"pre-fix","hypothesisId":"H4","location":"FileViewFinder.php:find","message":"view find called","data":{"name":"laravel-exceptions-renderer::components.vendor-frame"},"timestamp":1777111752930}
{"sessionId":"366302","runId":"pre-fix","hypothesisId":"H4","location":"FileViewFinder.php:find","message":"view find called","data":{"name":"laravel-exceptions-renderer::components.formatted-source"},"timestamp":1777111752931}
{"sessionId":"366302","runId":"pre-fix","hypothesisId":"H4","location":"FileViewFinder.php:find","message":"view find called","data":{"name":"laravel-exceptions-renderer::components.syntax-highlight"},"timestamp":1777111752933}
{"sessionId":"366302","runId":"pre-fix","hypothesisId":"H4","location":"FileViewFinder.php:find","message":"view find called","data":{"name":"laravel-exceptions-renderer::components.file-with-line"},"timestamp":1777111752933}
{"sessionId":"366302","runId":"pre-fix","hypothesisId":"H4","location":"FileViewFinder.php:find","message":"view find called","data":{"name":"laravel-exceptions-renderer::components.vendor-frame"},"timestamp":1777111752934}
{"sessionId":"366302","runId":"pre-fix","hypothesisId":"H4","location":"FileViewFinder.php:find","message":"view find called","data":{"name":"laravel-exceptions-renderer::components.formatted-source"},"timestamp":1777111752935}
{"sessionId":"366302","runId":"pre-fix","hypothesisId":"H4","location":"FileViewFinder.php:find","message":"view find called","data":{"name":"laravel-exceptions-renderer::components.syntax-highlight"},"timestamp":1777111752936}
{"sessionId":"366302","runId":"pre-fix","hypothesisId":"H4","location":"FileViewFinder.php:find","message":"view find called","data":{"name":"laravel-exceptions-renderer::components.file-with-line"},"timestamp":1777111752936}
{"sessionId":"366302","runId":"pre-fix","hypothesisId":"H4","location":"FileViewFinder.php:find","message":"view find called","data":{"name":"laravel-exceptions-renderer::components.vendor-frame"},"timestamp":1777111752938}
{"sessionId":"366302","runId":"pre-fix","hypothesisId":"H4","location":"FileViewFinder.php:find","message":"view find called","data":{"name":"laravel-exceptions-renderer::components.formatted-source"},"timestamp":1777111752938}
{"sessionId":"366302","runId":"pre-fix","hypothesisId":"H4","location":"FileViewFinder.php:find","message":"view find called","data":{"name":"laravel-exceptions-renderer::components.syntax-highlight"},"timestamp":1777111752939}
{"sessionId":"366302","runId":"pre-fix","hypothesisId":"H4","location":"FileViewFinder.php:find","message":"view find called","data":{"name":"laravel-exceptions-renderer::components.file-with-line"},"timestamp":1777111752939}
{"sessionId":"366302","runId":"pre-fix","hypothesisId":"H4","location":"FileViewFinder.php:find","message":"view find called","data":{"name":"laravel-exceptions-renderer::components.vendor-frame"},"timestamp":1777111752940}
{"sessionId":"366302","runId":"pre-fix","hypothesisId":"H4","location":"FileViewFinder.php:find","message":"view find called","data":{"name":"laravel-exceptions-renderer::components.formatted-source"},"timestamp":1777111752941}
{"sessionId":"366302","runId":"pre-fix","hypothesisId":"H4","location":"FileViewFinder.php:find","message":"view find called","data":{"name":"laravel-exceptions-renderer::components.syntax-highlight"},"timestamp":1777111752942}
{"sessionId":"366302","runId":"pre-fix","hypothesisId":"H4","location":"FileViewFinder.php:find","message":"view find called","data":{"name":"laravel-exceptions-renderer::components.file-with-line"},"timestamp":1777111752943}
{"sessionId":"366302","runId":"pre-fix","hypothesisId":"H4","location":"FileViewFinder.php:find","message":"view find called","data":{"name":"laravel-exceptions-renderer::components.vendor-frame"},"timestamp":1777111752945}
{"sessionId":"366302","runId":"pre-fix","hypothesisId":"H4","location":"FileViewFinder.php:find","message":"view find called","data":{"name":"laravel-exceptions-renderer::components.formatted-source"},"timestamp":1777111752946}
{"sessionId":"366302","runId":"pre-fix","hypothesisId":"H4","location":"FileViewFinder.php:find","message":"view find called","data":{"name":"laravel-exceptions-renderer::components.syntax-highlight"},"timestamp":1777111752947}
{"sessionId":"366302","runId":"pre-fix","hypothesisId":"H4","location":"FileViewFinder.php:find","message":"view find called","data":{"name":"laravel-exceptions-renderer::components.file-with-line"},"timestamp":1777111752947}
{"sessionId":"366302","runId":"pre-fix","hypothesisId":"H4","location":"FileViewFinder.php:find","message":"view find called","data":{"name":"laravel-exceptions-renderer::components.vendor-frame"},"timestamp":1777111752948}
{"sessionId":"366302","runId":"pre-fix","hypothesisId":"H4","location":"FileViewFinder.php:find","message":"view find called","data":{"name":"laravel-exceptions-renderer::components.formatted-source"},"timestamp":1777111752949}
{"sessionId":"366302","runId":"pre-fix","hypothesisId":"H4","location":"FileViewFinder.php:find","message":"view find called","data":{"name":"laravel-exceptions-renderer::components.syntax-highlight"},"timestamp":1777111752950}
{"sessionId":"366302","runId":"pre-fix","hypothesisId":"H4","location":"FileViewFinder.php:find","message":"view find called","data":{"name":"laravel-exceptions-renderer::components.file-with-line"},"timestamp":1777111752950}
{"sessionId":"366302","runId":"pre-fix","hypothesisId":"H4","location":"FileViewFinder.php:find","message":"view find called","data":{"name":"laravel-exceptions-renderer::components.vendor-frame"},"timestamp":1777111752952}
{"sessionId":"366302","runId":"pre-fix","hypothesisId":"H4","location":"FileViewFinder.php:find","message":"view find called","data":{"name":"laravel-exceptions-renderer::components.formatted-source"},"timestamp":1777111752952}
{"sessionId":"366302","runId":"pre-fix","hypothesisId":"H4","location":"FileViewFinder.php:find","message":"view find called","data":{"name":"laravel-exceptions-renderer::components.syntax-highlight"},"timestamp":1777111752953}
{"sessionId":"366302","runId":"pre-fix","hypothesisId":"H4","location":"FileViewFinder.php:find","message":"view find called","data":{"name":"laravel-exceptions-renderer::components.file-with-line"},"timestamp":1777111752954}
{"sessionId":"366302","runId":"pre-fix","hypothesisId":"H4","location":"FileViewFinder.php:find","message":"view find called","data":{"name":"laravel-exceptions-renderer::components.vendor-frame"},"timestamp":1777111752955}
{"sessionId":"366302","runId":"pre-fix","hypothesisId":"H4","location":"FileViewFinder.php:find","message":"view find called","data":{"name":"laravel-exceptions-renderer::components.formatted-source"},"timestamp":1777111752955}
{"sessionId":"366302","runId":"pre-fix","hypothesisId":"H4","location":"FileViewFinder.php:find","message":"view find called","data":{"name":"laravel-exceptions-renderer::components.syntax-highlight"},"timestamp":1777111752956}
{"sessionId":"366302","runId":"pre-fix","hypothesisId":"H4","location":"FileViewFinder.php:find","message":"view find called","data":{"name":"laravel-exceptions-renderer::components.file-with-line"},"timestamp":1777111752956}
{"sessionId":"366302","runId":"pre-fix","hypothesisId":"H4","location":"FileViewFinder.php:find","message":"view find called","data":{"name":"laravel-exceptions-renderer::components.vendor-frame"},"timestamp":1777111752957}
{"sessionId":"366302","runId":"pre-fix","hypothesisId":"H4","location":"FileViewFinder.php:find","message":"view find called","data":{"name":"laravel-exceptions-renderer::components.formatted-source"},"timestamp":1777111752958}
{"sessionId":"366302","runId":"pre-fix","hypothesisId":"H4","location":"FileViewFinder.php:find","message":"view find called","data":{"name":"laravel-exceptions-renderer::components.syntax-highlight"},"timestamp":1777111752958}
{"sessionId":"366302","runId":"pre-fix","hypothesisId":"H4","location":"FileViewFinder.php:find","message":"view find called","data":{"name":"laravel-exceptions-renderer::components.file-with-line"},"timestamp":1777111752960}
{"sessionId":"366302","runId":"pre-fix","hypothesisId":"H4","location":"FileViewFinder.php:find","message":"view find called","data":{"name":"laravel-exceptions-renderer::components.vendor-frame"},"timestamp":1777111752961}
{"sessionId":"366302","runId":"pre-fix","hypothesisId":"H4","location":"FileViewFinder.php:find","message":"view find called","data":{"name":"laravel-exceptions-renderer::components.formatted-source"},"timestamp":1777111752962}
{"sessionId":"366302","runId":"pre-fix","hypothesisId":"H4","location":"FileViewFinder.php:find","message":"view find called","data":{"name":"laravel-exceptions-renderer::components.syntax-highlight"},"timestamp":1777111752963}
{"sessionId":"366302","runId":"pre-fix","hypothesisId":"H4","location":"FileViewFinder.php:find","message":"view find called","data":{"name":"laravel-exceptions-renderer::components.file-with-line"},"timestamp":1777111752964}
{"sessionId":"366302","runId":"pre-fix","hypothesisId":"H4","location":"FileViewFinder.php:find","message":"view find called","data":{"name":"laravel-exceptions-renderer::components.vendor-frame"},"timestamp":1777111752965}
{"sessionId":"366302","runId":"pre-fix","hypothesisId":"H4","location":"FileViewFinder.php:find","message":"view find called","data":{"name":"laravel-exceptions-renderer::components.formatted-source"},"timestamp":1777111752966}
{"sessionId":"366302","runId":"pre-fix","hypothesisId":"H4","location":"FileViewFinder.php:find","message":"view find called","data":{"name":"laravel-exceptions-renderer::components.syntax-highlight"},"timestamp":1777111752967}
{"sessionId":"366302","runId":"pre-fix","hypothesisId":"H4","location":"FileViewFinder.php:find","message":"view find called","data":{"name":"laravel-exceptions-renderer::components.file-with-line"},"timestamp":1777111752968}
{"sessionId":"366302","runId":"pre-fix","hypothesisId":"H4","location":"FileViewFinder.php:find","message":"view find called","data":{"name":"laravel-exceptions-renderer::components.vendor-frame"},"timestamp":1777111752969}
{"sessionId":"366302","runId":"pre-fix","hypothesisId":"H4","location":"FileViewFinder.php:find","message":"view find called","data":{"name":"laravel-exceptions-renderer::components.formatted-source"},"timestamp":1777111752969}
{"sessionId":"366302","runId":"pre-fix","hypothesisId":"H4","location":"FileViewFinder.php:find","message":"view find called","data":{"name":"laravel-exceptions-renderer::components.syntax-highlight"},"timestamp":1777111752970}
{"sessionId":"366302","runId":"pre-fix","hypothesisId":"H4","location":"FileViewFinder.php:find","message":"view find called","data":{"name":"laravel-exceptions-renderer::components.file-with-line"},"timestamp":1777111752971}
{"sessionId":"366302","runId":"pre-fix","hypothesisId":"H4","location":"FileViewFinder.php:find","message":"view find called","data":{"name":"laravel-exceptions-renderer::components.vendor-frame"},"timestamp":1777111752972}
{"sessionId":"366302","runId":"pre-fix","hypothesisId":"H4","location":"FileViewFinder.php:find","message":"view find called","data":{"name":"laravel-exceptions-renderer::components.formatted-source"},"timestamp":1777111752972}
{"sessionId":"366302","runId":"pre-fix","hypothesisId":"H4","location":"FileViewFinder.php:find","message":"view find called","data":{"name":"laravel-exceptions-renderer::components.syntax-highlight"},"timestamp":1777111752973}
{"sessionId":"366302","runId":"pre-fix","hypothesisId":"H4","location":"FileViewFinder.php:find","message":"view find called","data":{"name":"laravel-exceptions-renderer::components.file-with-line"},"timestamp":1777111752974}
{"sessionId":"366302","runId":"pre-fix","hypothesisId":"H4","location":"FileViewFinder.php:find","message":"view find called","data":{"name":"laravel-exceptions-renderer::components.vendor-frame"},"timestamp":1777111752975}
{"sessionId":"366302","runId":"pre-fix","hypothesisId":"H4","location":"FileViewFinder.php:find","message":"view find called","data":{"name":"laravel-exceptions-renderer::components.formatted-source"},"timestamp":1777111752976}
{"sessionId":"366302","runId":"pre-fix","hypothesisId":"H4","location":"FileViewFinder.php:find","message":"view find called","data":{"name":"laravel-exceptions-renderer::components.syntax-highlight"},"timestamp":1777111752977}
{"sessionId":"366302","runId":"pre-fix","hypothesisId":"H4","location":"FileViewFinder.php:find","message":"view find called","data":{"name":"laravel-exceptions-renderer::components.file-with-line"},"timestamp":1777111752978}
{"sessionId":"366302","runId":"pre-fix","hypothesisId":"H4","location":"FileViewFinder.php:find","message":"view find called","data":{"name":"laravel-exceptions-renderer::components.vendor-frame"},"timestamp":1777111752980}
{"sessionId":"366302","runId":"pre-fix","hypothesisId":"H4","location":"FileViewFinder.php:find","message":"view find called","data":{"name":"laravel-exceptions-renderer::components.formatted-source"},"timestamp":1777111752981}
{"sessionId":"366302","runId":"pre-fix","hypothesisId":"H4","location":"FileViewFinder.php:find","message":"view find called","data":{"name":"laravel-exceptions-renderer::components.syntax-highlight"},"timestamp":1777111752981}
{"sessionId":"366302","runId":"pre-fix","hypothesisId":"H4","location":"FileViewFinder.php:find","message":"view find called","data":{"name":"laravel-exceptions-renderer::components.file-with-line"},"timestamp":1777111752982}
{"sessionId":"366302","runId":"pre-fix","hypothesisId":"H4","location":"FileViewFinder.php:find","message":"view find called","data":{"name":"laravel-exceptions-renderer::components.vendor-frame"},"timestamp":1777111752983}
{"sessionId":"366302","runId":"pre-fix","hypothesisId":"H4","location":"FileViewFinder.php:find","message":"view find called","data":{"name":"laravel-exceptions-renderer::components.formatted-source"},"timestamp":1777111752984}
{"sessionId":"366302","runId":"pre-fix","hypothesisId":"H4","location":"FileViewFinder.php:find","message":"view find called","data":{"name":"laravel-exceptions-renderer::components.syntax-highlight"},"timestamp":1777111752984}
{"sessionId":"366302","runId":"pre-fix","hypothesisId":"H4","location":"FileViewFinder.php:find","message":"view find called","data":{"name":"laravel-exceptions-renderer::components.file-with-line"},"timestamp":1777111752985}
{"sessionId":"366302","runId":"pre-fix","hypothesisId":"H4","location":"FileViewFinder.php:find","message":"view find called","data":{"name":"laravel-exceptions-renderer::components.vendor-frame"},"timestamp":1777111752986}
{"sessionId":"366302","runId":"pre-fix","hypothesisId":"H4","location":"FileViewFinder.php:find","message":"view find called","data":{"name":"laravel-exceptions-renderer::components.formatted-source"},"timestamp":1777111752986}
{"sessionId":"366302","runId":"pre-fix","hypothesisId":"H4","location":"FileViewFinder.php:find","message":"view find called","data":{"name":"laravel-exceptions-renderer::components.syntax-highlight"},"timestamp":1777111752987}
{"sessionId":"366302","runId":"pre-fix","hypothesisId":"H4","location":"FileViewFinder.php:find","message":"view find called","data":{"name":"laravel-exceptions-renderer::components.file-with-line"},"timestamp":1777111752987}
{"sessionId":"366302","runId":"pre-fix","hypothesisId":"H4","location":"FileViewFinder.php:find","message":"view find called","data":{"name":"laravel-exceptions-renderer::components.vendor-frame"},"timestamp":1777111752989}
{"sessionId":"366302","runId":"pre-fix","hypothesisId":"H4","location":"FileViewFinder.php:find","message":"view find called","data":{"name":"laravel-exceptions-renderer::components.formatted-source"},"timestamp":1777111752989}
{"sessionId":"366302","runId":"pre-fix","hypothesisId":"H4","location":"FileViewFinder.php:find","message":"view find called","data":{"name":"laravel-exceptions-renderer::components.syntax-highlight"},"timestamp":1777111752990}
{"sessionId":"366302","runId":"pre-fix","hypothesisId":"H4","location":"FileViewFinder.php:find","message":"view find called","data":{"name":"laravel-exceptions-renderer::components.file-with-line"},"timestamp":1777111752990}
{"sessionId":"366302","runId":"pre-fix","hypothesisId":"H4","location":"FileViewFinder.php:find","message":"view find called","data":{"name":"laravel-exceptions-renderer::components.vendor-frame"},"timestamp":1777111752991}
{"sessionId":"366302","runId":"pre-fix","hypothesisId":"H4","location":"FileViewFinder.php:find","message":"view find called","data":{"name":"laravel-exceptions-renderer::components.formatted-source"},"timestamp":1777111752992}
{"sessionId":"366302","runId":"pre-fix","hypothesisId":"H4","location":"FileViewFinder.php:find","message":"view find called","data":{"name":"laravel-exceptions-renderer::components.syntax-highlight"},"timestamp":1777111752994}
{"sessionId":"366302","runId":"pre-fix","hypothesisId":"H4","location":"FileViewFinder.php:find","message":"view find called","data":{"name":"laravel-exceptions-renderer::components.file-with-line"},"timestamp":1777111752994}
{"sessionId":"366302","runId":"pre-fix","hypothesisId":"H4","location":"FileViewFinder.php:find","message":"view find called","data":{"name":"laravel-exceptions-renderer::components.vendor-frame"},"timestamp":1777111752996}
{"sessionId":"366302","runId":"pre-fix","hypothesisId":"H4","location":"FileViewFinder.php:find","message":"view find called","data":{"name":"laravel-exceptions-renderer::components.formatted-source"},"timestamp":1777111752997}
{"sessionId":"366302","runId":"pre-fix","hypothesisId":"H4","location":"FileViewFinder.php:find","message":"view find called","data":{"name":"laravel-exceptions-renderer::components.syntax-highlight"},"timestamp":1777111752997}
{"sessionId":"366302","runId":"pre-fix","hypothesisId":"H4","location":"FileViewFinder.php:find","message":"view find called","data":{"name":"laravel-exceptions-renderer::components.file-with-line"},"timestamp":1777111752998}
{"sessionId":"366302","runId":"pre-fix","hypothesisId":"H4","location":"FileViewFinder.php:find","message":"view find called","data":{"name":"laravel-exceptions-renderer::components.frame"},"timestamp":1777111752999}
{"sessionId":"366302","runId":"pre-fix","hypothesisId":"H4","location":"FileViewFinder.php:find","message":"view find called","data":{"name":"laravel-exceptions-renderer::components.formatted-source"},"timestamp":1777111753000}
{"sessionId":"366302","runId":"pre-fix","hypothesisId":"H4","location":"FileViewFinder.php:find","message":"view find called","data":{"name":"laravel-exceptions-renderer::components.syntax-highlight"},"timestamp":1777111753001}
{"sessionId":"366302","runId":"pre-fix","hypothesisId":"H4","location":"FileViewFinder.php:find","message":"view find called","data":{"name":"laravel-exceptions-renderer::components.file-with-line"},"timestamp":1777111753002}
{"sessionId":"366302","runId":"pre-fix","hypothesisId":"H4","location":"FileViewFinder.php:find","message":"view find called","data":{"name":"laravel-exceptions-renderer::components.icons.chevrons-down-up"},"timestamp":1777111753003}
{"sessionId":"366302","runId":"pre-fix","hypothesisId":"H4","location":"FileViewFinder.php:find","message":"view find called","data":{"name":"laravel-exceptions-renderer::components.icons.chevrons-up-down"},"timestamp":1777111753003}
{"sessionId":"366302","runId":"pre-fix","hypothesisId":"H4","location":"FileViewFinder.php:find","message":"view find called","data":{"name":"laravel-exceptions-renderer::components.frame-code"},"timestamp":1777111753005}
{"sessionId":"366302","runId":"pre-fix","hypothesisId":"H4","location":"FileViewFinder.php:find","message":"view find called","data":{"name":"laravel-exceptions-renderer::components.syntax-highlight"},"timestamp":1777111753005}
{"sessionId":"366302","runId":"pre-fix","hypothesisId":"H4","location":"FileViewFinder.php:find","message":"view find called","data":{"name":"laravel-exceptions-renderer::components.vendor-frames"},"timestamp":1777111753006}
{"sessionId":"366302","runId":"pre-fix","hypothesisId":"H4","location":"FileViewFinder.php:find","message":"view find called","data":{"name":"laravel-exceptions-renderer::components.icons.folder"},"timestamp":1777111753007}
{"sessionId":"366302","runId":"pre-fix","hypothesisId":"H4","location":"FileViewFinder.php:find","message":"view find called","data":{"name":"laravel-exceptions-renderer::components.icons.folder-open"},"timestamp":1777111753008}
{"sessionId":"366302","runId":"pre-fix","hypothesisId":"H4","location":"FileViewFinder.php:find","message":"view find called","data":{"name":"laravel-exceptions-renderer::components.icons.chevrons-down-up"},"timestamp":1777111753009}
{"sessionId":"366302","runId":"pre-fix","hypothesisId":"H4","location":"FileViewFinder.php:find","message":"view find called","data":{"name":"laravel-exceptions-renderer::components.icons.chevrons-up-down"},"timestamp":1777111753010}
{"sessionId":"366302","runId":"pre-fix","hypothesisId":"H4","location":"FileViewFinder.php:find","message":"view find called","data":{"name":"laravel-exceptions-renderer::components.vendor-frame"},"timestamp":1777111753011}
{"sessionId":"366302","runId":"pre-fix","hypothesisId":"H4","location":"FileViewFinder.php:find","message":"view find called","data":{"name":"laravel-exceptions-renderer::components.file-with-line"},"timestamp":1777111753012}
{"sessionId":"366302","runId":"pre-fix","hypothesisId":"H4","location":"FileViewFinder.php:find","message":"view find called","data":{"name":"laravel-exceptions-renderer::components.query"},"timestamp":1777111753014}
{"sessionId":"366302","runId":"pre-fix","hypothesisId":"H4","location":"FileViewFinder.php:find","message":"view find called","data":{"name":"laravel-exceptions-renderer::components.query"},"timestamp":1777111753015}
{"sessionId":"366302","runId":"pre-fix","hypothesisId":"H4","location":"FileViewFinder.php:find","message":"view find called","data":{"name":"laravel-exceptions-renderer::components.icons.database"},"timestamp":1777111753016}
{"sessionId":"366302","runId":"pre-fix","hypothesisId":"H4","location":"FileViewFinder.php:find","message":"view find called","data":{"name":"laravel-exceptions-renderer::components.icons.database"},"timestamp":1777111753017}
{"sessionId":"366302","runId":"pre-fix","hypothesisId":"H4","location":"FileViewFinder.php:find","message":"view find called","data":{"name":"laravel-exceptions-renderer::components.icons.database"},"timestamp":1777111753018}
{"sessionId":"366302","runId":"pre-fix","hypothesisId":"H4","location":"FileViewFinder.php:find","message":"view find called","data":{"name":"laravel-exceptions-renderer::components.syntax-highlight"},"timestamp":1777111753019}
{"sessionId":"366302","runId":"pre-fix","hypothesisId":"H4","location":"FileViewFinder.php:find","message":"view find called","data":{"name":"laravel-exceptions-renderer::components.icons.database"},"timestamp":1777111753020}
{"sessionId":"366302","runId":"pre-fix","hypothesisId":"H4","location":"FileViewFinder.php:find","message":"view find called","data":{"name":"laravel-exceptions-renderer::components.syntax-highlight"},"timestamp":1777111753020}
{"sessionId":"366302","runId":"pre-fix","hypothesisId":"H4","location":"FileViewFinder.php:find","message":"view find called","data":{"name":"laravel-exceptions-renderer::components.icons.database"},"timestamp":1777111753021}
{"sessionId":"366302","runId":"pre-fix","hypothesisId":"H4","location":"FileViewFinder.php:find","message":"view find called","data":{"name":"laravel-exceptions-renderer::components.syntax-highlight"},"timestamp":1777111753022}
{"sessionId":"366302","runId":"pre-fix","hypothesisId":"H4","location":"FileViewFinder.php:find","message":"view find called","data":{"name":"laravel-exceptions-renderer::components.icons.database"},"timestamp":1777111753023}
{"sessionId":"366302","runId":"pre-fix","hypothesisId":"H4","location":"FileViewFinder.php:find","message":"view find called","data":{"name":"laravel-exceptions-renderer::components.syntax-highlight"},"timestamp":1777111753023}
{"sessionId":"366302","runId":"pre-fix","hypothesisId":"H4","location":"FileViewFinder.php:find","message":"view find called","data":{"name":"laravel-exceptions-renderer::components.icons.database"},"timestamp":1777111753024}
{"sessionId":"366302","runId":"pre-fix","hypothesisId":"H4","location":"FileViewFinder.php:find","message":"view find called","data":{"name":"laravel-exceptions-renderer::components.syntax-highlight"},"timestamp":1777111753025}
{"sessionId":"366302","runId":"pre-fix","hypothesisId":"H4","location":"FileViewFinder.php:find","message":"view find called","data":{"name":"laravel-exceptions-renderer::components.icons.database"},"timestamp":1777111753026}
{"sessionId":"366302","runId":"pre-fix","hypothesisId":"H4","location":"FileViewFinder.php:find","message":"view find called","data":{"name":"laravel-exceptions-renderer::components.syntax-highlight"},"timestamp":1777111753028}
{"sessionId":"366302","runId":"pre-fix","hypothesisId":"H4","location":"FileViewFinder.php:find","message":"view find called","data":{"name":"laravel-exceptions-renderer::components.icons.database"},"timestamp":1777111753029}
{"sessionId":"366302","runId":"pre-fix","hypothesisId":"H4","location":"FileViewFinder.php:find","message":"view find called","data":{"name":"laravel-exceptions-renderer::components.syntax-highlight"},"timestamp":1777111753030}
{"sessionId":"366302","runId":"pre-fix","hypothesisId":"H4","location":"FileViewFinder.php:find","message":"view find called","data":{"name":"laravel-exceptions-renderer::components.icons.database"},"timestamp":1777111753030}
{"sessionId":"366302","runId":"pre-fix","hypothesisId":"H4","location":"FileViewFinder.php:find","message":"view find called","data":{"name":"laravel-exceptions-renderer::components.syntax-highlight"},"timestamp":1777111753031}
{"sessionId":"366302","runId":"pre-fix","hypothesisId":"H4","location":"FileViewFinder.php:find","message":"view find called","data":{"name":"laravel-exceptions-renderer::components.icons.database"},"timestamp":1777111753032}
{"sessionId":"366302","runId":"pre-fix","hypothesisId":"H4","location":"FileViewFinder.php:find","message":"view find called","data":{"name":"laravel-exceptions-renderer::components.syntax-highlight"},"timestamp":1777111753033}
{"sessionId":"366302","runId":"pre-fix","hypothesisId":"H4","location":"FileViewFinder.php:find","message":"view find called","data":{"name":"laravel-exceptions-renderer::components.icons.database"},"timestamp":1777111753033}
{"sessionId":"366302","runId":"pre-fix","hypothesisId":"H4","location":"FileViewFinder.php:find","message":"view find called","data":{"name":"laravel-exceptions-renderer::components.syntax-highlight"},"timestamp":1777111753034}
{"sessionId":"366302","runId":"pre-fix","hypothesisId":"H4","location":"FileViewFinder.php:find","message":"view find called","data":{"name":"laravel-exceptions-renderer::components.icons.database"},"timestamp":1777111753035}
{"sessionId":"366302","runId":"pre-fix","hypothesisId":"H4","location":"FileViewFinder.php:find","message":"view find called","data":{"name":"laravel-exceptions-renderer::components.syntax-highlight"},"timestamp":1777111753036}
{"sessionId":"366302","runId":"pre-fix","hypothesisId":"H4","location":"FileViewFinder.php:find","message":"view find called","data":{"name":"laravel-exceptions-renderer::components.icons.database"},"timestamp":1777111753036}
{"sessionId":"366302","runId":"pre-fix","hypothesisId":"H4","location":"FileViewFinder.php:find","message":"view find called","data":{"name":"laravel-exceptions-renderer::components.syntax-highlight"},"timestamp":1777111753037}
{"sessionId":"366302","runId":"pre-fix","hypothesisId":"H4","location":"FileViewFinder.php:find","message":"view find called","data":{"name":"laravel-exceptions-renderer::components.icons.database"},"timestamp":1777111753037}
{"sessionId":"366302","runId":"pre-fix","hypothesisId":"H4","location":"FileViewFinder.php:find","message":"view find called","data":{"name":"laravel-exceptions-renderer::components.syntax-highlight"},"timestamp":1777111753038}
{"sessionId":"366302","runId":"pre-fix","hypothesisId":"H4","location":"FileViewFinder.php:find","message":"view find called","data":{"name":"laravel-exceptions-renderer::components.icons.database"},"timestamp":1777111753039}
{"sessionId":"366302","runId":"pre-fix","hypothesisId":"H4","location":"FileViewFinder.php:find","message":"view find called","data":{"name":"laravel-exceptions-renderer::components.syntax-highlight"},"timestamp":1777111753040}
{"sessionId":"366302","runId":"pre-fix","hypothesisId":"H4","location":"FileViewFinder.php:find","message":"view find called","data":{"name":"laravel-exceptions-renderer::components.icons.database"},"timestamp":1777111753041}
{"sessionId":"366302","runId":"pre-fix","hypothesisId":"H4","location":"FileViewFinder.php:find","message":"view find called","data":{"name":"laravel-exceptions-renderer::components.syntax-highlight"},"timestamp":1777111753041}
{"sessionId":"366302","runId":"pre-fix","hypothesisId":"H4","location":"FileViewFinder.php:find","message":"view find called","data":{"name":"laravel-exceptions-renderer::components.icons.database"},"timestamp":1777111753042}
{"sessionId":"366302","runId":"pre-fix","hypothesisId":"H4","location":"FileViewFinder.php:find","message":"view find called","data":{"name":"laravel-exceptions-renderer::components.syntax-highlight"},"timestamp":1777111753043}
{"sessionId":"366302","runId":"pre-fix","hypothesisId":"H4","location":"FileViewFinder.php:find","message":"view find called","data":{"name":"laravel-exceptions-renderer::components.icons.database"},"timestamp":1777111753044}
{"sessionId":"366302","runId":"pre-fix","hypothesisId":"H4","location":"FileViewFinder.php:find","message":"view find called","data":{"name":"laravel-exceptions-renderer::components.syntax-highlight"},"timestamp":1777111753046}
{"sessionId":"366302","runId":"pre-fix","hypothesisId":"H4","location":"FileViewFinder.php:find","message":"view find called","data":{"name":"laravel-exceptions-renderer::components.icons.database"},"timestamp":1777111753046}
{"sessionId":"366302","runId":"pre-fix","hypothesisId":"H4","location":"FileViewFinder.php:find","message":"view find called","data":{"name":"laravel-exceptions-renderer::components.syntax-highlight"},"timestamp":1777111753047}
{"sessionId":"366302","runId":"pre-fix","hypothesisId":"H4","location":"FileViewFinder.php:find","message":"view find called","data":{"name":"laravel-exceptions-renderer::components.icons.database"},"timestamp":1777111753048}
{"sessionId":"366302","runId":"pre-fix","hypothesisId":"H4","location":"FileViewFinder.php:find","message":"view find called","data":{"name":"laravel-exceptions-renderer::components.syntax-highlight"},"timestamp":1777111753049}
{"sessionId":"366302","runId":"pre-fix","hypothesisId":"H4","location":"FileViewFinder.php:find","message":"view find called","data":{"name":"laravel-exceptions-renderer::components.icons.database"},"timestamp":1777111753049}
{"sessionId":"366302","runId":"pre-fix","hypothesisId":"H4","location":"FileViewFinder.php:find","message":"view find called","data":{"name":"laravel-exceptions-renderer::components.syntax-highlight"},"timestamp":1777111753050}
{"sessionId":"366302","runId":"pre-fix","hypothesisId":"H4","location":"FileViewFinder.php:find","message":"view find called","data":{"name":"laravel-exceptions-renderer::components.icons.database"},"timestamp":1777111753051}
{"sessionId":"366302","runId":"pre-fix","hypothesisId":"H4","location":"FileViewFinder.php:find","message":"view find called","data":{"name":"laravel-exceptions-renderer::components.syntax-highlight"},"timestamp":1777111753051}
{"sessionId":"366302","runId":"pre-fix","hypothesisId":"H4","location":"FileViewFinder.php:find","message":"view find called","data":{"name":"laravel-exceptions-renderer::components.icons.database"},"timestamp":1777111753052}
{"sessionId":"366302","runId":"pre-fix","hypothesisId":"H4","location":"FileViewFinder.php:find","message":"view find called","data":{"name":"laravel-exceptions-renderer::components.syntax-highlight"},"timestamp":1777111753052}
{"sessionId":"366302","runId":"pre-fix","hypothesisId":"H4","location":"FileViewFinder.php:find","message":"view find called","data":{"name":"laravel-exceptions-renderer::components.icons.database"},"timestamp":1777111753053}
{"sessionId":"366302","runId":"pre-fix","hypothesisId":"H4","location":"FileViewFinder.php:find","message":"view find called","data":{"name":"laravel-exceptions-renderer::components.syntax-highlight"},"timestamp":1777111753054}
{"sessionId":"366302","runId":"pre-fix","hypothesisId":"H4","location":"FileViewFinder.php:find","message":"view find called","data":{"name":"laravel-exceptions-renderer::components.icons.chevrons-left"},"timestamp":1777111753054}
{"sessionId":"366302","runId":"pre-fix","hypothesisId":"H4","location":"FileViewFinder.php:find","message":"view find called","data":{"name":"laravel-exceptions-renderer::components.icons.chevrons-left"},"timestamp":1777111753055}
{"sessionId":"366302","runId":"pre-fix","hypothesisId":"H4","location":"FileViewFinder.php:find","message":"view find called","data":{"name":"laravel-exceptions-renderer::components.icons.chevron-left"},"timestamp":1777111753056}
{"sessionId":"366302","runId":"pre-fix","hypothesisId":"H4","location":"FileViewFinder.php:find","message":"view find called","data":{"name":"laravel-exceptions-renderer::components.icons.chevron-left"},"timestamp":1777111753056}
{"sessionId":"366302","runId":"pre-fix","hypothesisId":"H4","location":"FileViewFinder.php:find","message":"view find called","data":{"name":"laravel-exceptions-renderer::components.icons.chevron-right"},"timestamp":1777111753057}
{"sessionId":"366302","runId":"pre-fix","hypothesisId":"H4","location":"FileViewFinder.php:find","message":"view find called","data":{"name":"laravel-exceptions-renderer::components.icons.chevron-right"},"timestamp":1777111753058}
{"sessionId":"366302","runId":"pre-fix","hypothesisId":"H4","location":"FileViewFinder.php:find","message":"view find called","data":{"name":"laravel-exceptions-renderer::components.icons.chevrons-right"},"timestamp":1777111753059}
{"sessionId":"366302","runId":"pre-fix","hypothesisId":"H4","location":"FileViewFinder.php:find","message":"view find called","data":{"name":"laravel-exceptions-renderer::components.icons.chevrons-right"},"timestamp":1777111753060}
{"sessionId":"366302","runId":"pre-fix","hypothesisId":"H4","location":"FileViewFinder.php:find","message":"view find called","data":{"name":"laravel-exceptions-renderer::components.section-container"},"timestamp":1777111753061}
{"sessionId":"366302","runId":"pre-fix","hypothesisId":"H4","location":"FileViewFinder.php:find","message":"view find called","data":{"name":"laravel-exceptions-renderer::components.separator"},"timestamp":1777111753062}
{"sessionId":"366302","runId":"pre-fix","hypothesisId":"H4","location":"FileViewFinder.php:find","message":"view find called","data":{"name":"laravel-exceptions-renderer::components.request-header"},"timestamp":1777111753063}
{"sessionId":"366302","runId":"pre-fix","hypothesisId":"H4","location":"FileViewFinder.php:find","message":"view find called","data":{"name":"laravel-exceptions-renderer::components.request-header"},"timestamp":1777111753063}
{"sessionId":"366302","runId":"pre-fix","hypothesisId":"H4","location":"FileViewFinder.php:find","message":"view find called","data":{"name":"laravel-exceptions-renderer::components.request-body"},"timestamp":1777111753064}
{"sessionId":"366302","runId":"pre-fix","hypothesisId":"H4","location":"FileViewFinder.php:find","message":"view find called","data":{"name":"laravel-exceptions-renderer::components.request-body"},"timestamp":1777111753065}
{"sessionId":"366302","runId":"pre-fix","hypothesisId":"H4","location":"FileViewFinder.php:find","message":"view find called","data":{"name":"laravel-exceptions-renderer::components.empty-state"},"timestamp":1777111753066}
{"sessionId":"366302","runId":"pre-fix","hypothesisId":"H4","location":"FileViewFinder.php:find","message":"view find called","data":{"name":"laravel-exceptions-renderer::components.empty-state"},"timestamp":1777111753066}
{"sessionId":"366302","runId":"pre-fix","hypothesisId":"H4","location":"FileViewFinder.php:find","message":"view find called","data":{"name":"laravel-exceptions-renderer::components.routing"},"timestamp":1777111753067}
{"sessionId":"366302","runId":"pre-fix","hypothesisId":"H4","location":"FileViewFinder.php:find","message":"view find called","data":{"name":"laravel-exceptions-renderer::components.routing"},"timestamp":1777111753068}
{"sessionId":"366302","runId":"pre-fix","hypothesisId":"H4","location":"FileViewFinder.php:find","message":"view find called","data":{"name":"laravel-exceptions-renderer::components.routing-parameter"},"timestamp":1777111753068}
{"sessionId":"366302","runId":"pre-fix","hypothesisId":"H4","location":"FileViewFinder.php:find","message":"view find called","data":{"name":"laravel-exceptions-renderer::components.routing-parameter"},"timestamp":1777111753069}
{"sessionId":"366302","runId":"pre-fix","hypothesisId":"H4","location":"FileViewFinder.php:find","message":"view find called","data":{"name":"laravel-exceptions-renderer::components.empty-state"},"timestamp":1777111753070}
{"sessionId":"366302","runId":"pre-fix","hypothesisId":"H4","location":"FileViewFinder.php:find","message":"view find called","data":{"name":"laravel-exceptions-renderer::components.section-container"},"timestamp":1777111753071}
{"sessionId":"366302","runId":"pre-fix","hypothesisId":"H4","location":"FileViewFinder.php:find","message":"view find called","data":{"name":"laravel-exceptions-renderer::components.separator"},"timestamp":1777111753072}
{"sessionId":"366302","runId":"pre-fix","hypothesisId":"H4","location":"FileViewFinder.php:find","message":"view find called","data":{"name":"laravel-exceptions-renderer::components.laravel-ascii-spotlight"},"timestamp":1777111753072}
{"sessionId":"366302","runId":"pre-fix","hypothesisId":"H4","location":"FileViewFinder.php:find","message":"view find called","data":{"name":"laravel-exceptions-renderer::components.laravel-ascii-spotlight"},"timestamp":1777111753073}
{"sessionId":"366302","runId":"pre-fix","hypothesisId":"H4","location":"FileViewFinder.php:find","message":"view find called","data":{"name":"laravel-exceptions-renderer::components.icons.laravel-ascii"},"timestamp":1777111753073}
{"sessionId":"366302","runId":"pre-fix","hypothesisId":"H4","location":"FileViewFinder.php:find","message":"view find called","data":{"name":"laravel-exceptions-renderer::components.icons.laravel-ascii"},"timestamp":1777111753074}
{"sessionId":"366302","runId":"pre-fix","hypothesisId":"H4","location":"FileViewFinder.php:find","message":"view find called","data":{"name":"laravel-exceptions-renderer::components.icons.laravel-ascii"},"timestamp":1777111753075}
{"sessionId":"366302","runId":"pre-fix","hypothesisId":"H4","location":"FileViewFinder.php:find","message":"view find called","data":{"name":"laravel-exceptions-renderer::components.section-container"},"timestamp":1777111753075}
{"sessionId":"366302","runId":"pre-fix","hypothesisId":"H4","location":"FileViewFinder.php:find","message":"view find called","data":{"name":"laravel-exceptions-renderer::components.layout"},"timestamp":1777111753076}
{"sessionId":"366302","runId":"pre-fix","hypothesisId":"H4","location":"FileViewFinder.php:find","message":"view find called","data":{"name":"livewire.product-catalog"},"timestamp":1777112078194}
{"sessionId":"366302","runId":"pre-fix","hypothesisId":"H4","location":"FileViewFinder.php:find","message":"view find called","data":{"name":"components.single-product-card"},"timestamp":1777112078197}
{"sessionId":"366302","runId":"pre-fix","hypothesisId":"H4","location":"FileViewFinder.php:find","message":"view find called","data":{"name":"components.single-product-card"},"timestamp":1777112078198}
{"sessionId":"366302","runId":"pre-fix","hypothesisId":"H4","location":"FileViewFinder.php:find","message":"view find called","data":{"name":"components.single-product-card"},"timestamp":1777112078200}
{"sessionId":"366302","runId":"pre-fix","hypothesisId":"H4","location":"FileViewFinder.php:find","message":"view find called","data":{"name":"components.single-product-card"},"timestamp":1777112078201}
{"sessionId":"366302","runId":"pre-fix","hypothesisId":"H4","location":"FileViewFinder.php:find","message":"view find called","data":{"name":"components.single-product-card"},"timestamp":1777112078202}
{"sessionId":"366302","runId":"pre-fix","hypothesisId":"H4","location":"FileViewFinder.php:find","message":"view find called","data":{"name":"components.single-product-card"},"timestamp":1777112078204}
{"sessionId":"366302","runId":"pre-fix","hypothesisId":"H4","location":"FileViewFinder.php:find","message":"view find called","data":{"name":"components.single-product-card"},"timestamp":1777112078205}
{"sessionId":"366302","runId":"pre-fix","hypothesisId":"H4","location":"FileViewFinder.php:find","message":"view find called","data":{"name":"components.single-product-card"},"timestamp":1777112078205}
{"sessionId":"366302","runId":"pre-fix","hypothesisId":"H4","location":"FileViewFinder.php:find","message":"view find called","data":{"name":"components.single-product-card"},"timestamp":1777112078206}
{"sessionId":"366302","runId":"pre-fix","hypothesisId":"H4","location":"FileViewFinder.php:find","message":"view find called","data":{"name":"components.single-product-card"},"timestamp":1777112078207}
{"sessionId":"366302","runId":"pre-fix","hypothesisId":"H4","location":"FileViewFinder.php:find","message":"view find called","data":{"name":"livewire::tailwind"},"timestamp":1777112078208}
{"sessionId":"366302","runId":"pre-fix","hypothesisId":"H4","location":"FileViewFinder.php:find","message":"view find called","data":{"name":"    <?php $layout->viewContext->mergeIntoNewEnvironment($__env); ?>\n\n    @component($layout->view, $layout->params)\n        @slot($layout->slotOrSection)\n            {!! $content !!}\n        @endslot\n\n        <?php\n        // Manually forward slots defined in the Livewire template into the layout component...\n        foreach ($layout->viewContext->slots[-1] ?? [] as $name => $slot) {\n            $__env->slot($name, attributes: $slot->attributes->getAttributes());\n            echo $slot->toHtml();\n            $__env->endSlot();\n        }\n        ?>\n    @endcomponent"},"timestamp":1777112078214}
{"sessionId":"366302","runId":"pre-fix","hypothesisId":"H4","location":"FileViewFinder.php:find","message":"view find called","data":{"name":"__components::4943bc92ebba41e8b0e508149542e0ad"},"timestamp":1777112078215}
{"sessionId":"366302","runId":"pre-fix","hypothesisId":"H4","location":"FileViewFinder.php:find","message":"view find called","data":{"name":"components.layouts.app"},"timestamp":1777112078218}
{"sessionId":"366302","runId":"pre-fix","hypothesisId":"H4","location":"FileViewFinder.php:find","message":"view find called","data":{"name":"components.navigation"},"timestamp":1777112078222}
{"sessionId":"366302","runId":"pre-fix","hypothesisId":"H4","location":"FileViewFinder.php:find","message":"view find called","data":{"name":"components.navigation"},"timestamp":1777112078222}
{"sessionId":"366302","runId":"pre-fix","hypothesisId":"H4","location":"FileViewFinder.php:find","message":"view find called","data":{"name":"components.footer"},"timestamp":1777112078223}
{"sessionId":"366302","runId":"pre-fix","hypothesisId":"H4","location":"FileViewFinder.php:find","message":"view find called","data":{"name":"components.footer"},"timestamp":1777112078224}
{"sessionId":"366302","runId":"pre-fix","hypothesisId":"H4","location":"FileViewFinder.php:find","message":"view find called","data":{"name":"livewire.product-catalog"},"timestamp":1777112485653}
{"sessionId":"366302","runId":"pre-fix","hypothesisId":"H4","location":"FileViewFinder.php:find","message":"view find called","data":{"name":"components.single-product-card"},"timestamp":1777112485655}
{"sessionId":"366302","runId":"pre-fix","hypothesisId":"H4","location":"FileViewFinder.php:find","message":"view find called","data":{"name":"components.single-product-card"},"timestamp":1777112485656}
{"sessionId":"366302","runId":"pre-fix","hypothesisId":"H4","location":"FileViewFinder.php:find","message":"view find called","data":{"name":"components.single-product-card"},"timestamp":1777112485658}
{"sessionId":"366302","runId":"pre-fix","hypothesisId":"H4","location":"FileViewFinder.php:find","message":"view find called","data":{"name":"components.single-product-card"},"timestamp":1777112485659}
{"sessionId":"366302","runId":"pre-fix","hypothesisId":"H4","location":"FileViewFinder.php:find","message":"view find called","data":{"name":"components.single-product-card"},"timestamp":1777112485659}
{"sessionId":"366302","runId":"pre-fix","hypothesisId":"H4","location":"FileViewFinder.php:find","message":"view find called","data":{"name":"components.single-product-card"},"timestamp":1777112485660}
{"sessionId":"366302","runId":"pre-fix","hypothesisId":"H4","location":"FileViewFinder.php:find","message":"view find called","data":{"name":"components.single-product-card"},"timestamp":1777112485660}
{"sessionId":"366302","runId":"pre-fix","hypothesisId":"H4","location":"FileViewFinder.php:find","message":"view find called","data":{"name":"components.single-product-card"},"timestamp":1777112485661}
{"sessionId":"366302","runId":"pre-fix","hypothesisId":"H4","location":"FileViewFinder.php:find","message":"view find called","data":{"name":"components.single-product-card"},"timestamp":1777112485662}
{"sessionId":"366302","runId":"pre-fix","hypothesisId":"H4","location":"FileViewFinder.php:find","message":"view find called","data":{"name":"components.single-product-card"},"timestamp":1777112485663}
{"sessionId":"366302","runId":"pre-fix","hypothesisId":"H4","location":"FileViewFinder.php:find","message":"view find called","data":{"name":"livewire::tailwind"},"timestamp":1777112485664}
{"sessionId":"366302","runId":"pre-fix","hypothesisId":"H4","location":"FileViewFinder.php:find","message":"view find called","data":{"name":"    <?php $layout->viewContext->mergeIntoNewEnvironment($__env); ?>\n\n    @component($layout->view, $layout->params)\n        @slot($layout->slotOrSection)\n            {!! $content !!}\n        @endslot\n\n        <?php\n        // Manually forward slots defined in the Livewire template into the layout component...\n        foreach ($layout->viewContext->slots[-1] ?? [] as $name => $slot) {\n            $__env->slot($name, attributes: $slot->attributes->getAttributes());\n            echo $slot->toHtml();\n            $__env->endSlot();\n        }\n        ?>\n    @endcomponent"},"timestamp":1777112485671}
{"sessionId":"366302","runId":"pre-fix","hypothesisId":"H4","location":"FileViewFinder.php:find","message":"view find called","data":{"name":"__components::4943bc92ebba41e8b0e508149542e0ad"},"timestamp":1777112485672}
{"sessionId":"366302","runId":"pre-fix","hypothesisId":"H4","location":"FileViewFinder.php:find","message":"view find called","data":{"name":"components.layouts.app"},"timestamp":1777112485674}
{"sessionId":"366302","runId":"pre-fix","hypothesisId":"H4","location":"FileViewFinder.php:find","message":"view find called","data":{"name":"components.navigation"},"timestamp":1777112485676}
{"sessionId":"366302","runId":"pre-fix","hypothesisId":"H4","location":"FileViewFinder.php:find","message":"view find called","data":{"name":"components.navigation"},"timestamp":1777112485677}
{"sessionId":"366302","runId":"pre-fix","hypothesisId":"H4","location":"FileViewFinder.php:find","message":"view find called","data":{"name":"components.footer"},"timestamp":1777112485678}
{"sessionId":"366302","runId":"pre-fix","hypothesisId":"H4","location":"FileViewFinder.php:find","message":"view find called","data":{"name":"components.footer"},"timestamp":1777112485678}
{"sessionId":"366302","runId":"pre-fix","hypothesisId":"H4","location":"FileViewFinder.php:find","message":"view find called","data":{"name":"product.show"},"timestamp":1777112491737}
{"sessionId":"366302","runId":"pre-fix","hypothesisId":"H4","location":"FileViewFinder.php:find","message":"view find called","data":{"name":"components.layouts.app"},"timestamp":1777112491740}
{"sessionId":"366302","runId":"pre-fix","hypothesisId":"H4","location":"FileViewFinder.php:find","message":"view find called","data":{"name":"components.layouts.app"},"timestamp":1777112491762}
{"sessionId":"366302","runId":"pre-fix","hypothesisId":"H4","location":"FileViewFinder.php:find","message":"view find called","data":{"name":"components.navigation"},"timestamp":1777112491764}
{"sessionId":"366302","runId":"pre-fix","hypothesisId":"H4","location":"FileViewFinder.php:find","message":"view find called","data":{"name":"components.navigation"},"timestamp":1777112491765}
{"sessionId":"366302","runId":"pre-fix","hypothesisId":"H4","location":"FileViewFinder.php:find","message":"view find called","data":{"name":"components.footer"},"timestamp":1777112491766}
{"sessionId":"366302","runId":"pre-fix","hypothesisId":"H4","location":"FileViewFinder.php:find","message":"view find called","data":{"name":"components.footer"},"timestamp":1777112491766}
{"sessionId":"366302","runId":"pre-fix","hypothesisId":"H4","location":"FileViewFinder.php:find","message":"view find called","data":{"name":"livewire.product-catalog"},"timestamp":1777112495697}
{"sessionId":"366302","runId":"pre-fix","hypothesisId":"H4","location":"FileViewFinder.php:find","message":"view find called","data":{"name":"components.single-product-card"},"timestamp":1777112495699}
{"sessionId":"366302","runId":"pre-fix","hypothesisId":"H4","location":"FileViewFinder.php:find","message":"view find called","data":{"name":"components.single-product-card"},"timestamp":1777112495699}
{"sessionId":"366302","runId":"pre-fix","hypothesisId":"H4","location":"FileViewFinder.php:find","message":"view find called","data":{"name":"components.single-product-card"},"timestamp":1777112495700}
{"sessionId":"366302","runId":"pre-fix","hypothesisId":"H4","location":"FileViewFinder.php:find","message":"view find called","data":{"name":"components.single-product-card"},"timestamp":1777112495701}
{"sessionId":"366302","runId":"pre-fix","hypothesisId":"H4","location":"FileViewFinder.php:find","message":"view find called","data":{"name":"components.single-product-card"},"timestamp":1777112495702}
{"sessionId":"366302","runId":"pre-fix","hypothesisId":"H4","location":"FileViewFinder.php:find","message":"view find called","data":{"name":"components.single-product-card"},"timestamp":1777112495702}
{"sessionId":"366302","runId":"pre-fix","hypothesisId":"H4","location":"FileViewFinder.php:find","message":"view find called","data":{"name":"components.single-product-card"},"timestamp":1777112495703}
{"sessionId":"366302","runId":"pre-fix","hypothesisId":"H4","location":"FileViewFinder.php:find","message":"view find called","data":{"name":"components.single-product-card"},"timestamp":1777112495704}
{"sessionId":"366302","runId":"pre-fix","hypothesisId":"H4","location":"FileViewFinder.php:find","message":"view find called","data":{"name":"components.single-product-card"},"timestamp":1777112495705}
{"sessionId":"366302","runId":"pre-fix","hypothesisId":"H4","location":"FileViewFinder.php:find","message":"view find called","data":{"name":"components.single-product-card"},"timestamp":1777112495706}
{"sessionId":"366302","runId":"pre-fix","hypothesisId":"H4","location":"FileViewFinder.php:find","message":"view find called","data":{"name":"livewire::tailwind"},"timestamp":1777112495707}
{"sessionId":"366302","runId":"pre-fix","hypothesisId":"H4","location":"FileViewFinder.php:find","message":"view find called","data":{"name":"    <?php $layout->viewContext->mergeIntoNewEnvironment($__env); ?>\n\n    @component($layout->view, $layout->params)\n        @slot($layout->slotOrSection)\n            {!! $content !!}\n        @endslot\n\n        <?php\n        // Manually forward slots defined in the Livewire template into the layout component...\n        foreach ($layout->viewContext->slots[-1] ?? [] as $name => $slot) {\n            $__env->slot($name, attributes: $slot->attributes->getAttributes());\n            echo $slot->toHtml();\n            $__env->endSlot();\n        }\n        ?>\n    @endcomponent"},"timestamp":1777112495712}
{"sessionId":"366302","runId":"pre-fix","hypothesisId":"H4","location":"FileViewFinder.php:find","message":"view find called","data":{"name":"__components::4943bc92ebba41e8b0e508149542e0ad"},"timestamp":1777112495714}
{"sessionId":"366302","runId":"pre-fix","hypothesisId":"H4","location":"FileViewFinder.php:find","message":"view find called","data":{"name":"components.layouts.app"},"timestamp":1777112495715}
{"sessionId":"366302","runId":"pre-fix","hypothesisId":"H4","location":"FileViewFinder.php:find","message":"view find called","data":{"name":"components.navigation"},"timestamp":1777112495717}
{"sessionId":"366302","runId":"pre-fix","hypothesisId":"H4","location":"FileViewFinder.php:find","message":"view find called","data":{"name":"components.navigation"},"timestamp":1777112495717}
{"sessionId":"366302","runId":"pre-fix","hypothesisId":"H4","location":"FileViewFinder.php:find","message":"view find called","data":{"name":"components.footer"},"timestamp":1777112495718}
{"sessionId":"366302","runId":"pre-fix","hypothesisId":"H4","location":"FileViewFinder.php:find","message":"view find called","data":{"name":"components.footer"},"timestamp":1777112495719}
{"sessionId":"366302","runId":"pre-fix","hypothesisId":"H4","location":"FileViewFinder.php:find","message":"view find called","data":{"name":"product.show"},"timestamp":1777112497529}
{"sessionId":"366302","runId":"pre-fix","hypothesisId":"H4","location":"FileViewFinder.php:find","message":"view find called","data":{"name":"components.layouts.app"},"timestamp":1777112497531}
{"sessionId":"366302","runId":"pre-fix","hypothesisId":"H4","location":"FileViewFinder.php:find","message":"view find called","data":{"name":"components.layouts.app"},"timestamp":1777112497538}
{"sessionId":"366302","runId":"pre-fix","hypothesisId":"H4","location":"FileViewFinder.php:find","message":"view find called","data":{"name":"components.navigation"},"timestamp":1777112497540}
{"sessionId":"366302","runId":"pre-fix","hypothesisId":"H4","location":"FileViewFinder.php:find","message":"view find called","data":{"name":"components.navigation"},"timestamp":1777112497541}
{"sessionId":"366302","runId":"pre-fix","hypothesisId":"H4","location":"FileViewFinder.php:find","message":"view find called","data":{"name":"components.footer"},"timestamp":1777112497542}
{"sessionId":"366302","runId":"pre-fix","hypothesisId":"H4","location":"FileViewFinder.php:find","message":"view find called","data":{"name":"components.footer"},"timestamp":1777112497542}
{"sessionId":"366302","runId":"pre-fix","hypothesisId":"H4","location":"FileViewFinder.php:find","message":"view find called","data":{"name":"livewire.product-catalog"},"timestamp":1777112501740}
{"sessionId":"366302","runId":"pre-fix","hypothesisId":"H4","location":"FileViewFinder.php:find","message":"view find called","data":{"name":"components.single-product-card"},"timestamp":1777112501744}
{"sessionId":"366302","runId":"pre-fix","hypothesisId":"H4","location":"FileViewFinder.php:find","message":"view find called","data":{"name":"components.single-product-card"},"timestamp":1777112501745}
{"sessionId":"366302","runId":"pre-fix","hypothesisId":"H4","location":"FileViewFinder.php:find","message":"view find called","data":{"name":"components.single-product-card"},"timestamp":1777112501746}
{"sessionId":"366302","runId":"pre-fix","hypothesisId":"H4","location":"FileViewFinder.php:find","message":"view find called","data":{"name":"components.single-product-card"},"timestamp":1777112501747}
{"sessionId":"366302","runId":"pre-fix","hypothesisId":"H4","location":"FileViewFinder.php:find","message":"view find called","data":{"name":"components.single-product-card"},"timestamp":1777112501748}
{"sessionId":"366302","runId":"pre-fix","hypothesisId":"H4","location":"FileViewFinder.php:find","message":"view find called","data":{"name":"components.single-product-card"},"timestamp":1777112501749}
{"sessionId":"366302","runId":"pre-fix","hypothesisId":"H4","location":"FileViewFinder.php:find","message":"view find called","data":{"name":"components.single-product-card"},"timestamp":1777112501750}
{"sessionId":"366302","runId":"pre-fix","hypothesisId":"H4","location":"FileViewFinder.php:find","message":"view find called","data":{"name":"components.single-product-card"},"timestamp":1777112501751}
{"sessionId":"366302","runId":"pre-fix","hypothesisId":"H4","location":"FileViewFinder.php:find","message":"view find called","data":{"name":"components.single-product-card"},"timestamp":1777112501752}
{"sessionId":"366302","runId":"pre-fix","hypothesisId":"H4","location":"FileViewFinder.php:find","message":"view find called","data":{"name":"components.single-product-card"},"timestamp":1777112501753}
{"sessionId":"366302","runId":"pre-fix","hypothesisId":"H4","location":"FileViewFinder.php:find","message":"view find called","data":{"name":"livewire::tailwind"},"timestamp":1777112501755}
{"sessionId":"366302","runId":"pre-fix","hypothesisId":"H4","location":"FileViewFinder.php:find","message":"view find called","data":{"name":"    <?php $layout->viewContext->mergeIntoNewEnvironment($__env); ?>\n\n    @component($layout->view, $layout->params)\n        @slot($layout->slotOrSection)\n            {!! $content !!}\n        @endslot\n\n        <?php\n        // Manually forward slots defined in the Livewire template into the layout component...\n        foreach ($layout->viewContext->slots[-1] ?? [] as $name => $slot) {\n            $__env->slot($name, attributes: $slot->attributes->getAttributes());\n            echo $slot->toHtml();\n            $__env->endSlot();\n        }\n        ?>\n    @endcomponent"},"timestamp":1777112501762}
{"sessionId":"366302","runId":"pre-fix","hypothesisId":"H4","location":"FileViewFinder.php:find","message":"view find called","data":{"name":"__components::4943bc92ebba41e8b0e508149542e0ad"},"timestamp":1777112501764}
{"sessionId":"366302","runId":"pre-fix","hypothesisId":"H4","location":"FileViewFinder.php:find","message":"view find called","data":{"name":"components.layouts.app"},"timestamp":1777112501767}
{"sessionId":"366302","runId":"pre-fix","hypothesisId":"H4","location":"FileViewFinder.php:find","message":"view find called","data":{"name":"components.navigation"},"timestamp":1777112501770}
{"sessionId":"366302","runId":"pre-fix","hypothesisId":"H4","location":"FileViewFinder.php:find","message":"view find called","data":{"name":"components.navigation"},"timestamp":1777112501770}
{"sessionId":"366302","runId":"pre-fix","hypothesisId":"H4","location":"FileViewFinder.php:find","message":"view find called","data":{"name":"components.footer"},"timestamp":1777112501771}
{"sessionId":"366302","runId":"pre-fix","hypothesisId":"H4","location":"FileViewFinder.php:find","message":"view find called","data":{"name":"components.footer"},"timestamp":1777112501772}
{"sessionId":"366302","runId":"pre-fix","hypothesisId":"H4","location":"FileViewFinder.php:find","message":"view find called","data":{"name":"<x-filament::link :href=\"filament()->getRequestPasswordResetUrl()\"> {{ __('filament-panels::auth/pages/login.actions.request_password_reset.label') }}</x-filament::link>"},"timestamp":1777112930682}
{"sessionId":"366302","runId":"pre-fix","hypothesisId":"H4","location":"FileViewFinder.php:find","message":"view find called","data":{"name":"__components::85bb85cf83d480c5fa2deca8e4760bbe"},"timestamp":1777112930688}
{"sessionId":"366302","runId":"pre-fix","hypothesisId":"H2","location":"ComponentTagCompiler.php:componentString","message":"component tag compiled","data":{"component":"filament::link"},"timestamp":1777112930696}
{"sessionId":"366302","runId":"pre-fix","hypothesisId":"H3","location":"ComponentTagCompiler.php:guessAnonymousComponentUsingNamespaces","message":"checking anonymous component namespaces","data":{"component":"filament::link","registeredNamespaces":[]},"timestamp":1777112930698}
{"sessionId":"366302","runId":"pre-fix","hypothesisId":"H4","location":"FileViewFinder.php:find","message":"view find called","data":{"name":"filament::components.link"},"timestamp":1777112930698}
{"sessionId":"366302","runId":"pre-fix","hypothesisId":"H4","location":"FileViewFinder.php:find","message":"view find called","data":{"name":"filament::components.link"},"timestamp":1777112930869}
{"sessionId":"366302","runId":"pre-fix","hypothesisId":"H4","location":"FileViewFinder.php:find","message":"view find called","data":{"name":"filament::components.link"},"timestamp":1777112930870}
{"sessionId":"366302","runId":"pre-fix","hypothesisId":"H4","location":"FileViewFinder.php:find","message":"view find called","data":{"name":"filament-panels::pages.simple"},"timestamp":1777112933151}
{"sessionId":"366302","runId":"pre-fix","hypothesisId":"H2","location":"ComponentTagCompiler.php:componentString","message":"component tag compiled","data":{"component":"filament-panels::page.simple"},"timestamp":1777112933163}
{"sessionId":"366302","runId":"pre-fix","hypothesisId":"H3","location":"ComponentTagCompiler.php:guessAnonymousComponentUsingNamespaces","message":"checking anonymous component namespaces","data":{"component":"filament-panels::page.simple","registeredNamespaces":[]},"timestamp":1777112933164}
{"sessionId":"366302","runId":"pre-fix","hypothesisId":"H4","location":"FileViewFinder.php:find","message":"view find called","data":{"name":"filament-panels::components.page.simple"},"timestamp":1777112933164}
{"sessionId":"366302","runId":"pre-fix","hypothesisId":"H4","location":"FileViewFinder.php:find","message":"view find called","data":{"name":"filament-panels::components.page.simple"},"timestamp":1777112933297}
{"sessionId":"366302","runId":"pre-fix","hypothesisId":"H4","location":"FileViewFinder.php:find","message":"view find called","data":{"name":"filament-schemas::components.form"},"timestamp":1777112933635}
{"sessionId":"366302","runId":"pre-fix","hypothesisId":"H4","location":"FileViewFinder.php:find","message":"view find called","data":{"name":"filament-forms::components.text-input"},"timestamp":1777112933727}
{"sessionId":"366302","runId":"pre-fix","hypothesisId":"H2","location":"ComponentTagCompiler.php:componentString","message":"component tag compiled","data":{"component":"dynamic-component"},"timestamp":1777112933740}
{"sessionId":"366302","runId":"pre-fix","hypothesisId":"H2","location":"ComponentTagCompiler.php:componentString","message":"component tag compiled","data":{"component":"filament::input.wrapper"},"timestamp":1777112933768}
{"sessionId":"366302","runId":"pre-fix","hypothesisId":"H3","location":"ComponentTagCompiler.php:guessAnonymousComponentUsingNamespaces","message":"checking anonymous component namespaces","data":{"component":"filament::input.wrapper","registeredNamespaces":[]},"timestamp":1777112933769}
{"sessionId":"366302","runId":"pre-fix","hypothesisId":"H4","location":"FileViewFinder.php:find","message":"view find called","data":{"name":"filament::components.input.wrapper"},"timestamp":1777112933770}
{"sessionId":"366302","runId":"pre-fix","hypothesisId":"H4","location":"FileViewFinder.php:find","message":"view find called","data":{"name":"filament::components.input.wrapper"},"timestamp":1777112934194}
{"sessionId":"366302","runId":"pre-fix","hypothesisId":"H4","location":"FileViewFinder.php:find","message":"view find called","data":{"name":"filament::components.input.wrapper"},"timestamp":1777112934195}
{"sessionId":"366302","runId":"pre-fix","hypothesisId":"H3","location":"ComponentTagCompiler.php:guessAnonymousComponentUsingNamespaces","message":"checking anonymous component namespaces","data":{"component":"filament-forms::field-wrapper","registeredNamespaces":[]},"timestamp":1777112934640}
{"sessionId":"366302","runId":"pre-fix","hypothesisId":"H4","location":"FileViewFinder.php:find","message":"view find called","data":{"name":"filament-forms::components.field-wrapper"},"timestamp":1777112934641}
{"sessionId":"366302","runId":"pre-fix","hypothesisId":"H4","location":"FileViewFinder.php:find","message":"view find called","data":{"name":"<?php extract((new \\Illuminate\\Support\\Collection($attributes->getAttributes()))->mapWithKeys(function ($value, $key) { return [Illuminate\\Support\\Str::camel(str_replace([':', '.'], ' ', $key)) => $value]; })->all(), EXTR_SKIP); ?>\n@props(['field','inlineLabelVerticalAlignment'])\n<x-filament-forms::field-wrapper :field=\"$field\" :inline-label-vertical-alignment=\"$inlineLabelVerticalAlignment\" >\n\n{{ $slot ?? \"\" }}\n</x-filament-forms::field-wrapper>"},"timestamp":1777112934642}
{"sessionId":"366302","runId":"pre-fix","hypothesisId":"H4","location":"FileViewFinder.php:find","message":"view find called","data":{"name":"__components::7efa8d8730e6e64b895c482f47ff6151"},"timestamp":1777112934646}
{"sessionId":"366302","runId":"pre-fix","hypothesisId":"H2","location":"ComponentTagCompiler.php:componentString","message":"component tag compiled","data":{"component":"filament-forms::field-wrapper"},"timestamp":1777112934667}
{"sessionId":"366302","runId":"pre-fix","hypothesisId":"H3","location":"ComponentTagCompiler.php:guessAnonymousComponentUsingNamespaces","message":"checking anonymous component namespaces","data":{"component":"filament-forms::field-wrapper","registeredNamespaces":[]},"timestamp":1777112934667}
{"sessionId":"366302","runId":"pre-fix","hypothesisId":"H4","location":"FileViewFinder.php:find","message":"view find called","data":{"name":"filament-forms::components.field-wrapper"},"timestamp":1777112934668}
{"sessionId":"366302","runId":"pre-fix","hypothesisId":"H4","location":"FileViewFinder.php:find","message":"view find called","data":{"name":"filament-forms::components.field-wrapper"},"timestamp":1777112934845}
{"sessionId":"366302","runId":"pre-fix","hypothesisId":"H4","location":"FileViewFinder.php:find","message":"view find called","data":{"name":"filament-forms::components.field-wrapper"},"timestamp":1777112934846}
{"sessionId":"366302","runId":"pre-fix","hypothesisId":"H4","location":"FileViewFinder.php:find","message":"view find called","data":{"name":"filament-forms::components.text-input"},"timestamp":1777112935200}
{"sessionId":"366302","runId":"pre-fix","hypothesisId":"H4","location":"FileViewFinder.php:find","message":"view find called","data":{"name":"filament::components.input.wrapper"},"timestamp":1777112935202}
{"sessionId":"366302","runId":"pre-fix","hypothesisId":"H4","location":"FileViewFinder.php:find","message":"view find called","data":{"name":"__components::7efa8d8730e6e64b895c482f47ff6151"},"timestamp":1777112935388}
{"sessionId":"366302","runId":"pre-fix","hypothesisId":"H4","location":"FileViewFinder.php:find","message":"view find called","data":{"name":"filament-forms::components.field-wrapper"},"timestamp":1777112935389}
{"sessionId":"366302","runId":"pre-fix","hypothesisId":"H4","location":"FileViewFinder.php:find","message":"view find called","data":{"name":"filament-schemas::components.text"},"timestamp":1777112935392}
{"sessionId":"366302","runId":"pre-fix","hypothesisId":"H2","location":"ComponentTagCompiler.php:componentString","message":"component tag compiled","data":{"component":"filament::badge"},"timestamp":1777112935412}
{"sessionId":"366302","runId":"pre-fix","hypothesisId":"H3","location":"ComponentTagCompiler.php:guessAnonymousComponentUsingNamespaces","message":"checking anonymous component namespaces","data":{"component":"filament::badge","registeredNamespaces":[]},"timestamp":1777112935412}
{"sessionId":"366302","runId":"pre-fix","hypothesisId":"H4","location":"FileViewFinder.php:find","message":"view find called","data":{"name":"filament::components.badge"},"timestamp":1777112935413}
{"sessionId":"366302","runId":"pre-fix","hypothesisId":"H4","location":"FileViewFinder.php:find","message":"view find called","data":{"name":"filament-forms::components.checkbox"},"timestamp":1777112935717}
{"sessionId":"366302","runId":"pre-fix","hypothesisId":"H2","location":"ComponentTagCompiler.php:componentString","message":"component tag compiled","data":{"component":"dynamic-component"},"timestamp":1777112935733}
{"sessionId":"366302","runId":"pre-fix","hypothesisId":"H4","location":"FileViewFinder.php:find","message":"view find called","data":{"name":"<?php extract((new \\Illuminate\\Support\\Collection($attributes->getAttributes()))->mapWithKeys(function ($value, $key) { return [Illuminate\\Support\\Str::camel(str_replace([':', '.'], ' ', $key)) => $value]; })->all(), EXTR_SKIP); ?>\n@props(['field','inlineLabelVerticalAlignment'])\n<x-filament-forms::field-wrapper :field=\"$field\" :inline-label-vertical-alignment=\"$inlineLabelVerticalAlignment\" >\n<x-slot name=\"labelPrefix\" >{{ $labelPrefix }}</x-slot>\n{{ $slot ?? \"\" }}\n</x-filament-forms::field-wrapper>"},"timestamp":1777112935909}
{"sessionId":"366302","runId":"pre-fix","hypothesisId":"H4","location":"FileViewFinder.php:find","message":"view find called","data":{"name":"__components::9b0aa906eb507785d5e713f2ff316d37"},"timestamp":1777112935915}
{"sessionId":"366302","runId":"pre-fix","hypothesisId":"H2","location":"ComponentTagCompiler.php:componentString","message":"component tag compiled","data":{"component":"filament-forms::field-wrapper"},"timestamp":1777112935936}
{"sessionId":"366302","runId":"pre-fix","hypothesisId":"H3","location":"ComponentTagCompiler.php:guessAnonymousComponentUsingNamespaces","message":"checking anonymous component namespaces","data":{"component":"filament-forms::field-wrapper","registeredNamespaces":[]},"timestamp":1777112935937}
{"sessionId":"366302","runId":"pre-fix","hypothesisId":"H4","location":"FileViewFinder.php:find","message":"view find called","data":{"name":"filament-forms::components.field-wrapper"},"timestamp":1777112935937}
{"sessionId":"366302","runId":"pre-fix","hypothesisId":"H4","location":"FileViewFinder.php:find","message":"view find called","data":{"name":"filament-forms::components.field-wrapper"},"timestamp":1777112936146}
{"sessionId":"366302","runId":"pre-fix","hypothesisId":"H4","location":"FileViewFinder.php:find","message":"view find called","data":{"name":"filament-schemas::components.actions"},"timestamp":1777112936151}
{"sessionId":"366302","runId":"pre-fix","hypothesisId":"H2","location":"ComponentTagCompiler.php:componentString","message":"component tag compiled","data":{"component":"filament::actions"},"timestamp":1777112936173}
{"sessionId":"366302","runId":"pre-fix","hypothesisId":"H3","location":"ComponentTagCompiler.php:guessAnonymousComponentUsingNamespaces","message":"checking anonymous component namespaces","data":{"component":"filament::actions","registeredNamespaces":[]},"timestamp":1777112936174}
{"sessionId":"366302","runId":"pre-fix","hypothesisId":"H4","location":"FileViewFinder.php:find","message":"view find called","data":{"name":"filament::components.actions"},"timestamp":1777112936175}
{"sessionId":"366302","runId":"pre-fix","hypothesisId":"H4","location":"FileViewFinder.php:find","message":"view find called","data":{"name":"filament::components.actions"},"timestamp":1777112936423}
{"sessionId":"366302","runId":"pre-fix","hypothesisId":"H4","location":"FileViewFinder.php:find","message":"view find called","data":{"name":"filament::components.actions"},"timestamp":1777112936424}
{"sessionId":"366302","runId":"pre-fix","hypothesisId":"H4","location":"FileViewFinder.php:find","message":"view find called","data":{"name":"filament-panels::components.page.simple"},"timestamp":1777112936592}
{"sessionId":"366302","runId":"pre-fix","hypothesisId":"H2","location":"ComponentTagCompiler.php:componentString","message":"component tag compiled","data":{"component":"filament-panels::header.simple"},"timestamp":1777112936606}
{"sessionId":"366302","runId":"pre-fix","hypothesisId":"H3","location":"ComponentTagCompiler.php:guessAnonymousComponentUsingNamespaces","message":"checking anonymous component namespaces","data":{"component":"filament-panels::header.simple","registeredNamespaces":[]},"timestamp":1777112936606}
{"sessionId":"366302","runId":"pre-fix","hypothesisId":"H4","location":"FileViewFinder.php:find","message":"view find called","data":{"name":"filament-panels::components.header.simple"},"timestamp":1777112936607}
{"sessionId":"366302","runId":"pre-fix","hypothesisId":"H2","location":"ComponentTagCompiler.php:componentString","message":"component tag compiled","data":{"component":"filament-actions::modals"},"timestamp":1777112936608}
{"sessionId":"366302","runId":"pre-fix","hypothesisId":"H3","location":"ComponentTagCompiler.php:guessAnonymousComponentUsingNamespaces","message":"checking anonymous component namespaces","data":{"component":"filament-actions::modals","registeredNamespaces":[]},"timestamp":1777112936608}
{"sessionId":"366302","runId":"pre-fix","hypothesisId":"H4","location":"FileViewFinder.php:find","message":"view find called","data":{"name":"filament-actions::components.modals"},"timestamp":1777112936608}
{"sessionId":"366302","runId":"pre-fix","hypothesisId":"H4","location":"FileViewFinder.php:find","message":"view find called","data":{"name":"filament-panels::components.header.simple"},"timestamp":1777112936915}
{"sessionId":"366302","runId":"pre-fix","hypothesisId":"H4","location":"FileViewFinder.php:find","message":"view find called","data":{"name":"filament-panels::components.header.simple"},"timestamp":1777112936916}
{"sessionId":"366302","runId":"pre-fix","hypothesisId":"H2","location":"ComponentTagCompiler.php:componentString","message":"component tag compiled","data":{"component":"filament-panels::logo"},"timestamp":1777112936929}
{"sessionId":"366302","runId":"pre-fix","hypothesisId":"H3","location":"ComponentTagCompiler.php:guessAnonymousComponentUsingNamespaces","message":"checking anonymous component namespaces","data":{"component":"filament-panels::logo","registeredNamespaces":[]},"timestamp":1777112936930}
{"sessionId":"366302","runId":"pre-fix","hypothesisId":"H4","location":"FileViewFinder.php:find","message":"view find called","data":{"name":"filament-panels::components.logo"},"timestamp":1777112936930}
{"sessionId":"366302","runId":"pre-fix","hypothesisId":"H4","location":"FileViewFinder.php:find","message":"view find called","data":{"name":"filament-panels::components.logo"},"timestamp":1777112937108}
{"sessionId":"366302","runId":"pre-fix","hypothesisId":"H4","location":"FileViewFinder.php:find","message":"view find called","data":{"name":"filament-panels::components.logo"},"timestamp":1777112937109}
{"sessionId":"366302","runId":"pre-fix","hypothesisId":"H4","location":"FileViewFinder.php:find","message":"view find called","data":{"name":"filament-actions::components.modals"},"timestamp":1777112937301}
{"sessionId":"366302","runId":"pre-fix","hypothesisId":"H4","location":"FileViewFinder.php:find","message":"view find called","data":{"name":"filament-actions::components.modals"},"timestamp":1777112937302}
{"sessionId":"366302","runId":"pre-fix","hypothesisId":"H4","location":"FileViewFinder.php:find","message":"view find called","data":{"name":"    <?php $layout->viewContext->mergeIntoNewEnvironment($__env); ?>\n\n    @component($layout->view, $layout->params)\n        @slot($layout->slotOrSection)\n            {!! $content !!}\n        @endslot\n\n        <?php\n        // Manually forward slots defined in the Livewire template into the layout component...\n        foreach ($layout->viewContext->slots[-1] ?? [] as $name => $slot) {\n            $__env->slot($name, attributes: $slot->attributes->getAttributes());\n            echo $slot->toHtml();\n            $__env->endSlot();\n        }\n        ?>\n    @endcomponent"},"timestamp":1777112937474}
{"sessionId":"366302","runId":"pre-fix","hypothesisId":"H4","location":"FileViewFinder.php:find","message":"view find called","data":{"name":"__components::4943bc92ebba41e8b0e508149542e0ad"},"timestamp":1777112937475}
{"sessionId":"366302","runId":"pre-fix","hypothesisId":"H4","location":"FileViewFinder.php:find","message":"view find called","data":{"name":"filament-panels::components.layout.simple"},"timestamp":1777112937477}
{"sessionId":"366302","runId":"pre-fix","hypothesisId":"H2","location":"ComponentTagCompiler.php:componentString","message":"component tag compiled","data":{"component":"filament-panels::layout.base"},"timestamp":1777112937492}
{"sessionId":"366302","runId":"pre-fix","hypothesisId":"H3","location":"ComponentTagCompiler.php:guessAnonymousComponentUsingNamespaces","message":"checking anonymous component namespaces","data":{"component":"filament-panels::layout.base","registeredNamespaces":[]},"timestamp":1777112937492}
{"sessionId":"366302","runId":"pre-fix","hypothesisId":"H4","location":"FileViewFinder.php:find","message":"view find called","data":{"name":"filament-panels::components.layout.base"},"timestamp":1777112937492}
{"sessionId":"366302","runId":"pre-fix","hypothesisId":"H4","location":"FileViewFinder.php:find","message":"view find called","data":{"name":"filament-panels::components.layout.base"},"timestamp":1777112937755}
{"sessionId":"366302","runId":"pre-fix","hypothesisId":"H4","location":"FileViewFinder.php:find","message":"view find called","data":{"name":"filament-panels::components.layout.base"},"timestamp":1777112937756}
{"sessionId":"366302","runId":"pre-fix","hypothesisId":"H4","location":"FileViewFinder.php:find","message":"view find called","data":{"name":"filament::assets"},"timestamp":1777112938213}
{"sessionId":"366302","runId":"pre-fix","hypothesisId":"H4","location":"FileViewFinder.php:find","message":"view find called","data":{"name":"filament-notifications::notifications"},"timestamp":1777112938515}
{"sessionId":"366302","runId":"pre-fix","hypothesisId":"H4","location":"FileViewFinder.php:find","message":"view find called","data":{"name":"filament::assets"},"timestamp":1777112938664}
{"sessionId":"366302","runId":"pre-fix","hypothesisId":"H4","location":"FileViewFinder.php:find","message":"view find called","data":{"name":"<x-filament::link :href=\"filament()->getRequestPasswordResetUrl()\"> {{ __('filament-panels::auth/pages/login.actions.request_password_reset.label') }}</x-filament::link>"},"timestamp":1777112953410}
{"sessionId":"366302","runId":"pre-fix","hypothesisId":"H4","location":"FileViewFinder.php:find","message":"view find called","data":{"name":"__components::85bb85cf83d480c5fa2deca8e4760bbe"},"timestamp":1777112953411}
{"sessionId":"366302","runId":"pre-fix","hypothesisId":"H2","location":"ComponentTagCompiler.php:componentString","message":"component tag compiled","data":{"component":"filament::link"},"timestamp":1777112953413}
{"sessionId":"366302","runId":"pre-fix","hypothesisId":"H3","location":"ComponentTagCompiler.php:guessAnonymousComponentUsingNamespaces","message":"checking anonymous component namespaces","data":{"component":"filament::link","registeredNamespaces":[]},"timestamp":1777112953414}
{"sessionId":"366302","runId":"pre-fix","hypothesisId":"H4","location":"FileViewFinder.php:find","message":"view find called","data":{"name":"filament::components.link"},"timestamp":1777112953415}
{"sessionId":"366302","runId":"pre-fix","hypothesisId":"H4","location":"FileViewFinder.php:find","message":"view find called","data":{"name":"filament::components.link"},"timestamp":1777112953418}
{"sessionId":"366302","runId":"pre-fix","hypothesisId":"H4","location":"FileViewFinder.php:find","message":"view find called","data":{"name":"filament::components.link"},"timestamp":1777112953419}
{"sessionId":"366302","runId":"pre-fix","hypothesisId":"H4","location":"FileViewFinder.php:find","message":"view find called","data":{"name":"filament-panels::pages.page"},"timestamp":1777112954829}
{"sessionId":"366302","runId":"pre-fix","hypothesisId":"H2","location":"ComponentTagCompiler.php:componentString","message":"component tag compiled","data":{"component":"filament-panels::page"},"timestamp":1777112954840}
{"sessionId":"366302","runId":"pre-fix","hypothesisId":"H3","location":"ComponentTagCompiler.php:guessAnonymousComponentUsingNamespaces","message":"checking anonymous component namespaces","data":{"component":"filament-panels::page","registeredNamespaces":[]},"timestamp":1777112954841}
{"sessionId":"366302","runId":"pre-fix","hypothesisId":"H4","location":"FileViewFinder.php:find","message":"view find called","data":{"name":"filament-panels::components.page"},"timestamp":1777112954842}
{"sessionId":"366302","runId":"pre-fix","hypothesisId":"H4","location":"FileViewFinder.php:find","message":"view find called","data":{"name":"filament-panels::components.page.index"},"timestamp":1777112954843}
{"sessionId":"366302","runId":"pre-fix","hypothesisId":"H4","location":"FileViewFinder.php:find","message":"view find called","data":{"name":"filament-panels::components.page.index"},"timestamp":1777112954950}
{"sessionId":"366302","runId":"pre-fix","hypothesisId":"H4","location":"FileViewFinder.php:find","message":"view find called","data":{"name":"filament-schemas::components.grid"},"timestamp":1777112954970}
{"sessionId":"366302","runId":"pre-fix","hypothesisId":"H4","location":"FileViewFinder.php:find","message":"view find called","data":{"name":"filament-schemas::components.livewire"},"timestamp":1777112955122}
{"sessionId":"366302","runId":"pre-fix","hypothesisId":"H4","location":"FileViewFinder.php:find","message":"view find called","data":{"name":"filament-panels::widgets.account-widget"},"timestamp":1777112955222}
{"sessionId":"366302","runId":"pre-fix","hypothesisId":"H2","location":"ComponentTagCompiler.php:componentString","message":"component tag compiled","data":{"component":"filament-panels::avatar.user"},"timestamp":1777112955236}
{"sessionId":"366302","runId":"pre-fix","hypothesisId":"H3","location":"ComponentTagCompiler.php:guessAnonymousComponentUsingNamespaces","message":"checking anonymous component namespaces","data":{"component":"filament-panels::avatar.user","registeredNamespaces":[]},"timestamp":1777112955237}
{"sessionId":"366302","runId":"pre-fix","hypothesisId":"H4","location":"FileViewFinder.php:find","message":"view find called","data":{"name":"filament-panels::components.avatar.user"},"timestamp":1777112955237}
{"sessionId":"366302","runId":"pre-fix","hypothesisId":"H2","location":"ComponentTagCompiler.php:componentString","message":"component tag compiled","data":{"component":"filament-widgets::widget"},"timestamp":1777112955238}
{"sessionId":"366302","runId":"pre-fix","hypothesisId":"H3","location":"ComponentTagCompiler.php:guessAnonymousComponentUsingNamespaces","message":"checking anonymous component namespaces","data":{"component":"filament-widgets::widget","registeredNamespaces":[]},"timestamp":1777112955238}
{"sessionId":"366302","runId":"pre-fix","hypothesisId":"H4","location":"FileViewFinder.php:find","message":"view find called","data":{"name":"filament-widgets::components.widget"},"timestamp":1777112955239}
{"sessionId":"366302","runId":"pre-fix","hypothesisId":"H2","location":"ComponentTagCompiler.php:componentString","message":"component tag compiled","data":{"component":"filament::section"},"timestamp":1777112955239}
{"sessionId":"366302","runId":"pre-fix","hypothesisId":"H3","location":"ComponentTagCompiler.php:guessAnonymousComponentUsingNamespaces","message":"checking anonymous component namespaces","data":{"component":"filament::section","registeredNamespaces":[]},"timestamp":1777112955240}
{"sessionId":"366302","runId":"pre-fix","hypothesisId":"H4","location":"FileViewFinder.php:find","message":"view find called","data":{"name":"filament::components.section"},"timestamp":1777112955241}
{"sessionId":"366302","runId":"pre-fix","hypothesisId":"H4","location":"FileViewFinder.php:find","message":"view find called","data":{"name":"filament::components.section.index"},"timestamp":1777112955241}
{"sessionId":"366302","runId":"pre-fix","hypothesisId":"H2","location":"ComponentTagCompiler.php:componentString","message":"component tag compiled","data":{"component":"filament::button"},"timestamp":1777112955242}
{"sessionId":"366302","runId":"pre-fix","hypothesisId":"H3","location":"ComponentTagCompiler.php:guessAnonymousComponentUsingNamespaces","message":"checking anonymous component namespaces","data":{"component":"filament::button","registeredNamespaces":[]},"timestamp":1777112955243}
{"sessionId":"366302","runId":"pre-fix","hypothesisId":"H4","location":"FileViewFinder.php:find","message":"view find called","data":{"name":"filament::components.button"},"timestamp":1777112955243}
{"sessionId":"366302","runId":"pre-fix","hypothesisId":"H4","location":"FileViewFinder.php:find","message":"view find called","data":{"name":"filament::components.button.index"},"timestamp":1777112955244}
{"sessionId":"366302","runId":"pre-fix","hypothesisId":"H4","location":"FileViewFinder.php:find","message":"view find called","data":{"name":"filament-widgets::components.widget"},"timestamp":1777112955656}
{"sessionId":"366302","runId":"pre-fix","hypothesisId":"H4","location":"FileViewFinder.php:find","message":"view find called","data":{"name":"filament::components.section.index"},"timestamp":1777112955657}
{"sessionId":"366302","runId":"pre-fix","hypothesisId":"H4","location":"FileViewFinder.php:find","message":"view find called","data":{"name":"filament-panels::components.avatar.user"},"timestamp":1777112955658}
{"sessionId":"366302","runId":"pre-fix","hypothesisId":"H4","location":"FileViewFinder.php:find","message":"view find called","data":{"name":"filament-panels::components.avatar.user"},"timestamp":1777112955658}
{"sessionId":"366302","runId":"pre-fix","hypothesisId":"H2","location":"ComponentTagCompiler.php:componentString","message":"component tag compiled","data":{"component":"filament::avatar"},"timestamp":1777112955672}
{"sessionId":"366302","runId":"pre-fix","hypothesisId":"H3","location":"ComponentTagCompiler.php:guessAnonymousComponentUsingNamespaces","message":"checking anonymous component namespaces","data":{"component":"filament::avatar","registeredNamespaces":[]},"timestamp":1777112955673}
{"sessionId":"366302","runId":"pre-fix","hypothesisId":"H4","location":"FileViewFinder.php:find","message":"view find called","data":{"name":"filament::components.avatar"},"timestamp":1777112955674}
{"sessionId":"366302","runId":"pre-fix","hypothesisId":"H4","location":"FileViewFinder.php:find","message":"view find called","data":{"name":"filament::components.avatar"},"timestamp":1777112955856}
{"sessionId":"366302","runId":"pre-fix","hypothesisId":"H4","location":"FileViewFinder.php:find","message":"view find called","data":{"name":"filament::components.avatar"},"timestamp":1777112955857}
{"sessionId":"366302","runId":"pre-fix","hypothesisId":"H4","location":"FileViewFinder.php:find","message":"view find called","data":{"name":"filament::components.button.index"},"timestamp":1777112955967}
{"sessionId":"366302","runId":"pre-fix","hypothesisId":"H4","location":"FileViewFinder.php:find","message":"view find called","data":{"name":"filament::components.button.index"},"timestamp":1777112955968}
{"sessionId":"366302","runId":"pre-fix","hypothesisId":"H2","location":"ComponentTagCompiler.php:componentString","message":"component tag compiled","data":{"component":"filament::icon-button"},"timestamp":1777112955983}
{"sessionId":"366302","runId":"pre-fix","hypothesisId":"H3","location":"ComponentTagCompiler.php:guessAnonymousComponentUsingNamespaces","message":"checking anonymous component namespaces","data":{"component":"filament::icon-button","registeredNamespaces":[]},"timestamp":1777112955984}
{"sessionId":"366302","runId":"pre-fix","hypothesisId":"H4","location":"FileViewFinder.php:find","message":"view find called","data":{"name":"filament::components.icon-button"},"timestamp":1777112955984}
{"sessionId":"366302","runId":"pre-fix","hypothesisId":"H4","location":"FileViewFinder.php:find","message":"view find called","data":{"name":"filament::components.icon-button"},"timestamp":1777112956426}
{"sessionId":"366302","runId":"pre-fix","hypothesisId":"H4","location":"FileViewFinder.php:find","message":"view find called","data":{"name":"filament::components.icon-button"},"timestamp":1777112956427}
{"sessionId":"366302","runId":"pre-fix","hypothesisId":"H4","location":"FileViewFinder.php:find","message":"view find called","data":{"name":"filament::components.section.index"},"timestamp":1777112956595}
{"sessionId":"366302","runId":"pre-fix","hypothesisId":"H2","location":"ComponentTagCompiler.php:componentString","message":"component tag compiled","data":{"component":"filament::icon-button"},"timestamp":1777112956613}
{"sessionId":"366302","runId":"pre-fix","hypothesisId":"H3","location":"ComponentTagCompiler.php:guessAnonymousComponentUsingNamespaces","message":"checking anonymous component namespaces","data":{"component":"filament::icon-button","registeredNamespaces":[]},"timestamp":1777112956613}
{"sessionId":"366302","runId":"pre-fix","hypothesisId":"H4","location":"FileViewFinder.php:find","message":"view find called","data":{"name":"filament::components.icon-button"},"timestamp":1777112956614}
{"sessionId":"366302","runId":"pre-fix","hypothesisId":"H4","location":"FileViewFinder.php:find","message":"view find called","data":{"name":"filament-widgets::components.widget"},"timestamp":1777112956941}
{"sessionId":"366302","runId":"pre-fix","hypothesisId":"H4","location":"FileViewFinder.php:find","message":"view find called","data":{"name":"filament-schemas::components.livewire"},"timestamp":1777112956977}
{"sessionId":"366302","runId":"pre-fix","hypothesisId":"H4","location":"FileViewFinder.php:find","message":"view find called","data":{"name":"filament-panels::widgets.filament-info-widget"},"timestamp":1777112956979}
{"sessionId":"366302","runId":"pre-fix","hypothesisId":"H2","location":"ComponentTagCompiler.php:componentString","message":"component tag compiled","data":{"component":"filament-widgets::widget"},"timestamp":1777112956996}
{"sessionId":"366302","runId":"pre-fix","hypothesisId":"H3","location":"ComponentTagCompiler.php:guessAnonymousComponentUsingNamespaces","message":"checking anonymous component namespaces","data":{"component":"filament-widgets::widget","registeredNamespaces":[]},"timestamp":1777112956997}
{"sessionId":"366302","runId":"pre-fix","hypothesisId":"H4","location":"FileViewFinder.php:find","message":"view find called","data":{"name":"filament-widgets::components.widget"},"timestamp":1777112956997}
{"sessionId":"366302","runId":"pre-fix","hypothesisId":"H2","location":"ComponentTagCompiler.php:componentString","message":"component tag compiled","data":{"component":"filament::section"},"timestamp":1777112956998}
{"sessionId":"366302","runId":"pre-fix","hypothesisId":"H3","location":"ComponentTagCompiler.php:guessAnonymousComponentUsingNamespaces","message":"checking anonymous component namespaces","data":{"component":"filament::section","registeredNamespaces":[]},"timestamp":1777112956998}
{"sessionId":"366302","runId":"pre-fix","hypothesisId":"H4","location":"FileViewFinder.php:find","message":"view find called","data":{"name":"filament::components.section"},"timestamp":1777112956999}
{"sessionId":"366302","runId":"pre-fix","hypothesisId":"H4","location":"FileViewFinder.php:find","message":"view find called","data":{"name":"filament::components.section.index"},"timestamp":1777112956999}
{"sessionId":"366302","runId":"pre-fix","hypothesisId":"H2","location":"ComponentTagCompiler.php:componentString","message":"component tag compiled","data":{"component":"filament::link"},"timestamp":1777112957000}
{"sessionId":"366302","runId":"pre-fix","hypothesisId":"H3","location":"ComponentTagCompiler.php:guessAnonymousComponentUsingNamespaces","message":"checking anonymous component namespaces","data":{"component":"filament::link","registeredNamespaces":[]},"timestamp":1777112957000}
{"sessionId":"366302","runId":"pre-fix","hypothesisId":"H4","location":"FileViewFinder.php:find","message":"view find called","data":{"name":"filament::components.link"},"timestamp":1777112957001}
{"sessionId":"366302","runId":"pre-fix","hypothesisId":"H2","location":"ComponentTagCompiler.php:componentString","message":"component tag compiled","data":{"component":"filament::link"},"timestamp":1777112957001}
{"sessionId":"366302","runId":"pre-fix","hypothesisId":"H3","location":"ComponentTagCompiler.php:guessAnonymousComponentUsingNamespaces","message":"checking anonymous component namespaces","data":{"component":"filament::link","registeredNamespaces":[]},"timestamp":1777112957002}
{"sessionId":"366302","runId":"pre-fix","hypothesisId":"H4","location":"FileViewFinder.php:find","message":"view find called","data":{"name":"filament::components.link"},"timestamp":1777112957002}
{"sessionId":"366302","runId":"pre-fix","hypothesisId":"H4","location":"FileViewFinder.php:find","message":"view find called","data":{"name":"filament::components.link"},"timestamp":1777112957526}
{"sessionId":"366302","runId":"pre-fix","hypothesisId":"H4","location":"FileViewFinder.php:find","message":"view find called","data":{"name":"filament::components.link"},"timestamp":1777112957548}
{"sessionId":"366302","runId":"pre-fix","hypothesisId":"H4","location":"FileViewFinder.php:find","message":"view find called","data":{"name":"filament::components.link"},"timestamp":1777112957566}
{"sessionId":"366302","runId":"pre-fix","hypothesisId":"H4","location":"FileViewFinder.php:find","message":"view find called","data":{"name":"filament::components.section.index"},"timestamp":1777112957567}
{"sessionId":"366302","runId":"pre-fix","hypothesisId":"H4","location":"FileViewFinder.php:find","message":"view find called","data":{"name":"filament-widgets::components.widget"},"timestamp":1777112957568}
{"sessionId":"366302","runId":"pre-fix","hypothesisId":"H4","location":"FileViewFinder.php:find","message":"view find called","data":{"name":"filament-panels::components.page.index"},"timestamp":1777112957571}
{"sessionId":"366302","runId":"pre-fix","hypothesisId":"H2","location":"ComponentTagCompiler.php:componentString","message":"component tag compiled","data":{"component":"filament-panels::page.sub-navigation.mobile-menu"},"timestamp":1777112957616}
{"sessionId":"366302","runId":"pre-fix","hypothesisId":"H3","location":"ComponentTagCompiler.php:guessAnonymousComponentUsingNamespaces","message":"checking anonymous component namespaces","data":{"component":"filament-panels::page.sub-navigation.mobile-menu","registeredNamespaces":[]},"timestamp":1777112957617}
{"sessionId":"366302","runId":"pre-fix","hypothesisId":"H4","location":"FileViewFinder.php:find","message":"view find called","data":{"name":"filament-panels::components.page.sub-navigation.mobile-menu"},"timestamp":1777112957617}
{"sessionId":"366302","runId":"pre-fix","hypothesisId":"H2","location":"ComponentTagCompiler.php:componentString","message":"component tag compiled","data":{"component":"filament-panels::page.sub-navigation.sidebar"},"timestamp":1777112957618}
{"sessionId":"366302","runId":"pre-fix","hypothesisId":"H3","location":"ComponentTagCompiler.php:guessAnonymousComponentUsingNamespaces","message":"checking anonymous component namespaces","data":{"component":"filament-panels::page.sub-navigation.sidebar","registeredNamespaces":[]},"timestamp":1777112957618}
{"sessionId":"366302","runId":"pre-fix","hypothesisId":"H4","location":"FileViewFinder.php:find","message":"view find called","data":{"name":"filament-panels::components.page.sub-navigation.sidebar"},"timestamp":1777112957619}
{"sessionId":"366302","runId":"pre-fix","hypothesisId":"H2","location":"ComponentTagCompiler.php:componentString","message":"component tag compiled","data":{"component":"filament-panels::page.sub-navigation.tabs"},"timestamp":1777112957619}
{"sessionId":"366302","runId":"pre-fix","hypothesisId":"H3","location":"ComponentTagCompiler.php:guessAnonymousComponentUsingNamespaces","message":"checking anonymous component namespaces","data":{"component":"filament-panels::page.sub-navigation.tabs","registeredNamespaces":[]},"timestamp":1777112957620}
{"sessionId":"366302","runId":"pre-fix","hypothesisId":"H4","location":"FileViewFinder.php:find","message":"view find called","data":{"name":"filament-panels::components.page.sub-navigation.tabs"},"timestamp":1777112957620}
{"sessionId":"366302","runId":"pre-fix","hypothesisId":"H2","location":"ComponentTagCompiler.php:componentString","message":"component tag compiled","data":{"component":"filament-panels::page.sub-navigation.sidebar"},"timestamp":1777112957621}
{"sessionId":"366302","runId":"pre-fix","hypothesisId":"H3","location":"ComponentTagCompiler.php:guessAnonymousComponentUsingNamespaces","message":"checking anonymous component namespaces","data":{"component":"filament-panels::page.sub-navigation.sidebar","registeredNamespaces":[]},"timestamp":1777112957622}
{"sessionId":"366302","runId":"pre-fix","hypothesisId":"H4","location":"FileViewFinder.php:find","message":"view find called","data":{"name":"filament-panels::components.page.sub-navigation.sidebar"},"timestamp":1777112957623}
{"sessionId":"366302","runId":"pre-fix","hypothesisId":"H2","location":"ComponentTagCompiler.php:componentString","message":"component tag compiled","data":{"component":"filament-actions::modals"},"timestamp":1777112957623}
{"sessionId":"366302","runId":"pre-fix","hypothesisId":"H3","location":"ComponentTagCompiler.php:guessAnonymousComponentUsingNamespaces","message":"checking anonymous component namespaces","data":{"component":"filament-actions::modals","registeredNamespaces":[]},"timestamp":1777112957623}
{"sessionId":"366302","runId":"pre-fix","hypothesisId":"H4","location":"FileViewFinder.php:find","message":"view find called","data":{"name":"filament-actions::components.modals"},"timestamp":1777112957624}
{"sessionId":"366302","runId":"pre-fix","hypothesisId":"H2","location":"ComponentTagCompiler.php:componentString","message":"component tag compiled","data":{"component":"filament-panels::unsaved-action-changes-alert"},"timestamp":1777112957625}
{"sessionId":"366302","runId":"pre-fix","hypothesisId":"H3","location":"ComponentTagCompiler.php:guessAnonymousComponentUsingNamespaces","message":"checking anonymous component namespaces","data":{"component":"filament-panels::unsaved-action-changes-alert","registeredNamespaces":[]},"timestamp":1777112957625}
{"sessionId":"366302","runId":"pre-fix","hypothesisId":"H4","location":"FileViewFinder.php:find","message":"view find called","data":{"name":"filament-panels::components.unsaved-action-changes-alert"},"timestamp":1777112957625}
{"sessionId":"366302","runId":"pre-fix","hypothesisId":"H2","location":"ComponentTagCompiler.php:componentString","message":"component tag compiled","data":{"component":"filament-panels::header"},"timestamp":1777112957626}
{"sessionId":"366302","runId":"pre-fix","hypothesisId":"H3","location":"ComponentTagCompiler.php:guessAnonymousComponentUsingNamespaces","message":"checking anonymous component namespaces","data":{"component":"filament-panels::header","registeredNamespaces":[]},"timestamp":1777112957626}
{"sessionId":"366302","runId":"pre-fix","hypothesisId":"H4","location":"FileViewFinder.php:find","message":"view find called","data":{"name":"filament-panels::components.header"},"timestamp":1777112957627}
{"sessionId":"366302","runId":"pre-fix","hypothesisId":"H4","location":"FileViewFinder.php:find","message":"view find called","data":{"name":"filament-panels::components.header.index"},"timestamp":1777112957627}
{"sessionId":"366302","runId":"pre-fix","hypothesisId":"H4","location":"FileViewFinder.php:find","message":"view find called","data":{"name":"filament-panels::components.header.index"},"timestamp":1777112958837}
{"sessionId":"366302","runId":"pre-fix","hypothesisId":"H4","location":"FileViewFinder.php:find","message":"view find called","data":{"name":"filament-panels::components.header.index"},"timestamp":1777112958838}
{"sessionId":"366302","runId":"pre-fix","hypothesisId":"H2","location":"ComponentTagCompiler.php:componentString","message":"component tag compiled","data":{"component":"filament::breadcrumbs"},"timestamp":1777112958851}
{"sessionId":"366302","runId":"pre-fix","hypothesisId":"H3","location":"ComponentTagCompiler.php:guessAnonymousComponentUsingNamespaces","message":"checking anonymous component namespaces","data":{"component":"filament::breadcrumbs","registeredNamespaces":[]},"timestamp":1777112958851}
{"sessionId":"366302","runId":"pre-fix","hypothesisId":"H4","location":"FileViewFinder.php:find","message":"view find called","data":{"name":"filament::components.breadcrumbs"},"timestamp":1777112958852}
{"sessionId":"366302","runId":"pre-fix","hypothesisId":"H2","location":"ComponentTagCompiler.php:componentString","message":"component tag compiled","data":{"component":"filament::actions"},"timestamp":1777112958852}
{"sessionId":"366302","runId":"pre-fix","hypothesisId":"H3","location":"ComponentTagCompiler.php:guessAnonymousComponentUsingNamespaces","message":"checking anonymous component namespaces","data":{"component":"filament::actions","registeredNamespaces":[]},"timestamp":1777112958853}
{"sessionId":"366302","runId":"pre-fix","hypothesisId":"H4","location":"FileViewFinder.php:find","message":"view find called","data":{"name":"filament::components.actions"},"timestamp":1777112958853}
{"sessionId":"366302","runId":"pre-fix","hypothesisId":"H4","location":"FileViewFinder.php:find","message":"view find called","data":{"name":"filament-actions::components.modals"},"timestamp":1777112959148}
{"sessionId":"366302","runId":"pre-fix","hypothesisId":"H4","location":"FileViewFinder.php:find","message":"view find called","data":{"name":"filament-actions::components.modals"},"timestamp":1777112959148}
{"sessionId":"366302","runId":"pre-fix","hypothesisId":"H4","location":"FileViewFinder.php:find","message":"view find called","data":{"name":"filament-panels::components.unsaved-action-changes-alert"},"timestamp":1777112959150}
{"sessionId":"366302","runId":"pre-fix","hypothesisId":"H4","location":"FileViewFinder.php:find","message":"view find called","data":{"name":"filament-panels::components.unsaved-action-changes-alert"},"timestamp":1777112959150}
{"sessionId":"366302","runId":"pre-fix","hypothesisId":"H4","location":"FileViewFinder.php:find","message":"view find called","data":{"name":"    <?php $layout->viewContext->mergeIntoNewEnvironment($__env); ?>\n\n    @component($layout->view, $layout->params)\n        @slot($layout->slotOrSection)\n            {!! $content !!}\n        @endslot\n\n        <?php\n        // Manually forward slots defined in the Livewire template into the layout component...\n        foreach ($layout->viewContext->slots[-1] ?? [] as $name => $slot) {\n            $__env->slot($name, attributes: $slot->attributes->getAttributes());\n            echo $slot->toHtml();\n            $__env->endSlot();\n        }\n        ?>\n    @endcomponent"},"timestamp":1777112959237}
{"sessionId":"366302","runId":"pre-fix","hypothesisId":"H4","location":"FileViewFinder.php:find","message":"view find called","data":{"name":"__components::4943bc92ebba41e8b0e508149542e0ad"},"timestamp":1777112959239}
{"sessionId":"366302","runId":"pre-fix","hypothesisId":"H4","location":"FileViewFinder.php:find","message":"view find called","data":{"name":"filament-panels::components.layout.index"},"timestamp":1777112959241}
{"sessionId":"366302","runId":"pre-fix","hypothesisId":"H2","location":"ComponentTagCompiler.php:componentString","message":"component tag compiled","data":{"component":"filament::icon-button"},"timestamp":1777112959257}
{"sessionId":"366302","runId":"pre-fix","hypothesisId":"H3","location":"ComponentTagCompiler.php:guessAnonymousComponentUsingNamespaces","message":"checking anonymous component namespaces","data":{"component":"filament::icon-button","registeredNamespaces":[]},"timestamp":1777112959257}
{"sessionId":"366302","runId":"pre-fix","hypothesisId":"H4","location":"FileViewFinder.php:find","message":"view find called","data":{"name":"filament::components.icon-button"},"timestamp":1777112959258}
{"sessionId":"366302","runId":"pre-fix","hypothesisId":"H2","location":"ComponentTagCompiler.php:componentString","message":"component tag compiled","data":{"component":"filament-panels::layout.base"},"timestamp":1777112959259}
{"sessionId":"366302","runId":"pre-fix","hypothesisId":"H3","location":"ComponentTagCompiler.php:guessAnonymousComponentUsingNamespaces","message":"checking anonymous component namespaces","data":{"component":"filament-panels::layout.base","registeredNamespaces":[]},"timestamp":1777112959259}
{"sessionId":"366302","runId":"pre-fix","hypothesisId":"H4","location":"FileViewFinder.php:find","message":"view find called","data":{"name":"filament-panels::components.layout.base"},"timestamp":1777112959260}
{"sessionId":"366302","runId":"pre-fix","hypothesisId":"H4","location":"FileViewFinder.php:find","message":"view find called","data":{"name":"filament-panels::components.layout.base"},"timestamp":1777112959612}
{"sessionId":"366302","runId":"pre-fix","hypothesisId":"H4","location":"FileViewFinder.php:find","message":"view find called","data":{"name":"filament-panels::livewire.topbar"},"timestamp":1777112959689}
{"sessionId":"366302","runId":"pre-fix","hypothesisId":"H2","location":"ComponentTagCompiler.php:componentString","message":"component tag compiled","data":{"component":"filament::icon-button"},"timestamp":1777112959704}
{"sessionId":"366302","runId":"pre-fix","hypothesisId":"H3","location":"ComponentTagCompiler.php:guessAnonymousComponentUsingNamespaces","message":"checking anonymous component namespaces","data":{"component":"filament::icon-button","registeredNamespaces":[]},"timestamp":1777112959705}
{"sessionId":"366302","runId":"pre-fix","hypothesisId":"H4","location":"FileViewFinder.php:find","message":"view find called","data":{"name":"filament::components.icon-button"},"timestamp":1777112959706}
{"sessionId":"366302","runId":"pre-fix","hypothesisId":"H2","location":"ComponentTagCompiler.php:componentString","message":"component tag compiled","data":{"component":"filament::icon-button"},"timestamp":1777112959707}
{"sessionId":"366302","runId":"pre-fix","hypothesisId":"H3","location":"ComponentTagCompiler.php:guessAnonymousComponentUsingNamespaces","message":"checking anonymous component namespaces","data":{"component":"filament::icon-button","registeredNamespaces":[]},"timestamp":1777112959708}
{"sessionId":"366302","runId":"pre-fix","hypothesisId":"H4","location":"FileViewFinder.php:find","message":"view find called","data":{"name":"filament::components.icon-button"},"timestamp":1777112959708}
{"sessionId":"366302","runId":"pre-fix","hypothesisId":"H2","location":"ComponentTagCompiler.php:componentString","message":"component tag compiled","data":{"component":"filament::icon-button"},"timestamp":1777112959709}
{"sessionId":"366302","runId":"pre-fix","hypothesisId":"H3","location":"ComponentTagCompiler.php:guessAnonymousComponentUsingNamespaces","message":"checking anonymous component namespaces","data":{"component":"filament::icon-button","registeredNamespaces":[]},"timestamp":1777112959709}
{"sessionId":"366302","runId":"pre-fix","hypothesisId":"H4","location":"FileViewFinder.php:find","message":"view find called","data":{"name":"filament::components.icon-button"},"timestamp":1777112959710}
{"sessionId":"366302","runId":"pre-fix","hypothesisId":"H2","location":"ComponentTagCompiler.php:componentString","message":"component tag compiled","data":{"component":"filament::icon-button"},"timestamp":1777112959711}
{"sessionId":"366302","runId":"pre-fix","hypothesisId":"H3","location":"ComponentTagCompiler.php:guessAnonymousComponentUsingNamespaces","message":"checking anonymous component namespaces","data":{"component":"filament::icon-button","registeredNamespaces":[]},"timestamp":1777112959711}
{"sessionId":"366302","runId":"pre-fix","hypothesisId":"H4","location":"FileViewFinder.php:find","message":"view find called","data":{"name":"filament::components.icon-button"},"timestamp":1777112959712}
{"sessionId":"366302","runId":"pre-fix","hypothesisId":"H2","location":"ComponentTagCompiler.php:componentString","message":"component tag compiled","data":{"component":"filament-panels::logo"},"timestamp":1777112959712}
{"sessionId":"366302","runId":"pre-fix","hypothesisId":"H3","location":"ComponentTagCompiler.php:guessAnonymousComponentUsingNamespaces","message":"checking anonymous component namespaces","data":{"component":"filament-panels::logo","registeredNamespaces":[]},"timestamp":1777112959713}
{"sessionId":"366302","runId":"pre-fix","hypothesisId":"H4","location":"FileViewFinder.php:find","message":"view find called","data":{"name":"filament-panels::components.logo"},"timestamp":1777112959713}
{"sessionId":"366302","runId":"pre-fix","hypothesisId":"H2","location":"ComponentTagCompiler.php:componentString","message":"component tag compiled","data":{"component":"filament-panels::logo"},"timestamp":1777112959714}
{"sessionId":"366302","runId":"pre-fix","hypothesisId":"H3","location":"ComponentTagCompiler.php:guessAnonymousComponentUsingNamespaces","message":"checking anonymous component namespaces","data":{"component":"filament-panels::logo","registeredNamespaces":[]},"timestamp":1777112959715}
{"sessionId":"366302","runId":"pre-fix","hypothesisId":"H4","location":"FileViewFinder.php:find","message":"view find called","data":{"name":"filament-panels::components.logo"},"timestamp":1777112959715}
{"sessionId":"366302","runId":"pre-fix","hypothesisId":"H2","location":"ComponentTagCompiler.php:componentString","message":"component tag compiled","data":{"component":"filament-panels::tenant-menu"},"timestamp":1777112959716}
{"sessionId":"366302","runId":"pre-fix","hypothesisId":"H3","location":"ComponentTagCompiler.php:guessAnonymousComponentUsingNamespaces","message":"checking anonymous component namespaces","data":{"component":"filament-panels::tenant-menu","registeredNamespaces":[]},"timestamp":1777112959716}
{"sessionId":"366302","runId":"pre-fix","hypothesisId":"H4","location":"FileViewFinder.php:find","message":"view find called","data":{"name":"filament-panels::components.tenant-menu"},"timestamp":1777112959717}
{"sessionId":"366302","runId":"pre-fix","hypothesisId":"H2","location":"ComponentTagCompiler.php:componentString","message":"component tag compiled","data":{"component":"filament-panels::user-menu"},"timestamp":1777112959718}
{"sessionId":"366302","runId":"pre-fix","hypothesisId":"H3","location":"ComponentTagCompiler.php:guessAnonymousComponentUsingNamespaces","message":"checking anonymous component namespaces","data":{"component":"filament-panels::user-menu","registeredNamespaces":[]},"timestamp":1777112959718}
{"sessionId":"366302","runId":"pre-fix","hypothesisId":"H4","location":"FileViewFinder.php:find","message":"view find called","data":{"name":"filament-panels::components.user-menu"},"timestamp":1777112959719}
{"sessionId":"366302","runId":"pre-fix","hypothesisId":"H2","location":"ComponentTagCompiler.php:componentString","message":"component tag compiled","data":{"component":"filament-actions::modals"},"timestamp":1777112959720}
{"sessionId":"366302","runId":"pre-fix","hypothesisId":"H3","location":"ComponentTagCompiler.php:guessAnonymousComponentUsingNamespaces","message":"checking anonymous component namespaces","data":{"component":"filament-actions::modals","registeredNamespaces":[]},"timestamp":1777112959721}
{"sessionId":"366302","runId":"pre-fix","hypothesisId":"H4","location":"FileViewFinder.php:find","message":"view find called","data":{"name":"filament-actions::components.modals"},"timestamp":1777112959721}
{"sessionId":"366302","runId":"pre-fix","hypothesisId":"H2","location":"ComponentTagCompiler.php:componentString","message":"component tag compiled","data":{"component":"filament::dropdown"},"timestamp":1777112959722}
{"sessionId":"366302","runId":"pre-fix","hypothesisId":"H3","location":"ComponentTagCompiler.php:guessAnonymousComponentUsingNamespaces","message":"checking anonymous component namespaces","data":{"component":"filament::dropdown","registeredNamespaces":[]},"timestamp":1777112959723}
{"sessionId":"366302","runId":"pre-fix","hypothesisId":"H4","location":"FileViewFinder.php:find","message":"view find called","data":{"name":"filament::components.dropdown"},"timestamp":1777112959723}
{"sessionId":"366302","runId":"pre-fix","hypothesisId":"H4","location":"FileViewFinder.php:find","message":"view find called","data":{"name":"filament::components.dropdown.index"},"timestamp":1777112959724}
{"sessionId":"366302","runId":"pre-fix","hypothesisId":"H2","location":"ComponentTagCompiler.php:componentString","message":"component tag compiled","data":{"component":"filament-panels::topbar.item"},"timestamp":1777112959725}
{"sessionId":"366302","runId":"pre-fix","hypothesisId":"H3","location":"ComponentTagCompiler.php:guessAnonymousComponentUsingNamespaces","message":"checking anonymous component namespaces","data":{"component":"filament-panels::topbar.item","registeredNamespaces":[]},"timestamp":1777112959725}
{"sessionId":"366302","runId":"pre-fix","hypothesisId":"H4","location":"FileViewFinder.php:find","message":"view find called","data":{"name":"filament-panels::components.topbar.item"},"timestamp":1777112959726}
{"sessionId":"366302","runId":"pre-fix","hypothesisId":"H2","location":"ComponentTagCompiler.php:componentString","message":"component tag compiled","data":{"component":"filament::dropdown.list"},"timestamp":1777112959727}
{"sessionId":"366302","runId":"pre-fix","hypothesisId":"H3","location":"ComponentTagCompiler.php:guessAnonymousComponentUsingNamespaces","message":"checking anonymous component namespaces","data":{"component":"filament::dropdown.list","registeredNamespaces":[]},"timestamp":1777112959727}
{"sessionId":"366302","runId":"pre-fix","hypothesisId":"H4","location":"FileViewFinder.php:find","message":"view find called","data":{"name":"filament::components.dropdown.list"},"timestamp":1777112959728}
{"sessionId":"366302","runId":"pre-fix","hypothesisId":"H4","location":"FileViewFinder.php:find","message":"view find called","data":{"name":"filament::components.dropdown.list.index"},"timestamp":1777112959729}
{"sessionId":"366302","runId":"pre-fix","hypothesisId":"H2","location":"ComponentTagCompiler.php:componentString","message":"component tag compiled","data":{"component":"filament::dropdown.list.item"},"timestamp":1777112959730}
{"sessionId":"366302","runId":"pre-fix","hypothesisId":"H3","location":"ComponentTagCompiler.php:guessAnonymousComponentUsingNamespaces","message":"checking anonymous component namespaces","data":{"component":"filament::dropdown.list.item","registeredNamespaces":[]},"timestamp":1777112959730}
{"sessionId":"366302","runId":"pre-fix","hypothesisId":"H4","location":"FileViewFinder.php:find","message":"view find called","data":{"name":"filament::components.dropdown.list.item"},"timestamp":1777112959731}
{"sessionId":"366302","runId":"pre-fix","hypothesisId":"H2","location":"ComponentTagCompiler.php:componentString","message":"component tag compiled","data":{"component":"filament-panels::topbar.item"},"timestamp":1777112959732}
{"sessionId":"366302","runId":"pre-fix","hypothesisId":"H3","location":"ComponentTagCompiler.php:guessAnonymousComponentUsingNamespaces","message":"checking anonymous component namespaces","data":{"component":"filament-panels::topbar.item","registeredNamespaces":[]},"timestamp":1777112959732}
{"sessionId":"366302","runId":"pre-fix","hypothesisId":"H4","location":"FileViewFinder.php:find","message":"view find called","data":{"name":"filament-panels::components.topbar.item"},"timestamp":1777112959732}
{"sessionId":"366302","runId":"pre-fix","hypothesisId":"H4","location":"FileViewFinder.php:find","message":"view find called","data":{"name":"filament::components.icon-button"},"timestamp":1777112961757}
{"sessionId":"366302","runId":"pre-fix","hypothesisId":"H4","location":"FileViewFinder.php:find","message":"view find called","data":{"name":"filament::components.icon-button"},"timestamp":1777112961777}
{"sessionId":"366302","runId":"pre-fix","hypothesisId":"H4","location":"FileViewFinder.php:find","message":"view find called","data":{"name":"filament-panels::components.logo"},"timestamp":1777112961791}
{"sessionId":"366302","runId":"pre-fix","hypothesisId":"H4","location":"FileViewFinder.php:find","message":"view find called","data":{"name":"filament-panels::components.logo"},"timestamp":1777112961792}
{"sessionId":"366302","runId":"pre-fix","hypothesisId":"H4","location":"FileViewFinder.php:find","message":"view find called","data":{"name":"filament-panels::components.user-menu"},"timestamp":1777112961842}
{"sessionId":"366302","runId":"pre-fix","hypothesisId":"H4","location":"FileViewFinder.php:find","message":"view find called","data":{"name":"filament-panels::components.user-menu"},"timestamp":1777112961843}
{"sessionId":"366302","runId":"pre-fix","hypothesisId":"H2","location":"ComponentTagCompiler.php:componentString","message":"component tag compiled","data":{"component":"filament-panels::avatar.user"},"timestamp":1777112961854}
{"sessionId":"366302","runId":"pre-fix","hypothesisId":"H3","location":"ComponentTagCompiler.php:guessAnonymousComponentUsingNamespaces","message":"checking anonymous component namespaces","data":{"component":"filament-panels::avatar.user","registeredNamespaces":[]},"timestamp":1777112961854}
{"sessionId":"366302","runId":"pre-fix","hypothesisId":"H4","location":"FileViewFinder.php:find","message":"view find called","data":{"name":"filament-panels::components.avatar.user"},"timestamp":1777112961855}
{"sessionId":"366302","runId":"pre-fix","hypothesisId":"H2","location":"ComponentTagCompiler.php:componentString","message":"component tag compiled","data":{"component":"filament-panels::avatar.user"},"timestamp":1777112961855}
{"sessionId":"366302","runId":"pre-fix","hypothesisId":"H3","location":"ComponentTagCompiler.php:guessAnonymousComponentUsingNamespaces","message":"checking anonymous component namespaces","data":{"component":"filament-panels::avatar.user","registeredNamespaces":[]},"timestamp":1777112961856}
{"sessionId":"366302","runId":"pre-fix","hypothesisId":"H4","location":"FileViewFinder.php:find","message":"view find called","data":{"name":"filament-panels::components.avatar.user"},"timestamp":1777112961856}
{"sessionId":"366302","runId":"pre-fix","hypothesisId":"H2","location":"ComponentTagCompiler.php:componentString","message":"component tag compiled","data":{"component":"filament-panels::theme-switcher"},"timestamp":1777112961857}
{"sessionId":"366302","runId":"pre-fix","hypothesisId":"H3","location":"ComponentTagCompiler.php:guessAnonymousComponentUsingNamespaces","message":"checking anonymous component namespaces","data":{"component":"filament-panels::theme-switcher","registeredNamespaces":[]},"timestamp":1777112961857}
{"sessionId":"366302","runId":"pre-fix","hypothesisId":"H4","location":"FileViewFinder.php:find","message":"view find called","data":{"name":"filament-panels::components.theme-switcher"},"timestamp":1777112961858}
{"sessionId":"366302","runId":"pre-fix","hypothesisId":"H4","location":"FileViewFinder.php:find","message":"view find called","data":{"name":"filament-panels::components.theme-switcher.index"},"timestamp":1777112961859}
{"sessionId":"366302","runId":"pre-fix","hypothesisId":"H2","location":"ComponentTagCompiler.php:componentString","message":"component tag compiled","data":{"component":"filament::dropdown"},"timestamp":1777112961859}
{"sessionId":"366302","runId":"pre-fix","hypothesisId":"H3","location":"ComponentTagCompiler.php:guessAnonymousComponentUsingNamespaces","message":"checking anonymous component namespaces","data":{"component":"filament::dropdown","registeredNamespaces":[]},"timestamp":1777112961860}
{"sessionId":"366302","runId":"pre-fix","hypothesisId":"H4","location":"FileViewFinder.php:find","message":"view find called","data":{"name":"filament::components.dropdown"},"timestamp":1777112961860}
{"sessionId":"366302","runId":"pre-fix","hypothesisId":"H4","location":"FileViewFinder.php:find","message":"view find called","data":{"name":"filament::components.dropdown.index"},"timestamp":1777112961861}
{"sessionId":"366302","runId":"pre-fix","hypothesisId":"H2","location":"ComponentTagCompiler.php:componentString","message":"component tag compiled","data":{"component":"filament::dropdown.header"},"timestamp":1777112961862}
{"sessionId":"366302","runId":"pre-fix","hypothesisId":"H3","location":"ComponentTagCompiler.php:guessAnonymousComponentUsingNamespaces","message":"checking anonymous component namespaces","data":{"component":"filament::dropdown.header","registeredNamespaces":[]},"timestamp":1777112961862}
{"sessionId":"366302","runId":"pre-fix","hypothesisId":"H4","location":"FileViewFinder.php:find","message":"view find called","data":{"name":"filament::components.dropdown.header"},"timestamp":1777112961862}
{"sessionId":"366302","runId":"pre-fix","hypothesisId":"H2","location":"ComponentTagCompiler.php:componentString","message":"component tag compiled","data":{"component":"filament::dropdown.list"},"timestamp":1777112961863}
{"sessionId":"366302","runId":"pre-fix","hypothesisId":"H3","location":"ComponentTagCompiler.php:guessAnonymousComponentUsingNamespaces","message":"checking anonymous component namespaces","data":{"component":"filament::dropdown.list","registeredNamespaces":[]},"timestamp":1777112961864}
{"sessionId":"366302","runId":"pre-fix","hypothesisId":"H4","location":"FileViewFinder.php:find","message":"view find called","data":{"name":"filament::components.dropdown.list"},"timestamp":1777112961864}
{"sessionId":"366302","runId":"pre-fix","hypothesisId":"H4","location":"FileViewFinder.php:find","message":"view find called","data":{"name":"filament::components.dropdown.list.index"},"timestamp":1777112961865}
{"sessionId":"366302","runId":"pre-fix","hypothesisId":"H2","location":"ComponentTagCompiler.php:componentString","message":"component tag compiled","data":{"component":"filament::dropdown.list"},"timestamp":1777112961865}
{"sessionId":"366302","runId":"pre-fix","hypothesisId":"H3","location":"ComponentTagCompiler.php:guessAnonymousComponentUsingNamespaces","message":"checking anonymous component namespaces","data":{"component":"filament::dropdown.list","registeredNamespaces":[]},"timestamp":1777112961865}
{"sessionId":"366302","runId":"pre-fix","hypothesisId":"H4","location":"FileViewFinder.php:find","message":"view find called","data":{"name":"filament::components.dropdown.list"},"timestamp":1777112961866}
{"sessionId":"366302","runId":"pre-fix","hypothesisId":"H4","location":"FileViewFinder.php:find","message":"view find called","data":{"name":"filament::components.dropdown.list.index"},"timestamp":1777112961867}
{"sessionId":"366302","runId":"pre-fix","hypothesisId":"H2","location":"ComponentTagCompiler.php:componentString","message":"component tag compiled","data":{"component":"filament::dropdown.list"},"timestamp":1777112961867}
{"sessionId":"366302","runId":"pre-fix","hypothesisId":"H3","location":"ComponentTagCompiler.php:guessAnonymousComponentUsingNamespaces","message":"checking anonymous component namespaces","data":{"component":"filament::dropdown.list","registeredNamespaces":[]},"timestamp":1777112961868}
{"sessionId":"366302","runId":"pre-fix","hypothesisId":"H4","location":"FileViewFinder.php:find","message":"view find called","data":{"name":"filament::components.dropdown.list"},"timestamp":1777112961868}
{"sessionId":"366302","runId":"pre-fix","hypothesisId":"H4","location":"FileViewFinder.php:find","message":"view find called","data":{"name":"filament::components.dropdown.list.index"},"timestamp":1777112961869}
{"sessionId":"366302","runId":"pre-fix","hypothesisId":"H4","location":"FileViewFinder.php:find","message":"view find called","data":{"name":"filament::components.dropdown.index"},"timestamp":1777112962977}
{"sessionId":"366302","runId":"pre-fix","hypothesisId":"H4","location":"FileViewFinder.php:find","message":"view find called","data":{"name":"filament-panels::components.avatar.user"},"timestamp":1777112962978}
{"sessionId":"366302","runId":"pre-fix","hypothesisId":"H4","location":"FileViewFinder.php:find","message":"view find called","data":{"name":"filament::components.avatar"},"timestamp":1777112962980}
{"sessionId":"366302","runId":"pre-fix","hypothesisId":"H4","location":"FileViewFinder.php:find","message":"view find called","data":{"name":"filament::components.dropdown.header"},"timestamp":1777112962981}
{"sessionId":"366302","runId":"pre-fix","hypothesisId":"H4","location":"FileViewFinder.php:find","message":"view find called","data":{"name":"filament::components.dropdown.header"},"timestamp":1777112962981}
{"sessionId":"366302","runId":"pre-fix","hypothesisId":"H4","location":"FileViewFinder.php:find","message":"view find called","data":{"name":"filament::components.dropdown.list.index"},"timestamp":1777112963098}
{"sessionId":"366302","runId":"pre-fix","hypothesisId":"H4","location":"FileViewFinder.php:find","message":"view find called","data":{"name":"filament-panels::components.theme-switcher.index"},"timestamp":1777112963099}
{"sessionId":"366302","runId":"pre-fix","hypothesisId":"H4","location":"FileViewFinder.php:find","message":"view find called","data":{"name":"filament-panels::components.theme-switcher.index"},"timestamp":1777112963099}
{"sessionId":"366302","runId":"pre-fix","hypothesisId":"H2","location":"ComponentTagCompiler.php:componentString","message":"component tag compiled","data":{"component":"filament-panels::theme-switcher.button"},"timestamp":1777112963109}
{"sessionId":"366302","runId":"pre-fix","hypothesisId":"H3","location":"ComponentTagCompiler.php:guessAnonymousComponentUsingNamespaces","message":"checking anonymous component namespaces","data":{"component":"filament-panels::theme-switcher.button","registeredNamespaces":[]},"timestamp":1777112963109}
{"sessionId":"366302","runId":"pre-fix","hypothesisId":"H4","location":"FileViewFinder.php:find","message":"view find called","data":{"name":"filament-panels::components.theme-switcher.button"},"timestamp":1777112963110}
{"sessionId":"366302","runId":"pre-fix","hypothesisId":"H2","location":"ComponentTagCompiler.php:componentString","message":"component tag compiled","data":{"component":"filament-panels::theme-switcher.button"},"timestamp":1777112963111}
{"sessionId":"366302","runId":"pre-fix","hypothesisId":"H3","location":"ComponentTagCompiler.php:guessAnonymousComponentUsingNamespaces","message":"checking anonymous component namespaces","data":{"component":"filament-panels::theme-switcher.button","registeredNamespaces":[]},"timestamp":1777112963112}
{"sessionId":"366302","runId":"pre-fix","hypothesisId":"H4","location":"FileViewFinder.php:find","message":"view find called","data":{"name":"filament-panels::components.theme-switcher.button"},"timestamp":1777112963112}
{"sessionId":"366302","runId":"pre-fix","hypothesisId":"H2","location":"ComponentTagCompiler.php:componentString","message":"component tag compiled","data":{"component":"filament-panels::theme-switcher.button"},"timestamp":1777112963113}
{"sessionId":"366302","runId":"pre-fix","hypothesisId":"H3","location":"ComponentTagCompiler.php:guessAnonymousComponentUsingNamespaces","message":"checking anonymous component namespaces","data":{"component":"filament-panels::theme-switcher.button","registeredNamespaces":[]},"timestamp":1777112963113}
{"sessionId":"366302","runId":"pre-fix","hypothesisId":"H4","location":"FileViewFinder.php:find","message":"view find called","data":{"name":"filament-panels::components.theme-switcher.button"},"timestamp":1777112963113}
{"sessionId":"366302","runId":"pre-fix","hypothesisId":"H4","location":"FileViewFinder.php:find","message":"view find called","data":{"name":"filament-panels::components.theme-switcher.button"},"timestamp":1777112963430}
{"sessionId":"366302","runId":"pre-fix","hypothesisId":"H4","location":"FileViewFinder.php:find","message":"view find called","data":{"name":"filament-panels::components.theme-switcher.button"},"timestamp":1777112963431}
{"sessionId":"366302","runId":"pre-fix","hypothesisId":"H4","location":"FileViewFinder.php:find","message":"view find called","data":{"name":"filament-panels::components.theme-switcher.button"},"timestamp":1777112963525}
{"sessionId":"366302","runId":"pre-fix","hypothesisId":"H4","location":"FileViewFinder.php:find","message":"view find called","data":{"name":"filament-panels::components.theme-switcher.button"},"timestamp":1777112963539}
{"sessionId":"366302","runId":"pre-fix","hypothesisId":"H4","location":"FileViewFinder.php:find","message":"view find called","data":{"name":"filament::components.dropdown.list.index"},"timestamp":1777112963553}
{"sessionId":"366302","runId":"pre-fix","hypothesisId":"H4","location":"FileViewFinder.php:find","message":"view find called","data":{"name":"filament::components.dropdown.list.index"},"timestamp":1777112963644}
{"sessionId":"366302","runId":"pre-fix","hypothesisId":"H4","location":"FileViewFinder.php:find","message":"view find called","data":{"name":"filament::components.dropdown.index"},"timestamp":1777112963645}
{"sessionId":"366302","runId":"pre-fix","hypothesisId":"H4","location":"FileViewFinder.php:find","message":"view find called","data":{"name":"filament-actions::components.modals"},"timestamp":1777112963790}
{"sessionId":"366302","runId":"pre-fix","hypothesisId":"H4","location":"FileViewFinder.php:find","message":"view find called","data":{"name":"filament-panels::livewire.sidebar"},"timestamp":1777112963811}
{"sessionId":"366302","runId":"pre-fix","hypothesisId":"H2","location":"ComponentTagCompiler.php:componentString","message":"component tag compiled","data":{"component":"filament::icon-button"},"timestamp":1777112963824}
{"sessionId":"366302","runId":"pre-fix","hypothesisId":"H3","location":"ComponentTagCompiler.php:guessAnonymousComponentUsingNamespaces","message":"checking anonymous component namespaces","data":{"component":"filament::icon-button","registeredNamespaces":[]},"timestamp":1777112963825}
{"sessionId":"366302","runId":"pre-fix","hypothesisId":"H4","location":"FileViewFinder.php:find","message":"view find called","data":{"name":"filament::components.icon-button"},"timestamp":1777112963825}
{"sessionId":"366302","runId":"pre-fix","hypothesisId":"H2","location":"ComponentTagCompiler.php:componentString","message":"component tag compiled","data":{"component":"filament::icon-button"},"timestamp":1777112963826}
{"sessionId":"366302","runId":"pre-fix","hypothesisId":"H3","location":"ComponentTagCompiler.php:guessAnonymousComponentUsingNamespaces","message":"checking anonymous component namespaces","data":{"component":"filament::icon-button","registeredNamespaces":[]},"timestamp":1777112963826}
{"sessionId":"366302","runId":"pre-fix","hypothesisId":"H4","location":"FileViewFinder.php:find","message":"view find called","data":{"name":"filament::components.icon-button"},"timestamp":1777112963827}
{"sessionId":"366302","runId":"pre-fix","hypothesisId":"H2","location":"ComponentTagCompiler.php:componentString","message":"component tag compiled","data":{"component":"filament-panels::logo"},"timestamp":1777112963827}
{"sessionId":"366302","runId":"pre-fix","hypothesisId":"H3","location":"ComponentTagCompiler.php:guessAnonymousComponentUsingNamespaces","message":"checking anonymous component namespaces","data":{"component":"filament-panels::logo","registeredNamespaces":[]},"timestamp":1777112963828}
{"sessionId":"366302","runId":"pre-fix","hypothesisId":"H4","location":"FileViewFinder.php:find","message":"view find called","data":{"name":"filament-panels::components.logo"},"timestamp":1777112963828}
{"sessionId":"366302","runId":"pre-fix","hypothesisId":"H2","location":"ComponentTagCompiler.php:componentString","message":"component tag compiled","data":{"component":"filament-panels::logo"},"timestamp":1777112963829}
{"sessionId":"366302","runId":"pre-fix","hypothesisId":"H3","location":"ComponentTagCompiler.php:guessAnonymousComponentUsingNamespaces","message":"checking anonymous component namespaces","data":{"component":"filament-panels::logo","registeredNamespaces":[]},"timestamp":1777112963829}
{"sessionId":"366302","runId":"pre-fix","hypothesisId":"H4","location":"FileViewFinder.php:find","message":"view find called","data":{"name":"filament-panels::components.logo"},"timestamp":1777112963830}
{"sessionId":"366302","runId":"pre-fix","hypothesisId":"H2","location":"ComponentTagCompiler.php:componentString","message":"component tag compiled","data":{"component":"filament-panels::tenant-menu"},"timestamp":1777112963830}
{"sessionId":"366302","runId":"pre-fix","hypothesisId":"H3","location":"ComponentTagCompiler.php:guessAnonymousComponentUsingNamespaces","message":"checking anonymous component namespaces","data":{"component":"filament-panels::tenant-menu","registeredNamespaces":[]},"timestamp":1777112963831}
{"sessionId":"366302","runId":"pre-fix","hypothesisId":"H4","location":"FileViewFinder.php:find","message":"view find called","data":{"name":"filament-panels::components.tenant-menu"},"timestamp":1777112963831}
{"sessionId":"366302","runId":"pre-fix","hypothesisId":"H2","location":"ComponentTagCompiler.php:componentString","message":"component tag compiled","data":{"component":"filament-panels::sidebar.group"},"timestamp":1777112963832}
{"sessionId":"366302","runId":"pre-fix","hypothesisId":"H3","location":"ComponentTagCompiler.php:guessAnonymousComponentUsingNamespaces","message":"checking anonymous component namespaces","data":{"component":"filament-panels::sidebar.group","registeredNamespaces":[]},"timestamp":1777112963833}
{"sessionId":"366302","runId":"pre-fix","hypothesisId":"H4","location":"FileViewFinder.php:find","message":"view find called","data":{"name":"filament-panels::components.sidebar.group"},"timestamp":1777112963833}
{"sessionId":"366302","runId":"pre-fix","hypothesisId":"H2","location":"ComponentTagCompiler.php:componentString","message":"component tag compiled","data":{"component":"filament-panels::user-menu"},"timestamp":1777112963834}
{"sessionId":"366302","runId":"pre-fix","hypothesisId":"H3","location":"ComponentTagCompiler.php:guessAnonymousComponentUsingNamespaces","message":"checking anonymous component namespaces","data":{"component":"filament-panels::user-menu","registeredNamespaces":[]},"timestamp":1777112963834}
{"sessionId":"366302","runId":"pre-fix","hypothesisId":"H4","location":"FileViewFinder.php:find","message":"view find called","data":{"name":"filament-panels::components.user-menu"},"timestamp":1777112963835}
{"sessionId":"366302","runId":"pre-fix","hypothesisId":"H2","location":"ComponentTagCompiler.php:componentString","message":"component tag compiled","data":{"component":"filament-actions::modals"},"timestamp":1777112963835}
{"sessionId":"366302","runId":"pre-fix","hypothesisId":"H3","location":"ComponentTagCompiler.php:guessAnonymousComponentUsingNamespaces","message":"checking anonymous component namespaces","data":{"component":"filament-actions::modals","registeredNamespaces":[]},"timestamp":1777112963836}
{"sessionId":"366302","runId":"pre-fix","hypothesisId":"H4","location":"FileViewFinder.php:find","message":"view find called","data":{"name":"filament-actions::components.modals"},"timestamp":1777112963836}
{"sessionId":"366302","runId":"pre-fix","hypothesisId":"H4","location":"FileViewFinder.php:find","message":"view find called","data":{"name":"filament-panels::components.logo"},"timestamp":1777112965114}
{"sessionId":"366302","runId":"pre-fix","hypothesisId":"H4","location":"FileViewFinder.php:find","message":"view find called","data":{"name":"filament-panels::components.sidebar.group"},"timestamp":1777112965115}
{"sessionId":"366302","runId":"pre-fix","hypothesisId":"H4","location":"FileViewFinder.php:find","message":"view find called","data":{"name":"filament-panels::components.sidebar.group"},"timestamp":1777112965116}
{"sessionId":"366302","runId":"pre-fix","hypothesisId":"H2","location":"ComponentTagCompiler.php:componentString","message":"component tag compiled","data":{"component":"filament::icon-button"},"timestamp":1777112965130}
{"sessionId":"366302","runId":"pre-fix","hypothesisId":"H3","location":"ComponentTagCompiler.php:guessAnonymousComponentUsingNamespaces","message":"checking anonymous component namespaces","data":{"component":"filament::icon-button","registeredNamespaces":[]},"timestamp":1777112965131}
{"sessionId":"366302","runId":"pre-fix","hypothesisId":"H4","location":"FileViewFinder.php:find","message":"view find called","data":{"name":"filament::components.icon-button"},"timestamp":1777112965131}
{"sessionId":"366302","runId":"pre-fix","hypothesisId":"H2","location":"ComponentTagCompiler.php:componentString","message":"component tag compiled","data":{"component":"filament::dropdown"},"timestamp":1777112965132}
{"sessionId":"366302","runId":"pre-fix","hypothesisId":"H3","location":"ComponentTagCompiler.php:guessAnonymousComponentUsingNamespaces","message":"checking anonymous component namespaces","data":{"component":"filament::dropdown","registeredNamespaces":[]},"timestamp":1777112965133}
{"sessionId":"366302","runId":"pre-fix","hypothesisId":"H4","location":"FileViewFinder.php:find","message":"view find called","data":{"name":"filament::components.dropdown"},"timestamp":1777112965133}
{"sessionId":"366302","runId":"pre-fix","hypothesisId":"H4","location":"FileViewFinder.php:find","message":"view find called","data":{"name":"filament::components.dropdown.index"},"timestamp":1777112965134}
{"sessionId":"366302","runId":"pre-fix","hypothesisId":"H2","location":"ComponentTagCompiler.php:componentString","message":"component tag compiled","data":{"component":"filament::dropdown.header"},"timestamp":1777112965135}
{"sessionId":"366302","runId":"pre-fix","hypothesisId":"H3","location":"ComponentTagCompiler.php:guessAnonymousComponentUsingNamespaces","message":"checking anonymous component namespaces","data":{"component":"filament::dropdown.header","registeredNamespaces":[]},"timestamp":1777112965135}
{"sessionId":"366302","runId":"pre-fix","hypothesisId":"H4","location":"FileViewFinder.php:find","message":"view find called","data":{"name":"filament::components.dropdown.header"},"timestamp":1777112965136}
{"sessionId":"366302","runId":"pre-fix","hypothesisId":"H2","location":"ComponentTagCompiler.php:componentString","message":"component tag compiled","data":{"component":"filament::dropdown.list"},"timestamp":1777112965136}
{"sessionId":"366302","runId":"pre-fix","hypothesisId":"H3","location":"ComponentTagCompiler.php:guessAnonymousComponentUsingNamespaces","message":"checking anonymous component namespaces","data":{"component":"filament::dropdown.list","registeredNamespaces":[]},"timestamp":1777112965136}
{"sessionId":"366302","runId":"pre-fix","hypothesisId":"H4","location":"FileViewFinder.php:find","message":"view find called","data":{"name":"filament::components.dropdown.list"},"timestamp":1777112965137}
{"sessionId":"366302","runId":"pre-fix","hypothesisId":"H4","location":"FileViewFinder.php:find","message":"view find called","data":{"name":"filament::components.dropdown.list.index"},"timestamp":1777112965137}
{"sessionId":"366302","runId":"pre-fix","hypothesisId":"H2","location":"ComponentTagCompiler.php:componentString","message":"component tag compiled","data":{"component":"filament::dropdown.list.item"},"timestamp":1777112965138}
{"sessionId":"366302","runId":"pre-fix","hypothesisId":"H3","location":"ComponentTagCompiler.php:guessAnonymousComponentUsingNamespaces","message":"checking anonymous component namespaces","data":{"component":"filament::dropdown.list.item","registeredNamespaces":[]},"timestamp":1777112965138}
{"sessionId":"366302","runId":"pre-fix","hypothesisId":"H4","location":"FileViewFinder.php:find","message":"view find called","data":{"name":"filament::components.dropdown.list.item"},"timestamp":1777112965138}
{"sessionId":"366302","runId":"pre-fix","hypothesisId":"H2","location":"ComponentTagCompiler.php:componentString","message":"component tag compiled","data":{"component":"filament-panels::sidebar.item"},"timestamp":1777112965139}
{"sessionId":"366302","runId":"pre-fix","hypothesisId":"H3","location":"ComponentTagCompiler.php:guessAnonymousComponentUsingNamespaces","message":"checking anonymous component namespaces","data":{"component":"filament-panels::sidebar.item","registeredNamespaces":[]},"timestamp":1777112965140}
{"sessionId":"366302","runId":"pre-fix","hypothesisId":"H4","location":"FileViewFinder.php:find","message":"view find called","data":{"name":"filament-panels::components.sidebar.item"},"timestamp":1777112965140}
{"sessionId":"366302","runId":"pre-fix","hypothesisId":"H4","location":"FileViewFinder.php:find","message":"view find called","data":{"name":"filament-panels::components.sidebar.item"},"timestamp":1777112966068}
{"sessionId":"366302","runId":"pre-fix","hypothesisId":"H4","location":"FileViewFinder.php:find","message":"view find called","data":{"name":"filament-panels::components.sidebar.item"},"timestamp":1777112966069}
{"sessionId":"366302","runId":"pre-fix","hypothesisId":"H2","location":"ComponentTagCompiler.php:componentString","message":"component tag compiled","data":{"component":"filament::badge"},"timestamp":1777112966079}
{"sessionId":"366302","runId":"pre-fix","hypothesisId":"H3","location":"ComponentTagCompiler.php:guessAnonymousComponentUsingNamespaces","message":"checking anonymous component namespaces","data":{"component":"filament::badge","registeredNamespaces":[]},"timestamp":1777112966080}
{"sessionId":"366302","runId":"pre-fix","hypothesisId":"H4","location":"FileViewFinder.php:find","message":"view find called","data":{"name":"filament::components.badge"},"timestamp":1777112966080}
{"sessionId":"366302","runId":"pre-fix","hypothesisId":"H2","location":"ComponentTagCompiler.php:componentString","message":"component tag compiled","data":{"component":"filament-panels::sidebar.item"},"timestamp":1777112966081}
{"sessionId":"366302","runId":"pre-fix","hypothesisId":"H3","location":"ComponentTagCompiler.php:guessAnonymousComponentUsingNamespaces","message":"checking anonymous component namespaces","data":{"component":"filament-panels::sidebar.item","registeredNamespaces":[]},"timestamp":1777112966082}
{"sessionId":"366302","runId":"pre-fix","hypothesisId":"H4","location":"FileViewFinder.php:find","message":"view find called","data":{"name":"filament-panels::components.sidebar.item"},"timestamp":1777112966083}
{"sessionId":"366302","runId":"pre-fix","hypothesisId":"H4","location":"FileViewFinder.php:find","message":"view find called","data":{"name":"filament-panels::components.sidebar.item"},"timestamp":1777112966544}
{"sessionId":"366302","runId":"pre-fix","hypothesisId":"H4","location":"FileViewFinder.php:find","message":"view find called","data":{"name":"filament-actions::components.modals"},"timestamp":1777112966574}
{"sessionId":"366302","runId":"pre-fix","hypothesisId":"H4","location":"FileViewFinder.php:find","message":"view find called","data":{"name":"filament-panels::components.layout.base"},"timestamp":1777112966576}
{"sessionId":"366302","runId":"pre-fix","hypothesisId":"H4","location":"FileViewFinder.php:find","message":"view find called","data":{"name":"filament::assets"},"timestamp":1777112966579}
{"sessionId":"366302","runId":"pre-fix","hypothesisId":"H4","location":"FileViewFinder.php:find","message":"view find called","data":{"name":"filament-notifications::notifications"},"timestamp":1777112966584}
{"sessionId":"366302","runId":"pre-fix","hypothesisId":"H4","location":"FileViewFinder.php:find","message":"view find called","data":{"name":"filament::assets"},"timestamp":1777112966586}
{"sessionId":"366302","runId":"pre-fix","hypothesisId":"H4","location":"FileViewFinder.php:find","message":"view find called","data":{"name":"filament-panels::pages.page"},"timestamp":1777113018496}
{"sessionId":"366302","runId":"pre-fix","hypothesisId":"H4","location":"FileViewFinder.php:find","message":"view find called","data":{"name":"filament-panels::components.page.index"},"timestamp":1777113018500}
{"sessionId":"366302","runId":"pre-fix","hypothesisId":"H4","location":"FileViewFinder.php:find","message":"view find called","data":{"name":"filament-tables::index"},"timestamp":1777113018580}
{"sessionId":"366302","runId":"pre-fix","hypothesisId":"H2","location":"ComponentTagCompiler.php:componentString","message":"component tag compiled","data":{"component":"filament-tables::filters"},"timestamp":1777113018591}
{"sessionId":"366302","runId":"pre-fix","hypothesisId":"H3","location":"ComponentTagCompiler.php:guessAnonymousComponentUsingNamespaces","message":"checking anonymous component namespaces","data":{"component":"filament-tables::filters","registeredNamespaces":[]},"timestamp":1777113018592}
{"sessionId":"366302","runId":"pre-fix","hypothesisId":"H4","location":"FileViewFinder.php:find","message":"view find called","data":{"name":"filament-tables::components.filters"},"timestamp":1777113018592}
{"sessionId":"366302","runId":"pre-fix","hypothesisId":"H2","location":"ComponentTagCompiler.php:componentString","message":"component tag compiled","data":{"component":"filament-tables::filters"},"timestamp":1777113018593}
{"sessionId":"366302","runId":"pre-fix","hypothesisId":"H3","location":"ComponentTagCompiler.php:guessAnonymousComponentUsingNamespaces","message":"checking anonymous component namespaces","data":{"component":"filament-tables::filters","registeredNamespaces":[]},"timestamp":1777113018594}
{"sessionId":"366302","runId":"pre-fix","hypothesisId":"H4","location":"FileViewFinder.php:find","message":"view find called","data":{"name":"filament-tables::components.filters"},"timestamp":1777113018594}
{"sessionId":"366302","runId":"pre-fix","hypothesisId":"H2","location":"ComponentTagCompiler.php:componentString","message":"component tag compiled","data":{"component":"filament-tables::search-field"},"timestamp":1777113018595}
{"sessionId":"366302","runId":"pre-fix","hypothesisId":"H3","location":"ComponentTagCompiler.php:guessAnonymousComponentUsingNamespaces","message":"checking anonymous component namespaces","data":{"component":"filament-tables::search-field","registeredNamespaces":[]},"timestamp":1777113018595}
{"sessionId":"366302","runId":"pre-fix","hypothesisId":"H4","location":"FileViewFinder.php:find","message":"view find called","data":{"name":"filament-tables::components.search-field"},"timestamp":1777113018596}
{"sessionId":"366302","runId":"pre-fix","hypothesisId":"H2","location":"ComponentTagCompiler.php:componentString","message":"component tag compiled","data":{"component":"filament-tables::filters"},"timestamp":1777113018596}
{"sessionId":"366302","runId":"pre-fix","hypothesisId":"H3","location":"ComponentTagCompiler.php:guessAnonymousComponentUsingNamespaces","message":"checking anonymous component namespaces","data":{"component":"filament-tables::filters","registeredNamespaces":[]},"timestamp":1777113018597}
{"sessionId":"366302","runId":"pre-fix","hypothesisId":"H4","location":"FileViewFinder.php:find","message":"view find called","data":{"name":"filament-tables::components.filters"},"timestamp":1777113018597}
{"sessionId":"366302","runId":"pre-fix","hypothesisId":"H2","location":"ComponentTagCompiler.php:componentString","message":"component tag compiled","data":{"component":"filament-tables::column-manager"},"timestamp":1777113018598}
{"sessionId":"366302","runId":"pre-fix","hypothesisId":"H3","location":"ComponentTagCompiler.php:guessAnonymousComponentUsingNamespaces","message":"checking anonymous component namespaces","data":{"component":"filament-tables::column-manager","registeredNamespaces":[]},"timestamp":1777113018599}
{"sessionId":"366302","runId":"pre-fix","hypothesisId":"H4","location":"FileViewFinder.php:find","message":"view find called","data":{"name":"filament-tables::components.column-manager"},"timestamp":1777113018599}
{"sessionId":"366302","runId":"pre-fix","hypothesisId":"H2","location":"ComponentTagCompiler.php:componentString","message":"component tag compiled","data":{"component":"filament-tables::summary.row"},"timestamp":1777113018600}
{"sessionId":"366302","runId":"pre-fix","hypothesisId":"H3","location":"ComponentTagCompiler.php:guessAnonymousComponentUsingNamespaces","message":"checking anonymous component namespaces","data":{"component":"filament-tables::summary.row","registeredNamespaces":[]},"timestamp":1777113018601}
{"sessionId":"366302","runId":"pre-fix","hypothesisId":"H4","location":"FileViewFinder.php:find","message":"view find called","data":{"name":"filament-tables::components.summary.row"},"timestamp":1777113018601}
{"sessionId":"366302","runId":"pre-fix","hypothesisId":"H2","location":"ComponentTagCompiler.php:componentString","message":"component tag compiled","data":{"component":"filament-tables::summary.row"},"timestamp":1777113018602}
{"sessionId":"366302","runId":"pre-fix","hypothesisId":"H3","location":"ComponentTagCompiler.php:guessAnonymousComponentUsingNamespaces","message":"checking anonymous component namespaces","data":{"component":"filament-tables::summary.row","registeredNamespaces":[]},"timestamp":1777113018602}
{"sessionId":"366302","runId":"pre-fix","hypothesisId":"H4","location":"FileViewFinder.php:find","message":"view find called","data":{"name":"filament-tables::components.summary.row"},"timestamp":1777113018603}
{"sessionId":"366302","runId":"pre-fix","hypothesisId":"H2","location":"ComponentTagCompiler.php:componentString","message":"component tag compiled","data":{"component":"filament-tables::summary"},"timestamp":1777113018603}
{"sessionId":"366302","runId":"pre-fix","hypothesisId":"H3","location":"ComponentTagCompiler.php:guessAnonymousComponentUsingNamespaces","message":"checking anonymous component namespaces","data":{"component":"filament-tables::summary","registeredNamespaces":[]},"timestamp":1777113018604}
{"sessionId":"366302","runId":"pre-fix","hypothesisId":"H4","location":"FileViewFinder.php:find","message":"view find called","data":{"name":"filament-tables::components.summary"},"timestamp":1777113018604}
{"sessionId":"366302","runId":"pre-fix","hypothesisId":"H4","location":"FileViewFinder.php:find","message":"view find called","data":{"name":"filament-tables::components.summary.index"},"timestamp":1777113018605}
{"sessionId":"366302","runId":"pre-fix","hypothesisId":"H2","location":"ComponentTagCompiler.php:componentString","message":"component tag compiled","data":{"component":"filament-tables::search-field"},"timestamp":1777113018605}
{"sessionId":"366302","runId":"pre-fix","hypothesisId":"H3","location":"ComponentTagCompiler.php:guessAnonymousComponentUsingNamespaces","message":"checking anonymous component namespaces","data":{"component":"filament-tables::search-field","registeredNamespaces":[]},"timestamp":1777113018606}
{"sessionId":"366302","runId":"pre-fix","hypothesisId":"H4","location":"FileViewFinder.php:find","message":"view find called","data":{"name":"filament-tables::components.search-field"},"timestamp":1777113018606}
{"sessionId":"366302","runId":"pre-fix","hypothesisId":"H2","location":"ComponentTagCompiler.php:componentString","message":"component tag compiled","data":{"component":"filament-tables::summary.row"},"timestamp":1777113018607}
{"sessionId":"366302","runId":"pre-fix","hypothesisId":"H3","location":"ComponentTagCompiler.php:guessAnonymousComponentUsingNamespaces","message":"checking anonymous component namespaces","data":{"component":"filament-tables::summary.row","registeredNamespaces":[]},"timestamp":1777113018607}
{"sessionId":"366302","runId":"pre-fix","hypothesisId":"H4","location":"FileViewFinder.php:find","message":"view find called","data":{"name":"filament-tables::components.summary.row"},"timestamp":1777113018608}
{"sessionId":"366302","runId":"pre-fix","hypothesisId":"H2","location":"ComponentTagCompiler.php:componentString","message":"component tag compiled","data":{"component":"filament-tables::summary.row"},"timestamp":1777113018608}
{"sessionId":"366302","runId":"pre-fix","hypothesisId":"H3","location":"ComponentTagCompiler.php:guessAnonymousComponentUsingNamespaces","message":"checking anonymous component namespaces","data":{"component":"filament-tables::summary.row","registeredNamespaces":[]},"timestamp":1777113018609}
{"sessionId":"366302","runId":"pre-fix","hypothesisId":"H4","location":"FileViewFinder.php:find","message":"view find called","data":{"name":"filament-tables::components.summary.row"},"timestamp":1777113018609}
{"sessionId":"366302","runId":"pre-fix","hypothesisId":"H2","location":"ComponentTagCompiler.php:componentString","message":"component tag compiled","data":{"component":"filament-tables::summary"},"timestamp":1777113018610}
{"sessionId":"366302","runId":"pre-fix","hypothesisId":"H3","location":"ComponentTagCompiler.php:guessAnonymousComponentUsingNamespaces","message":"checking anonymous component namespaces","data":{"component":"filament-tables::summary","registeredNamespaces":[]},"timestamp":1777113018610}
{"sessionId":"366302","runId":"pre-fix","hypothesisId":"H4","location":"FileViewFinder.php:find","message":"view find called","data":{"name":"filament-tables::components.summary"},"timestamp":1777113018611}
{"sessionId":"366302","runId":"pre-fix","hypothesisId":"H4","location":"FileViewFinder.php:find","message":"view find called","data":{"name":"filament-tables::components.summary.index"},"timestamp":1777113018611}
{"sessionId":"366302","runId":"pre-fix","hypothesisId":"H2","location":"ComponentTagCompiler.php:componentString","message":"component tag compiled","data":{"component":"filament::pagination"},"timestamp":1777113018612}
{"sessionId":"366302","runId":"pre-fix","hypothesisId":"H3","location":"ComponentTagCompiler.php:guessAnonymousComponentUsingNamespaces","message":"checking anonymous component namespaces","data":{"component":"filament::pagination","registeredNamespaces":[]},"timestamp":1777113018612}
{"sessionId":"366302","runId":"pre-fix","hypothesisId":"H4","location":"FileViewFinder.php:find","message":"view find called","data":{"name":"filament::components.pagination"},"timestamp":1777113018613}
{"sessionId":"366302","runId":"pre-fix","hypothesisId":"H4","location":"FileViewFinder.php:find","message":"view find called","data":{"name":"filament::components.pagination.index"},"timestamp":1777113018613}
{"sessionId":"366302","runId":"pre-fix","hypothesisId":"H2","location":"ComponentTagCompiler.php:componentString","message":"component tag compiled","data":{"component":"filament-tables::filters"},"timestamp":1777113018614}
{"sessionId":"366302","runId":"pre-fix","hypothesisId":"H3","location":"ComponentTagCompiler.php:guessAnonymousComponentUsingNamespaces","message":"checking anonymous component namespaces","data":{"component":"filament-tables::filters","registeredNamespaces":[]},"timestamp":1777113018615}
{"sessionId":"366302","runId":"pre-fix","hypothesisId":"H4","location":"FileViewFinder.php:find","message":"view find called","data":{"name":"filament-tables::components.filters"},"timestamp":1777113018615}
{"sessionId":"366302","runId":"pre-fix","hypothesisId":"H2","location":"ComponentTagCompiler.php:componentString","message":"component tag compiled","data":{"component":"filament-tables::filters"},"timestamp":1777113018616}
{"sessionId":"366302","runId":"pre-fix","hypothesisId":"H3","location":"ComponentTagCompiler.php:guessAnonymousComponentUsingNamespaces","message":"checking anonymous component namespaces","data":{"component":"filament-tables::filters","registeredNamespaces":[]},"timestamp":1777113018616}
{"sessionId":"366302","runId":"pre-fix","hypothesisId":"H4","location":"FileViewFinder.php:find","message":"view find called","data":{"name":"filament-tables::components.filters"},"timestamp":1777113018616}
{"sessionId":"366302","runId":"pre-fix","hypothesisId":"H2","location":"ComponentTagCompiler.php:componentString","message":"component tag compiled","data":{"component":"filament-actions::modals"},"timestamp":1777113018617}
{"sessionId":"366302","runId":"pre-fix","hypothesisId":"H3","location":"ComponentTagCompiler.php:guessAnonymousComponentUsingNamespaces","message":"checking anonymous component namespaces","data":{"component":"filament-actions::modals","registeredNamespaces":[]},"timestamp":1777113018617}
{"sessionId":"366302","runId":"pre-fix","hypothesisId":"H4","location":"FileViewFinder.php:find","message":"view find called","data":{"name":"filament-actions::components.modals"},"timestamp":1777113018618}
{"sessionId":"366302","runId":"pre-fix","hypothesisId":"H2","location":"ComponentTagCompiler.php:componentString","message":"component tag compiled","data":{"component":"filament::dropdown"},"timestamp":1777113018618}
{"sessionId":"366302","runId":"pre-fix","hypothesisId":"H3","location":"ComponentTagCompiler.php:guessAnonymousComponentUsingNamespaces","message":"checking anonymous component namespaces","data":{"component":"filament::dropdown","registeredNamespaces":[]},"timestamp":1777113018619}
{"sessionId":"366302","runId":"pre-fix","hypothesisId":"H4","location":"FileViewFinder.php:find","message":"view find called","data":{"name":"filament::components.dropdown"},"timestamp":1777113018619}
{"sessionId":"366302","runId":"pre-fix","hypothesisId":"H4","location":"FileViewFinder.php:find","message":"view find called","data":{"name":"filament::components.dropdown.index"},"timestamp":1777113018619}
{"sessionId":"366302","runId":"pre-fix","hypothesisId":"H2","location":"ComponentTagCompiler.php:componentString","message":"component tag compiled","data":{"component":"filament::input.wrapper"},"timestamp":1777113018620}
{"sessionId":"366302","runId":"pre-fix","hypothesisId":"H3","location":"ComponentTagCompiler.php:guessAnonymousComponentUsingNamespaces","message":"checking anonymous component namespaces","data":{"component":"filament::input.wrapper","registeredNamespaces":[]},"timestamp":1777113018621}
{"sessionId":"366302","runId":"pre-fix","hypothesisId":"H4","location":"FileViewFinder.php:find","message":"view find called","data":{"name":"filament::components.input.wrapper"},"timestamp":1777113018621}
{"sessionId":"366302","runId":"pre-fix","hypothesisId":"H2","location":"ComponentTagCompiler.php:componentString","message":"component tag compiled","data":{"component":"filament::input.select"},"timestamp":1777113018622}
{"sessionId":"366302","runId":"pre-fix","hypothesisId":"H3","location":"ComponentTagCompiler.php:guessAnonymousComponentUsingNamespaces","message":"checking anonymous component namespaces","data":{"component":"filament::input.select","registeredNamespaces":[]},"timestamp":1777113018622}
{"sessionId":"366302","runId":"pre-fix","hypothesisId":"H4","location":"FileViewFinder.php:find","message":"view find called","data":{"name":"filament::components.input.select"},"timestamp":1777113018623}
{"sessionId":"366302","runId":"pre-fix","hypothesisId":"H2","location":"ComponentTagCompiler.php:componentString","message":"component tag compiled","data":{"component":"filament::input.wrapper"},"timestamp":1777113018624}
{"sessionId":"366302","runId":"pre-fix","hypothesisId":"H3","location":"ComponentTagCompiler.php:guessAnonymousComponentUsingNamespaces","message":"checking anonymous component namespaces","data":{"component":"filament::input.wrapper","registeredNamespaces":[]},"timestamp":1777113018624}
{"sessionId":"366302","runId":"pre-fix","hypothesisId":"H4","location":"FileViewFinder.php:find","message":"view find called","data":{"name":"filament::components.input.wrapper"},"timestamp":1777113018625}
{"sessionId":"366302","runId":"pre-fix","hypothesisId":"H2","location":"ComponentTagCompiler.php:componentString","message":"component tag compiled","data":{"component":"filament::input.select"},"timestamp":1777113018625}
{"sessionId":"366302","runId":"pre-fix","hypothesisId":"H3","location":"ComponentTagCompiler.php:guessAnonymousComponentUsingNamespaces","message":"checking anonymous component namespaces","data":{"component":"filament::input.select","registeredNamespaces":[]},"timestamp":1777113018626}
{"sessionId":"366302","runId":"pre-fix","hypothesisId":"H4","location":"FileViewFinder.php:find","message":"view find called","data":{"name":"filament::components.input.select"},"timestamp":1777113018626}
{"sessionId":"366302","runId":"pre-fix","hypothesisId":"H2","location":"ComponentTagCompiler.php:componentString","message":"component tag compiled","data":{"component":"filament::input.wrapper"},"timestamp":1777113018626}
{"sessionId":"366302","runId":"pre-fix","hypothesisId":"H3","location":"ComponentTagCompiler.php:guessAnonymousComponentUsingNamespaces","message":"checking anonymous component namespaces","data":{"component":"filament::input.wrapper","registeredNamespaces":[]},"timestamp":1777113018627}
{"sessionId":"366302","runId":"pre-fix","hypothesisId":"H4","location":"FileViewFinder.php:find","message":"view find called","data":{"name":"filament::components.input.wrapper"},"timestamp":1777113018627}
{"sessionId":"366302","runId":"pre-fix","hypothesisId":"H2","location":"ComponentTagCompiler.php:componentString","message":"component tag compiled","data":{"component":"filament::input.select"},"timestamp":1777113018627}
{"sessionId":"366302","runId":"pre-fix","hypothesisId":"H3","location":"ComponentTagCompiler.php:guessAnonymousComponentUsingNamespaces","message":"checking anonymous component namespaces","data":{"component":"filament::input.select","registeredNamespaces":[]},"timestamp":1777113018628}
{"sessionId":"366302","runId":"pre-fix","hypothesisId":"H4","location":"FileViewFinder.php:find","message":"view find called","data":{"name":"filament::components.input.select"},"timestamp":1777113018628}
{"sessionId":"366302","runId":"pre-fix","hypothesisId":"H2","location":"ComponentTagCompiler.php:componentString","message":"component tag compiled","data":{"component":"filament::input.wrapper"},"timestamp":1777113018629}
{"sessionId":"366302","runId":"pre-fix","hypothesisId":"H3","location":"ComponentTagCompiler.php:guessAnonymousComponentUsingNamespaces","message":"checking anonymous component namespaces","data":{"component":"filament::input.wrapper","registeredNamespaces":[]},"timestamp":1777113018629}
{"sessionId":"366302","runId":"pre-fix","hypothesisId":"H4","location":"FileViewFinder.php:find","message":"view find called","data":{"name":"filament::components.input.wrapper"},"timestamp":1777113018630}
{"sessionId":"366302","runId":"pre-fix","hypothesisId":"H2","location":"ComponentTagCompiler.php:componentString","message":"component tag compiled","data":{"component":"filament::input.select"},"timestamp":1777113018630}
{"sessionId":"366302","runId":"pre-fix","hypothesisId":"H3","location":"ComponentTagCompiler.php:guessAnonymousComponentUsingNamespaces","message":"checking anonymous component namespaces","data":{"component":"filament::input.select","registeredNamespaces":[]},"timestamp":1777113018631}
{"sessionId":"366302","runId":"pre-fix","hypothesisId":"H4","location":"FileViewFinder.php:find","message":"view find called","data":{"name":"filament::components.input.select"},"timestamp":1777113018631}
{"sessionId":"366302","runId":"pre-fix","hypothesisId":"H2","location":"ComponentTagCompiler.php:componentString","message":"component tag compiled","data":{"component":"filament::modal"},"timestamp":1777113018632}
{"sessionId":"366302","runId":"pre-fix","hypothesisId":"H3","location":"ComponentTagCompiler.php:guessAnonymousComponentUsingNamespaces","message":"checking anonymous component namespaces","data":{"component":"filament::modal","registeredNamespaces":[]},"timestamp":1777113018632}
{"sessionId":"366302","runId":"pre-fix","hypothesisId":"H4","location":"FileViewFinder.php:find","message":"view find called","data":{"name":"filament::components.modal"},"timestamp":1777113018632}
{"sessionId":"366302","runId":"pre-fix","hypothesisId":"H4","location":"FileViewFinder.php:find","message":"view find called","data":{"name":"filament::components.modal.index"},"timestamp":1777113018633}
{"sessionId":"366302","runId":"pre-fix","hypothesisId":"H2","location":"ComponentTagCompiler.php:componentString","message":"component tag compiled","data":{"component":"filament::dropdown"},"timestamp":1777113018634}
{"sessionId":"366302","runId":"pre-fix","hypothesisId":"H3","location":"ComponentTagCompiler.php:guessAnonymousComponentUsingNamespaces","message":"checking anonymous component namespaces","data":{"component":"filament::dropdown","registeredNamespaces":[]},"timestamp":1777113018634}
{"sessionId":"366302","runId":"pre-fix","hypothesisId":"H4","location":"FileViewFinder.php:find","message":"view find called","data":{"name":"filament::components.dropdown"},"timestamp":1777113018635}
{"sessionId":"366302","runId":"pre-fix","hypothesisId":"H4","location":"FileViewFinder.php:find","message":"view find called","data":{"name":"filament::components.dropdown.index"},"timestamp":1777113018635}
{"sessionId":"366302","runId":"pre-fix","hypothesisId":"H2","location":"ComponentTagCompiler.php:componentString","message":"component tag compiled","data":{"component":"filament::dropdown"},"timestamp":1777113018636}
{"sessionId":"366302","runId":"pre-fix","hypothesisId":"H3","location":"ComponentTagCompiler.php:guessAnonymousComponentUsingNamespaces","message":"checking anonymous component namespaces","data":{"component":"filament::dropdown","registeredNamespaces":[]},"timestamp":1777113018636}
{"sessionId":"366302","runId":"pre-fix","hypothesisId":"H4","location":"FileViewFinder.php:find","message":"view find called","data":{"name":"filament::components.dropdown"},"timestamp":1777113018637}
{"sessionId":"366302","runId":"pre-fix","hypothesisId":"H4","location":"FileViewFinder.php:find","message":"view find called","data":{"name":"filament::components.dropdown.index"},"timestamp":1777113018637}
{"sessionId":"366302","runId":"pre-fix","hypothesisId":"H2","location":"ComponentTagCompiler.php:componentString","message":"component tag compiled","data":{"component":"filament::link"},"timestamp":1777113018638}
{"sessionId":"366302","runId":"pre-fix","hypothesisId":"H3","location":"ComponentTagCompiler.php:guessAnonymousComponentUsingNamespaces","message":"checking anonymous component namespaces","data":{"component":"filament::link","registeredNamespaces":[]},"timestamp":1777113018638}
{"sessionId":"366302","runId":"pre-fix","hypothesisId":"H4","location":"FileViewFinder.php:find","message":"view find called","data":{"name":"filament::components.link"},"timestamp":1777113018639}
{"sessionId":"366302","runId":"pre-fix","hypothesisId":"H2","location":"ComponentTagCompiler.php:componentString","message":"component tag compiled","data":{"component":"filament::link"},"timestamp":1777113018639}
{"sessionId":"366302","runId":"pre-fix","hypothesisId":"H3","location":"ComponentTagCompiler.php:guessAnonymousComponentUsingNamespaces","message":"checking anonymous component namespaces","data":{"component":"filament::link","registeredNamespaces":[]},"timestamp":1777113018640}
{"sessionId":"366302","runId":"pre-fix","hypothesisId":"H4","location":"FileViewFinder.php:find","message":"view find called","data":{"name":"filament::components.link"},"timestamp":1777113018640}
{"sessionId":"366302","runId":"pre-fix","hypothesisId":"H2","location":"ComponentTagCompiler.php:componentString","message":"component tag compiled","data":{"component":"filament::badge"},"timestamp":1777113018641}
{"sessionId":"366302","runId":"pre-fix","hypothesisId":"H3","location":"ComponentTagCompiler.php:guessAnonymousComponentUsingNamespaces","message":"checking anonymous component namespaces","data":{"component":"filament::badge","registeredNamespaces":[]},"timestamp":1777113018641}
{"sessionId":"366302","runId":"pre-fix","hypothesisId":"H4","location":"FileViewFinder.php:find","message":"view find called","data":{"name":"filament::components.badge"},"timestamp":1777113018642}
{"sessionId":"366302","runId":"pre-fix","hypothesisId":"H2","location":"ComponentTagCompiler.php:componentString","message":"component tag compiled","data":{"component":"filament::input.wrapper"},"timestamp":1777113018642}
{"sessionId":"366302","runId":"pre-fix","hypothesisId":"H3","location":"ComponentTagCompiler.php:guessAnonymousComponentUsingNamespaces","message":"checking anonymous component namespaces","data":{"component":"filament::input.wrapper","registeredNamespaces":[]},"timestamp":1777113018643}
{"sessionId":"366302","runId":"pre-fix","hypothesisId":"H4","location":"FileViewFinder.php:find","message":"view find called","data":{"name":"filament::components.input.wrapper"},"timestamp":1777113018643}
{"sessionId":"366302","runId":"pre-fix","hypothesisId":"H2","location":"ComponentTagCompiler.php:componentString","message":"component tag compiled","data":{"component":"filament::input.select"},"timestamp":1777113018643}
{"sessionId":"366302","runId":"pre-fix","hypothesisId":"H3","location":"ComponentTagCompiler.php:guessAnonymousComponentUsingNamespaces","message":"checking anonymous component namespaces","data":{"component":"filament::input.select","registeredNamespaces":[]},"timestamp":1777113018644}
{"sessionId":"366302","runId":"pre-fix","hypothesisId":"H4","location":"FileViewFinder.php:find","message":"view find called","data":{"name":"filament::components.input.select"},"timestamp":1777113018644}
{"sessionId":"366302","runId":"pre-fix","hypothesisId":"H2","location":"ComponentTagCompiler.php:componentString","message":"component tag compiled","data":{"component":"filament::input.wrapper"},"timestamp":1777113018645}
{"sessionId":"366302","runId":"pre-fix","hypothesisId":"H3","location":"ComponentTagCompiler.php:guessAnonymousComponentUsingNamespaces","message":"checking anonymous component namespaces","data":{"component":"filament::input.wrapper","registeredNamespaces":[]},"timestamp":1777113018645}
{"sessionId":"366302","runId":"pre-fix","hypothesisId":"H4","location":"FileViewFinder.php:find","message":"view find called","data":{"name":"filament::components.input.wrapper"},"timestamp":1777113018646}
{"sessionId":"366302","runId":"pre-fix","hypothesisId":"H2","location":"ComponentTagCompiler.php:componentString","message":"component tag compiled","data":{"component":"filament::input.select"},"timestamp":1777113018646}
{"sessionId":"366302","runId":"pre-fix","hypothesisId":"H3","location":"ComponentTagCompiler.php:guessAnonymousComponentUsingNamespaces","message":"checking anonymous component namespaces","data":{"component":"filament::input.select","registeredNamespaces":[]},"timestamp":1777113018647}
{"sessionId":"366302","runId":"pre-fix","hypothesisId":"H4","location":"FileViewFinder.php:find","message":"view find called","data":{"name":"filament::components.input.select"},"timestamp":1777113018647}
{"sessionId":"366302","runId":"pre-fix","hypothesisId":"H4","location":"FileViewFinder.php:find","message":"view find called","data":{"name":"filament-tables::components.search-field"},"timestamp":1777113023409}
{"sessionId":"366302","runId":"pre-fix","hypothesisId":"H4","location":"FileViewFinder.php:find","message":"view find called","data":{"name":"filament-tables::components.search-field"},"timestamp":1777113023410}
{"sessionId":"366302","runId":"pre-fix","hypothesisId":"H2","location":"ComponentTagCompiler.php:componentString","message":"component tag compiled","data":{"component":"filament::input"},"timestamp":1777113023427}
{"sessionId":"366302","runId":"pre-fix","hypothesisId":"H3","location":"ComponentTagCompiler.php:guessAnonymousComponentUsingNamespaces","message":"checking anonymous component namespaces","data":{"component":"filament::input","registeredNamespaces":[]},"timestamp":1777113023427}
{"sessionId":"366302","runId":"pre-fix","hypothesisId":"H4","location":"FileViewFinder.php:find","message":"view find called","data":{"name":"filament::components.input"},"timestamp":1777113023428}
{"sessionId":"366302","runId":"pre-fix","hypothesisId":"H4","location":"FileViewFinder.php:find","message":"view find called","data":{"name":"filament::components.input.index"},"timestamp":1777113023428}
{"sessionId":"366302","runId":"pre-fix","hypothesisId":"H2","location":"ComponentTagCompiler.php:componentString","message":"component tag compiled","data":{"component":"filament::input.wrapper"},"timestamp":1777113023429}
{"sessionId":"366302","runId":"pre-fix","hypothesisId":"H3","location":"ComponentTagCompiler.php:guessAnonymousComponentUsingNamespaces","message":"checking anonymous component namespaces","data":{"component":"filament::input.wrapper","registeredNamespaces":[]},"timestamp":1777113023430}
{"sessionId":"366302","runId":"pre-fix","hypothesisId":"H4","location":"FileViewFinder.php:find","message":"view find called","data":{"name":"filament::components.input.wrapper"},"timestamp":1777113023430}
{"sessionId":"366302","runId":"pre-fix","hypothesisId":"H4","location":"FileViewFinder.php:find","message":"view find called","data":{"name":"filament::components.input.wrapper"},"timestamp":1777113023706}
{"sessionId":"366302","runId":"pre-fix","hypothesisId":"H4","location":"FileViewFinder.php:find","message":"view find called","data":{"name":"filament::components.input.index"},"timestamp":1777113023707}
{"sessionId":"366302","runId":"pre-fix","hypothesisId":"H4","location":"FileViewFinder.php:find","message":"view find called","data":{"name":"filament::components.input.index"},"timestamp":1777113023708}
{"sessionId":"366302","runId":"pre-fix","hypothesisId":"H4","location":"FileViewFinder.php:find","message":"view find called","data":{"name":"filament::components.input.wrapper"},"timestamp":1777113023757}
{"sessionId":"366302","runId":"pre-fix","hypothesisId":"H4","location":"FileViewFinder.php:find","message":"view find called","data":{"name":"filament::components.link"},"timestamp":1777113023779}
{"sessionId":"366302","runId":"pre-fix","hypothesisId":"H4","location":"FileViewFinder.php:find","message":"view find called","data":{"name":"filament::components.link"},"timestamp":1777113023784}
{"sessionId":"366302","runId":"pre-fix","hypothesisId":"H4","location":"FileViewFinder.php:find","message":"view find called","data":{"name":"filament::components.link"},"timestamp":1777113023785}
{"sessionId":"366302","runId":"pre-fix","hypothesisId":"H4","location":"FileViewFinder.php:find","message":"view find called","data":{"name":"filament::components.pagination.index"},"timestamp":1777113023926}
{"sessionId":"366302","runId":"pre-fix","hypothesisId":"H4","location":"FileViewFinder.php:find","message":"view find called","data":{"name":"filament::components.pagination.index"},"timestamp":1777113023927}
{"sessionId":"366302","runId":"pre-fix","hypothesisId":"H2","location":"ComponentTagCompiler.php:componentString","message":"component tag compiled","data":{"component":"filament::pagination.item"},"timestamp":1777113023942}
{"sessionId":"366302","runId":"pre-fix","hypothesisId":"H3","location":"ComponentTagCompiler.php:guessAnonymousComponentUsingNamespaces","message":"checking anonymous component namespaces","data":{"component":"filament::pagination.item","registeredNamespaces":[]},"timestamp":1777113023943}
{"sessionId":"366302","runId":"pre-fix","hypothesisId":"H4","location":"FileViewFinder.php:find","message":"view find called","data":{"name":"filament::components.pagination.item"},"timestamp":1777113023944}
{"sessionId":"366302","runId":"pre-fix","hypothesisId":"H2","location":"ComponentTagCompiler.php:componentString","message":"component tag compiled","data":{"component":"filament::pagination.item"},"timestamp":1777113023944}
{"sessionId":"366302","runId":"pre-fix","hypothesisId":"H3","location":"ComponentTagCompiler.php:guessAnonymousComponentUsingNamespaces","message":"checking anonymous component namespaces","data":{"component":"filament::pagination.item","registeredNamespaces":[]},"timestamp":1777113023945}
{"sessionId":"366302","runId":"pre-fix","hypothesisId":"H4","location":"FileViewFinder.php:find","message":"view find called","data":{"name":"filament::components.pagination.item"},"timestamp":1777113023946}
{"sessionId":"366302","runId":"pre-fix","hypothesisId":"H2","location":"ComponentTagCompiler.php:componentString","message":"component tag compiled","data":{"component":"filament::pagination.item"},"timestamp":1777113023946}
{"sessionId":"366302","runId":"pre-fix","hypothesisId":"H3","location":"ComponentTagCompiler.php:guessAnonymousComponentUsingNamespaces","message":"checking anonymous component namespaces","data":{"component":"filament::pagination.item","registeredNamespaces":[]},"timestamp":1777113023947}
{"sessionId":"366302","runId":"pre-fix","hypothesisId":"H4","location":"FileViewFinder.php:find","message":"view find called","data":{"name":"filament::components.pagination.item"},"timestamp":1777113023948}
{"sessionId":"366302","runId":"pre-fix","hypothesisId":"H2","location":"ComponentTagCompiler.php:componentString","message":"component tag compiled","data":{"component":"filament::pagination.item"},"timestamp":1777113023949}
{"sessionId":"366302","runId":"pre-fix","hypothesisId":"H3","location":"ComponentTagCompiler.php:guessAnonymousComponentUsingNamespaces","message":"checking anonymous component namespaces","data":{"component":"filament::pagination.item","registeredNamespaces":[]},"timestamp":1777113023951}
{"sessionId":"366302","runId":"pre-fix","hypothesisId":"H4","location":"FileViewFinder.php:find","message":"view find called","data":{"name":"filament::components.pagination.item"},"timestamp":1777113023951}
{"sessionId":"366302","runId":"pre-fix","hypothesisId":"H2","location":"ComponentTagCompiler.php:componentString","message":"component tag compiled","data":{"component":"filament::pagination.item"},"timestamp":1777113023953}
{"sessionId":"366302","runId":"pre-fix","hypothesisId":"H3","location":"ComponentTagCompiler.php:guessAnonymousComponentUsingNamespaces","message":"checking anonymous component namespaces","data":{"component":"filament::pagination.item","registeredNamespaces":[]},"timestamp":1777113023953}
{"sessionId":"366302","runId":"pre-fix","hypothesisId":"H4","location":"FileViewFinder.php:find","message":"view find called","data":{"name":"filament::components.pagination.item"},"timestamp":1777113023954}
{"sessionId":"366302","runId":"pre-fix","hypothesisId":"H2","location":"ComponentTagCompiler.php:componentString","message":"component tag compiled","data":{"component":"filament::pagination.item"},"timestamp":1777113023955}
{"sessionId":"366302","runId":"pre-fix","hypothesisId":"H3","location":"ComponentTagCompiler.php:guessAnonymousComponentUsingNamespaces","message":"checking anonymous component namespaces","data":{"component":"filament::pagination.item","registeredNamespaces":[]},"timestamp":1777113023956}
{"sessionId":"366302","runId":"pre-fix","hypothesisId":"H4","location":"FileViewFinder.php:find","message":"view find called","data":{"name":"filament::components.pagination.item"},"timestamp":1777113023956}
{"sessionId":"366302","runId":"pre-fix","hypothesisId":"H2","location":"ComponentTagCompiler.php:componentString","message":"component tag compiled","data":{"component":"filament::button"},"timestamp":1777113023957}
{"sessionId":"366302","runId":"pre-fix","hypothesisId":"H3","location":"ComponentTagCompiler.php:guessAnonymousComponentUsingNamespaces","message":"checking anonymous component namespaces","data":{"component":"filament::button","registeredNamespaces":[]},"timestamp":1777113023957}
{"sessionId":"366302","runId":"pre-fix","hypothesisId":"H4","location":"FileViewFinder.php:find","message":"view find called","data":{"name":"filament::components.button"},"timestamp":1777113023958}
{"sessionId":"366302","runId":"pre-fix","hypothesisId":"H4","location":"FileViewFinder.php:find","message":"view find called","data":{"name":"filament::components.button.index"},"timestamp":1777113023959}
{"sessionId":"366302","runId":"pre-fix","hypothesisId":"H2","location":"ComponentTagCompiler.php:componentString","message":"component tag compiled","data":{"component":"filament::input.wrapper"},"timestamp":1777113023960}
{"sessionId":"366302","runId":"pre-fix","hypothesisId":"H3","location":"ComponentTagCompiler.php:guessAnonymousComponentUsingNamespaces","message":"checking anonymous component namespaces","data":{"component":"filament::input.wrapper","registeredNamespaces":[]},"timestamp":1777113023960}
{"sessionId":"366302","runId":"pre-fix","hypothesisId":"H4","location":"FileViewFinder.php:find","message":"view find called","data":{"name":"filament::components.input.wrapper"},"timestamp":1777113023961}
{"sessionId":"366302","runId":"pre-fix","hypothesisId":"H2","location":"ComponentTagCompiler.php:componentString","message":"component tag compiled","data":{"component":"filament::input.select"},"timestamp":1777113023961}
{"sessionId":"366302","runId":"pre-fix","hypothesisId":"H3","location":"ComponentTagCompiler.php:guessAnonymousComponentUsingNamespaces","message":"checking anonymous component namespaces","data":{"component":"filament::input.select","registeredNamespaces":[]},"timestamp":1777113023962}
{"sessionId":"366302","runId":"pre-fix","hypothesisId":"H4","location":"FileViewFinder.php:find","message":"view find called","data":{"name":"filament::components.input.select"},"timestamp":1777113023963}
{"sessionId":"366302","runId":"pre-fix","hypothesisId":"H2","location":"ComponentTagCompiler.php:componentString","message":"component tag compiled","data":{"component":"filament::input.wrapper"},"timestamp":1777113023964}
{"sessionId":"366302","runId":"pre-fix","hypothesisId":"H3","location":"ComponentTagCompiler.php:guessAnonymousComponentUsingNamespaces","message":"checking anonymous component namespaces","data":{"component":"filament::input.wrapper","registeredNamespaces":[]},"timestamp":1777113023964}
{"sessionId":"366302","runId":"pre-fix","hypothesisId":"H4","location":"FileViewFinder.php:find","message":"view find called","data":{"name":"filament::components.input.wrapper"},"timestamp":1777113023965}
{"sessionId":"366302","runId":"pre-fix","hypothesisId":"H2","location":"ComponentTagCompiler.php:componentString","message":"component tag compiled","data":{"component":"filament::input.select"},"timestamp":1777113023967}
{"sessionId":"366302","runId":"pre-fix","hypothesisId":"H3","location":"ComponentTagCompiler.php:guessAnonymousComponentUsingNamespaces","message":"checking anonymous component namespaces","data":{"component":"filament::input.select","registeredNamespaces":[]},"timestamp":1777113023967}
{"sessionId":"366302","runId":"pre-fix","hypothesisId":"H4","location":"FileViewFinder.php:find","message":"view find called","data":{"name":"filament::components.input.select"},"timestamp":1777113023968}
{"sessionId":"366302","runId":"pre-fix","hypothesisId":"H2","location":"ComponentTagCompiler.php:componentString","message":"component tag compiled","data":{"component":"filament::button"},"timestamp":1777113023969}
{"sessionId":"366302","runId":"pre-fix","hypothesisId":"H3","location":"ComponentTagCompiler.php:guessAnonymousComponentUsingNamespaces","message":"checking anonymous component namespaces","data":{"component":"filament::button","registeredNamespaces":[]},"timestamp":1777113023970}
{"sessionId":"366302","runId":"pre-fix","hypothesisId":"H4","location":"FileViewFinder.php:find","message":"view find called","data":{"name":"filament::components.button"},"timestamp":1777113023970}
{"sessionId":"366302","runId":"pre-fix","hypothesisId":"H4","location":"FileViewFinder.php:find","message":"view find called","data":{"name":"filament::components.button.index"},"timestamp":1777113023971}
{"sessionId":"366302","runId":"pre-fix","hypothesisId":"H4","location":"FileViewFinder.php:find","message":"view find called","data":{"name":"filament::components.input.select"},"timestamp":1777113025710}
{"sessionId":"366302","runId":"pre-fix","hypothesisId":"H4","location":"FileViewFinder.php:find","message":"view find called","data":{"name":"filament::components.input.select"},"timestamp":1777113025711}
{"sessionId":"366302","runId":"pre-fix","hypothesisId":"H4","location":"FileViewFinder.php:find","message":"view find called","data":{"name":"filament::components.input.wrapper"},"timestamp":1777113025758}
{"sessionId":"366302","runId":"pre-fix","hypothesisId":"H4","location":"FileViewFinder.php:find","message":"view find called","data":{"name":"filament::components.input.select"},"timestamp":1777113025759}
{"sessionId":"366302","runId":"pre-fix","hypothesisId":"H4","location":"FileViewFinder.php:find","message":"view find called","data":{"name":"filament::components.input.wrapper"},"timestamp":1777113025760}
{"sessionId":"366302","runId":"pre-fix","hypothesisId":"H4","location":"FileViewFinder.php:find","message":"view find called","data":{"name":"filament::components.button.index"},"timestamp":1777113025761}
{"sessionId":"366302","runId":"pre-fix","hypothesisId":"H4","location":"FileViewFinder.php:find","message":"view find called","data":{"name":"filament::components.button.index"},"timestamp":1777113025761}
{"sessionId":"366302","runId":"pre-fix","hypothesisId":"H4","location":"FileViewFinder.php:find","message":"view find called","data":{"name":"livewire::tailwind"},"timestamp":1777113025765}
{"sessionId":"366302","runId":"pre-fix","hypothesisId":"H4","location":"FileViewFinder.php:find","message":"view find called","data":{"name":"filament::components.pagination.item"},"timestamp":1777113025765}
{"sessionId":"366302","runId":"pre-fix","hypothesisId":"H4","location":"FileViewFinder.php:find","message":"view find called","data":{"name":"filament::components.pagination.item"},"timestamp":1777113025766}
{"sessionId":"366302","runId":"pre-fix","hypothesisId":"H4","location":"FileViewFinder.php:find","message":"view find called","data":{"name":"filament::components.pagination.item"},"timestamp":1777113025854}
{"sessionId":"366302","runId":"pre-fix","hypothesisId":"H4","location":"FileViewFinder.php:find","message":"view find called","data":{"name":"filament::components.pagination.item"},"timestamp":1777113025856}
{"sessionId":"366302","runId":"pre-fix","hypothesisId":"H4","location":"FileViewFinder.php:find","message":"view find called","data":{"name":"filament::components.pagination.item"},"timestamp":1777113025857}
{"sessionId":"366302","runId":"pre-fix","hypothesisId":"H4","location":"FileViewFinder.php:find","message":"view find called","data":{"name":"filament::components.pagination.item"},"timestamp":1777113025858}
{"sessionId":"366302","runId":"pre-fix","hypothesisId":"H4","location":"FileViewFinder.php:find","message":"view find called","data":{"name":"filament::components.pagination.item"},"timestamp":1777113025859}
{"sessionId":"366302","runId":"pre-fix","hypothesisId":"H4","location":"FileViewFinder.php:find","message":"view find called","data":{"name":"filament::components.pagination.item"},"timestamp":1777113025898}
{"sessionId":"366302","runId":"pre-fix","hypothesisId":"H4","location":"FileViewFinder.php:find","message":"view find called","data":{"name":"filament-actions::components.modals"},"timestamp":1777113025914}
{"sessionId":"366302","runId":"pre-fix","hypothesisId":"H4","location":"FileViewFinder.php:find","message":"view find called","data":{"name":"filament-actions::components.modals"},"timestamp":1777113025914}
{"sessionId":"366302","runId":"pre-fix","hypothesisId":"H4","location":"FileViewFinder.php:find","message":"view find called","data":{"name":"filament-panels::components.page.index"},"timestamp":1777113025916}
{"sessionId":"366302","runId":"pre-fix","hypothesisId":"H4","location":"FileViewFinder.php:find","message":"view find called","data":{"name":"filament-panels::components.header.index"},"timestamp":1777113025943}
{"sessionId":"366302","runId":"pre-fix","hypothesisId":"H4","location":"FileViewFinder.php:find","message":"view find called","data":{"name":"filament-panels::components.header.index"},"timestamp":1777113025943}
{"sessionId":"366302","runId":"pre-fix","hypothesisId":"H4","location":"FileViewFinder.php:find","message":"view find called","data":{"name":"filament::components.breadcrumbs"},"timestamp":1777113025945}
{"sessionId":"366302","runId":"pre-fix","hypothesisId":"H4","location":"FileViewFinder.php:find","message":"view find called","data":{"name":"filament::components.breadcrumbs"},"timestamp":1777113025946}
{"sessionId":"366302","runId":"pre-fix","hypothesisId":"H4","location":"FileViewFinder.php:find","message":"view find called","data":{"name":"filament::components.actions"},"timestamp":1777113026107}
{"sessionId":"366302","runId":"pre-fix","hypothesisId":"H4","location":"FileViewFinder.php:find","message":"view find called","data":{"name":"filament::components.actions"},"timestamp":1777113026108}
{"sessionId":"366302","runId":"pre-fix","hypothesisId":"H4","location":"FileViewFinder.php:find","message":"view find called","data":{"name":"filament-panels::components.unsaved-action-changes-alert"},"timestamp":1777113026112}
{"sessionId":"366302","runId":"pre-fix","hypothesisId":"H4","location":"FileViewFinder.php:find","message":"view find called","data":{"name":"filament-panels::components.unsaved-action-changes-alert"},"timestamp":1777113026112}
{"sessionId":"366302","runId":"pre-fix","hypothesisId":"H4","location":"FileViewFinder.php:find","message":"view find called","data":{"name":"    <?php $layout->viewContext->mergeIntoNewEnvironment($__env); ?>\n\n    @component($layout->view, $layout->params)\n        @slot($layout->slotOrSection)\n            {!! $content !!}\n        @endslot\n\n        <?php\n        // Manually forward slots defined in the Livewire template into the layout component...\n        foreach ($layout->viewContext->slots[-1] ?? [] as $name => $slot) {\n            $__env->slot($name, attributes: $slot->attributes->getAttributes());\n            echo $slot->toHtml();\n            $__env->endSlot();\n        }\n        ?>\n    @endcomponent"},"timestamp":1777113026123}
{"sessionId":"366302","runId":"pre-fix","hypothesisId":"H4","location":"FileViewFinder.php:find","message":"view find called","data":{"name":"__components::4943bc92ebba41e8b0e508149542e0ad"},"timestamp":1777113026124}
{"sessionId":"366302","runId":"pre-fix","hypothesisId":"H4","location":"FileViewFinder.php:find","message":"view find called","data":{"name":"filament-panels::components.layout.index"},"timestamp":1777113026126}
{"sessionId":"366302","runId":"pre-fix","hypothesisId":"H4","location":"FileViewFinder.php:find","message":"view find called","data":{"name":"filament-panels::components.layout.base"},"timestamp":1777113026129}
{"sessionId":"366302","runId":"pre-fix","hypothesisId":"H4","location":"FileViewFinder.php:find","message":"view find called","data":{"name":"filament-panels::livewire.topbar"},"timestamp":1777113026132}
{"sessionId":"366302","runId":"pre-fix","hypothesisId":"H4","location":"FileViewFinder.php:find","message":"view find called","data":{"name":"filament::components.icon-button"},"timestamp":1777113026136}
{"sessionId":"366302","runId":"pre-fix","hypothesisId":"H4","location":"FileViewFinder.php:find","message":"view find called","data":{"name":"filament::components.icon-button"},"timestamp":1777113026137}
{"sessionId":"366302","runId":"pre-fix","hypothesisId":"H4","location":"FileViewFinder.php:find","message":"view find called","data":{"name":"filament::components.icon-button"},"timestamp":1777113026139}
{"sessionId":"366302","runId":"pre-fix","hypothesisId":"H4","location":"FileViewFinder.php:find","message":"view find called","data":{"name":"filament-panels::components.logo"},"timestamp":1777113026141}
{"sessionId":"366302","runId":"pre-fix","hypothesisId":"H4","location":"FileViewFinder.php:find","message":"view find called","data":{"name":"filament-panels::components.logo"},"timestamp":1777113026141}
{"sessionId":"366302","runId":"pre-fix","hypothesisId":"H4","location":"FileViewFinder.php:find","message":"view find called","data":{"name":"filament-panels::components.user-menu"},"timestamp":1777113026143}
{"sessionId":"366302","runId":"pre-fix","hypothesisId":"H4","location":"FileViewFinder.php:find","message":"view find called","data":{"name":"filament-panels::components.user-menu"},"timestamp":1777113026143}
{"sessionId":"366302","runId":"pre-fix","hypothesisId":"H4","location":"FileViewFinder.php:find","message":"view find called","data":{"name":"filament::components.dropdown.index"},"timestamp":1777113026145}
{"sessionId":"366302","runId":"pre-fix","hypothesisId":"H4","location":"FileViewFinder.php:find","message":"view find called","data":{"name":"filament-panels::components.avatar.user"},"timestamp":1777113026146}
{"sessionId":"366302","runId":"pre-fix","hypothesisId":"H4","location":"FileViewFinder.php:find","message":"view find called","data":{"name":"filament-panels::components.avatar.user"},"timestamp":1777113026146}
{"sessionId":"366302","runId":"pre-fix","hypothesisId":"H4","location":"FileViewFinder.php:find","message":"view find called","data":{"name":"filament::components.avatar"},"timestamp":1777113026149}
{"sessionId":"366302","runId":"pre-fix","hypothesisId":"H4","location":"FileViewFinder.php:find","message":"view find called","data":{"name":"filament::components.avatar"},"timestamp":1777113026149}
{"sessionId":"366302","runId":"pre-fix","hypothesisId":"H4","location":"FileViewFinder.php:find","message":"view find called","data":{"name":"filament::components.dropdown.header"},"timestamp":1777113026151}
{"sessionId":"366302","runId":"pre-fix","hypothesisId":"H4","location":"FileViewFinder.php:find","message":"view find called","data":{"name":"filament::components.dropdown.header"},"timestamp":1777113026152}
{"sessionId":"366302","runId":"pre-fix","hypothesisId":"H4","location":"FileViewFinder.php:find","message":"view find called","data":{"name":"filament::components.dropdown.list.index"},"timestamp":1777113026154}
{"sessionId":"366302","runId":"pre-fix","hypothesisId":"H4","location":"FileViewFinder.php:find","message":"view find called","data":{"name":"filament-panels::components.theme-switcher.index"},"timestamp":1777113026155}
{"sessionId":"366302","runId":"pre-fix","hypothesisId":"H4","location":"FileViewFinder.php:find","message":"view find called","data":{"name":"filament-panels::components.theme-switcher.index"},"timestamp":1777113026155}
{"sessionId":"366302","runId":"pre-fix","hypothesisId":"H4","location":"FileViewFinder.php:find","message":"view find called","data":{"name":"filament-panels::components.theme-switcher.button"},"timestamp":1777113026157}
{"sessionId":"366302","runId":"pre-fix","hypothesisId":"H4","location":"FileViewFinder.php:find","message":"view find called","data":{"name":"filament-panels::components.theme-switcher.button"},"timestamp":1777113026157}
{"sessionId":"366302","runId":"pre-fix","hypothesisId":"H4","location":"FileViewFinder.php:find","message":"view find called","data":{"name":"filament-panels::components.theme-switcher.button"},"timestamp":1777113026159}
{"sessionId":"366302","runId":"pre-fix","hypothesisId":"H4","location":"FileViewFinder.php:find","message":"view find called","data":{"name":"filament-panels::components.theme-switcher.button"},"timestamp":1777113026160}
{"sessionId":"366302","runId":"pre-fix","hypothesisId":"H4","location":"FileViewFinder.php:find","message":"view find called","data":{"name":"filament::components.dropdown.list.index"},"timestamp":1777113026160}
{"sessionId":"366302","runId":"pre-fix","hypothesisId":"H4","location":"FileViewFinder.php:find","message":"view find called","data":{"name":"filament::components.dropdown.list.index"},"timestamp":1777113026162}
{"sessionId":"366302","runId":"pre-fix","hypothesisId":"H4","location":"FileViewFinder.php:find","message":"view find called","data":{"name":"filament::components.dropdown.index"},"timestamp":1777113026163}
{"sessionId":"366302","runId":"pre-fix","hypothesisId":"H4","location":"FileViewFinder.php:find","message":"view find called","data":{"name":"filament-actions::components.modals"},"timestamp":1777113026165}
{"sessionId":"366302","runId":"pre-fix","hypothesisId":"H4","location":"FileViewFinder.php:find","message":"view find called","data":{"name":"filament-panels::livewire.sidebar"},"timestamp":1777113026170}
{"sessionId":"366302","runId":"pre-fix","hypothesisId":"H4","location":"FileViewFinder.php:find","message":"view find called","data":{"name":"filament-panels::components.logo"},"timestamp":1777113026175}
{"sessionId":"366302","runId":"pre-fix","hypothesisId":"H4","location":"FileViewFinder.php:find","message":"view find called","data":{"name":"filament-panels::components.sidebar.group"},"timestamp":1777113026176}
{"sessionId":"366302","runId":"pre-fix","hypothesisId":"H4","location":"FileViewFinder.php:find","message":"view find called","data":{"name":"filament-panels::components.sidebar.group"},"timestamp":1777113026177}
{"sessionId":"366302","runId":"pre-fix","hypothesisId":"H4","location":"FileViewFinder.php:find","message":"view find called","data":{"name":"filament-panels::components.sidebar.item"},"timestamp":1777113026179}
{"sessionId":"366302","runId":"pre-fix","hypothesisId":"H4","location":"FileViewFinder.php:find","message":"view find called","data":{"name":"filament-panels::components.sidebar.item"},"timestamp":1777113026180}
{"sessionId":"366302","runId":"pre-fix","hypothesisId":"H4","location":"FileViewFinder.php:find","message":"view find called","data":{"name":"filament-panels::components.sidebar.item"},"timestamp":1777113026182}
{"sessionId":"366302","runId":"pre-fix","hypothesisId":"H4","location":"FileViewFinder.php:find","message":"view find called","data":{"name":"filament-actions::components.modals"},"timestamp":1777113026183}
{"sessionId":"366302","runId":"pre-fix","hypothesisId":"H4","location":"FileViewFinder.php:find","message":"view find called","data":{"name":"filament-panels::components.layout.base"},"timestamp":1777113026185}
{"sessionId":"366302","runId":"pre-fix","hypothesisId":"H4","location":"FileViewFinder.php:find","message":"view find called","data":{"name":"filament::assets"},"timestamp":1777113026187}
{"sessionId":"366302","runId":"pre-fix","hypothesisId":"H4","location":"FileViewFinder.php:find","message":"view find called","data":{"name":"filament-notifications::notifications"},"timestamp":1777113026190}
{"sessionId":"366302","runId":"pre-fix","hypothesisId":"H4","location":"FileViewFinder.php:find","message":"view find called","data":{"name":"filament::assets"},"timestamp":1777113026193}
{"sessionId":"366302","runId":"pre-fix","hypothesisId":"H4","location":"FileViewFinder.php:find","message":"view find called","data":{"name":"filament-panels::pages.page"},"timestamp":1777113034750}
{"sessionId":"366302","runId":"pre-fix","hypothesisId":"H4","location":"FileViewFinder.php:find","message":"view find called","data":{"name":"filament-panels::components.page.index"},"timestamp":1777113034753}
{"sessionId":"366302","runId":"pre-fix","hypothesisId":"H4","location":"FileViewFinder.php:find","message":"view find called","data":{"name":"filament-schemas::components.form"},"timestamp":1777113034791}
{"sessionId":"366302","runId":"pre-fix","hypothesisId":"H4","location":"FileViewFinder.php:find","message":"view find called","data":{"name":"filament-schemas::components.section"},"timestamp":1777113034794}
{"sessionId":"366302","runId":"pre-fix","hypothesisId":"H2","location":"ComponentTagCompiler.php:componentString","message":"component tag compiled","data":{"component":"filament::section"},"timestamp":1777113034807}
{"sessionId":"366302","runId":"pre-fix","hypothesisId":"H3","location":"ComponentTagCompiler.php:guessAnonymousComponentUsingNamespaces","message":"checking anonymous component namespaces","data":{"component":"filament::section","registeredNamespaces":[]},"timestamp":1777113034809}
{"sessionId":"366302","runId":"pre-fix","hypothesisId":"H4","location":"FileViewFinder.php:find","message":"view find called","data":{"name":"filament::components.section"},"timestamp":1777113034809}
{"sessionId":"366302","runId":"pre-fix","hypothesisId":"H4","location":"FileViewFinder.php:find","message":"view find called","data":{"name":"filament::components.section.index"},"timestamp":1777113034810}
{"sessionId":"366302","runId":"pre-fix","hypothesisId":"H4","location":"FileViewFinder.php:find","message":"view find called","data":{"name":"filament::components.section.index"},"timestamp":1777113035010}
{"sessionId":"366302","runId":"pre-fix","hypothesisId":"H4","location":"FileViewFinder.php:find","message":"view find called","data":{"name":"filament-forms::components.file-upload"},"timestamp":1777113035012}
{"sessionId":"366302","runId":"pre-fix","hypothesisId":"H2","location":"ComponentTagCompiler.php:componentString","message":"component tag compiled","data":{"component":"dynamic-component"},"timestamp":1777113035037}
{"sessionId":"366302","runId":"pre-fix","hypothesisId":"H2","location":"ComponentTagCompiler.php:componentString","message":"component tag compiled","data":{"component":"filament::input.wrapper"},"timestamp":1777113035039}
{"sessionId":"366302","runId":"pre-fix","hypothesisId":"H3","location":"ComponentTagCompiler.php:guessAnonymousComponentUsingNamespaces","message":"checking anonymous component namespaces","data":{"component":"filament::input.wrapper","registeredNamespaces":[]},"timestamp":1777113035040}
{"sessionId":"366302","runId":"pre-fix","hypothesisId":"H4","location":"FileViewFinder.php:find","message":"view find called","data":{"name":"filament::components.input.wrapper"},"timestamp":1777113035040}
{"sessionId":"366302","runId":"pre-fix","hypothesisId":"H3","location":"ComponentTagCompiler.php:guessAnonymousComponentUsingNamespaces","message":"checking anonymous component namespaces","data":{"component":"filament-forms::field-wrapper","registeredNamespaces":[]},"timestamp":1777113036220}
{"sessionId":"366302","runId":"pre-fix","hypothesisId":"H4","location":"FileViewFinder.php:find","message":"view find called","data":{"name":"filament-forms::components.field-wrapper"},"timestamp":1777113036221}
{"sessionId":"366302","runId":"pre-fix","hypothesisId":"H4","location":"FileViewFinder.php:find","message":"view find called","data":{"name":"<?php extract((new \\Illuminate\\Support\\Collection($attributes->getAttributes()))->mapWithKeys(function ($value, $key) { return [Illuminate\\Support\\Str::camel(str_replace([':', '.'], ' ', $key)) => $value]; })->all(), EXTR_SKIP); ?>\n@props(['field','labelTag'])\n<x-filament-forms::field-wrapper :field=\"$field\" :label-tag=\"$labelTag\" >\n\n{{ $slot ?? \"\" }}\n</x-filament-forms::field-wrapper>"},"timestamp":1777113036221}
{"sessionId":"366302","runId":"pre-fix","hypothesisId":"H4","location":"FileViewFinder.php:find","message":"view find called","data":{"name":"__components::55a357bbd0ec6bf7e58e877a518d9959"},"timestamp":1777113036226}
{"sessionId":"366302","runId":"pre-fix","hypothesisId":"H2","location":"ComponentTagCompiler.php:componentString","message":"component tag compiled","data":{"component":"filament-forms::field-wrapper"},"timestamp":1777113036245}
{"sessionId":"366302","runId":"pre-fix","hypothesisId":"H3","location":"ComponentTagCompiler.php:guessAnonymousComponentUsingNamespaces","message":"checking anonymous component namespaces","data":{"component":"filament-forms::field-wrapper","registeredNamespaces":[]},"timestamp":1777113036246}
{"sessionId":"366302","runId":"pre-fix","hypothesisId":"H4","location":"FileViewFinder.php:find","message":"view find called","data":{"name":"filament-forms::components.field-wrapper"},"timestamp":1777113036246}
{"sessionId":"366302","runId":"pre-fix","hypothesisId":"H4","location":"FileViewFinder.php:find","message":"view find called","data":{"name":"filament-forms::components.field-wrapper"},"timestamp":1777113036395}
{"sessionId":"366302","runId":"pre-fix","hypothesisId":"H4","location":"FileViewFinder.php:find","message":"view find called","data":{"name":"filament-forms::components.field-wrapper"},"timestamp":1777113036395}
{"sessionId":"366302","runId":"pre-fix","hypothesisId":"H4","location":"FileViewFinder.php:find","message":"view find called","data":{"name":"filament-forms::components.file-upload"},"timestamp":1777113036399}
{"sessionId":"366302","runId":"pre-fix","hypothesisId":"H4","location":"FileViewFinder.php:find","message":"view find called","data":{"name":"__components::55a357bbd0ec6bf7e58e877a518d9959"},"timestamp":1777113036401}
{"sessionId":"366302","runId":"pre-fix","hypothesisId":"H4","location":"FileViewFinder.php:find","message":"view find called","data":{"name":"filament-forms::components.field-wrapper"},"timestamp":1777113036402}
{"sessionId":"366302","runId":"pre-fix","hypothesisId":"H4","location":"FileViewFinder.php:find","message":"view find called","data":{"name":"filament-forms::components.text-input"},"timestamp":1777113036403}
{"sessionId":"366302","runId":"pre-fix","hypothesisId":"H4","location":"FileViewFinder.php:find","message":"view find called","data":{"name":"filament::components.input.wrapper"},"timestamp":1777113036406}
{"sessionId":"366302","runId":"pre-fix","hypothesisId":"H4","location":"FileViewFinder.php:find","message":"view find called","data":{"name":"filament::components.input.wrapper"},"timestamp":1777113036406}
{"sessionId":"366302","runId":"pre-fix","hypothesisId":"H4","location":"FileViewFinder.php:find","message":"view find called","data":{"name":"<?php extract((new \\Illuminate\\Support\\Collection($attributes->getAttributes()))->mapWithKeys(function ($value, $key) { return [Illuminate\\Support\\Str::camel(str_replace([':', '.'], ' ', $key)) => $value]; })->all(), EXTR_SKIP); ?>\n@props(['field','inlineLabelVerticalAlignment'])\n<x-filament-forms::field-wrapper :field=\"$field\" :inline-label-vertical-alignment=\"$inlineLabelVerticalAlignment\" >\n\n{{ $slot ?? \"\" }}\n</x-filament-forms::field-wrapper>"},"timestamp":1777113036408}
{"sessionId":"366302","runId":"pre-fix","hypothesisId":"H4","location":"FileViewFinder.php:find","message":"view find called","data":{"name":"__components::7efa8d8730e6e64b895c482f47ff6151"},"timestamp":1777113036409}
{"sessionId":"366302","runId":"pre-fix","hypothesisId":"H2","location":"ComponentTagCompiler.php:componentString","message":"component tag compiled","data":{"component":"filament-forms::field-wrapper"},"timestamp":1777113036410}
{"sessionId":"366302","runId":"pre-fix","hypothesisId":"H3","location":"ComponentTagCompiler.php:guessAnonymousComponentUsingNamespaces","message":"checking anonymous component namespaces","data":{"component":"filament-forms::field-wrapper","registeredNamespaces":[]},"timestamp":1777113036410}
{"sessionId":"366302","runId":"pre-fix","hypothesisId":"H4","location":"FileViewFinder.php:find","message":"view find called","data":{"name":"filament-forms::components.field-wrapper"},"timestamp":1777113036411}
{"sessionId":"366302","runId":"pre-fix","hypothesisId":"H4","location":"FileViewFinder.php:find","message":"view find called","data":{"name":"filament-forms::components.field-wrapper"},"timestamp":1777113036413}
{"sessionId":"366302","runId":"pre-fix","hypothesisId":"H4","location":"FileViewFinder.php:find","message":"view find called","data":{"name":"filament-forms::components.text-input"},"timestamp":1777113036414}
{"sessionId":"366302","runId":"pre-fix","hypothesisId":"H4","location":"FileViewFinder.php:find","message":"view find called","data":{"name":"filament::components.input.wrapper"},"timestamp":1777113036415}
{"sessionId":"366302","runId":"pre-fix","hypothesisId":"H4","location":"FileViewFinder.php:find","message":"view find called","data":{"name":"__components::7efa8d8730e6e64b895c482f47ff6151"},"timestamp":1777113036416}
{"sessionId":"366302","runId":"pre-fix","hypothesisId":"H4","location":"FileViewFinder.php:find","message":"view find called","data":{"name":"filament-forms::components.field-wrapper"},"timestamp":1777113036416}
{"sessionId":"366302","runId":"pre-fix","hypothesisId":"H4","location":"FileViewFinder.php:find","message":"view find called","data":{"name":"filament-forms::components.text-input"},"timestamp":1777113036417}
{"sessionId":"366302","runId":"pre-fix","hypothesisId":"H4","location":"FileViewFinder.php:find","message":"view find called","data":{"name":"filament::components.input.wrapper"},"timestamp":1777113036418}
{"sessionId":"366302","runId":"pre-fix","hypothesisId":"H4","location":"FileViewFinder.php:find","message":"view find called","data":{"name":"__components::7efa8d8730e6e64b895c482f47ff6151"},"timestamp":1777113036419}
{"sessionId":"366302","runId":"pre-fix","hypothesisId":"H4","location":"FileViewFinder.php:find","message":"view find called","data":{"name":"filament-forms::components.field-wrapper"},"timestamp":1777113036419}
{"sessionId":"366302","runId":"pre-fix","hypothesisId":"H4","location":"FileViewFinder.php:find","message":"view find called","data":{"name":"filament-forms::components.tags-input"},"timestamp":1777113036420}
{"sessionId":"366302","runId":"pre-fix","hypothesisId":"H2","location":"ComponentTagCompiler.php:componentString","message":"component tag compiled","data":{"component":"dynamic-component"},"timestamp":1777113036435}
{"sessionId":"366302","runId":"pre-fix","hypothesisId":"H2","location":"ComponentTagCompiler.php:componentString","message":"component tag compiled","data":{"component":"filament::input.wrapper"},"timestamp":1777113036436}
{"sessionId":"366302","runId":"pre-fix","hypothesisId":"H3","location":"ComponentTagCompiler.php:guessAnonymousComponentUsingNamespaces","message":"checking anonymous component namespaces","data":{"component":"filament::input.wrapper","registeredNamespaces":[]},"timestamp":1777113036436}
{"sessionId":"366302","runId":"pre-fix","hypothesisId":"H4","location":"FileViewFinder.php:find","message":"view find called","data":{"name":"filament::components.input.wrapper"},"timestamp":1777113036437}
{"sessionId":"366302","runId":"pre-fix","hypothesisId":"H2","location":"ComponentTagCompiler.php:componentString","message":"component tag compiled","data":{"component":"filament::badge"},"timestamp":1777113036438}
{"sessionId":"366302","runId":"pre-fix","hypothesisId":"H3","location":"ComponentTagCompiler.php:guessAnonymousComponentUsingNamespaces","message":"checking anonymous component namespaces","data":{"component":"filament::badge","registeredNamespaces":[]},"timestamp":1777113036438}
{"sessionId":"366302","runId":"pre-fix","hypothesisId":"H4","location":"FileViewFinder.php:find","message":"view find called","data":{"name":"filament::components.badge"},"timestamp":1777113036439}
{"sessionId":"366302","runId":"pre-fix","hypothesisId":"H4","location":"FileViewFinder.php:find","message":"view find called","data":{"name":"filament::components.badge"},"timestamp":1777113036856}
{"sessionId":"366302","runId":"pre-fix","hypothesisId":"H4","location":"FileViewFinder.php:find","message":"view find called","data":{"name":"filament::components.badge"},"timestamp":1777113036856}
{"sessionId":"366302","runId":"pre-fix","hypothesisId":"H4","location":"FileViewFinder.php:find","message":"view find called","data":{"name":"filament::components.input.wrapper"},"timestamp":1777113037153}
{"sessionId":"366302","runId":"pre-fix","hypothesisId":"H4","location":"FileViewFinder.php:find","message":"view find called","data":{"name":"<?php extract((new \\Illuminate\\Support\\Collection($attributes->getAttributes()))->mapWithKeys(function ($value, $key) { return [Illuminate\\Support\\Str::camel(str_replace([':', '.'], ' ', $key)) => $value]; })->all(), EXTR_SKIP); ?>\n@props(['field','class'])\n<x-filament-forms::field-wrapper :field=\"$field\" :class=\"$class\" >\n\n{{ $slot ?? \"\" }}\n</x-filament-forms::field-wrapper>"},"timestamp":1777113037153}
{"sessionId":"366302","runId":"pre-fix","hypothesisId":"H4","location":"FileViewFinder.php:find","message":"view find called","data":{"name":"__components::68f47f66e70b2e3ce46d62572c8b8660"},"timestamp":1777113037157}
{"sessionId":"366302","runId":"pre-fix","hypothesisId":"H2","location":"ComponentTagCompiler.php:componentString","message":"component tag compiled","data":{"component":"filament-forms::field-wrapper"},"timestamp":1777113037171}
{"sessionId":"366302","runId":"pre-fix","hypothesisId":"H3","location":"ComponentTagCompiler.php:guessAnonymousComponentUsingNamespaces","message":"checking anonymous component namespaces","data":{"component":"filament-forms::field-wrapper","registeredNamespaces":[]},"timestamp":1777113037172}
{"sessionId":"366302","runId":"pre-fix","hypothesisId":"H4","location":"FileViewFinder.php:find","message":"view find called","data":{"name":"filament-forms::components.field-wrapper"},"timestamp":1777113037172}
{"sessionId":"366302","runId":"pre-fix","hypothesisId":"H4","location":"FileViewFinder.php:find","message":"view find called","data":{"name":"filament-forms::components.field-wrapper"},"timestamp":1777113037318}
{"sessionId":"366302","runId":"pre-fix","hypothesisId":"H4","location":"FileViewFinder.php:find","message":"view find called","data":{"name":"filament-forms::components.markdown-editor"},"timestamp":1777113037319}
{"sessionId":"366302","runId":"pre-fix","hypothesisId":"H2","location":"ComponentTagCompiler.php:componentString","message":"component tag compiled","data":{"component":"dynamic-component"},"timestamp":1777113037333}
{"sessionId":"366302","runId":"pre-fix","hypothesisId":"H2","location":"ComponentTagCompiler.php:componentString","message":"component tag compiled","data":{"component":"filament::input.wrapper"},"timestamp":1777113037334}
{"sessionId":"366302","runId":"pre-fix","hypothesisId":"H3","location":"ComponentTagCompiler.php:guessAnonymousComponentUsingNamespaces","message":"checking anonymous component namespaces","data":{"component":"filament::input.wrapper","registeredNamespaces":[]},"timestamp":1777113037335}
{"sessionId":"366302","runId":"pre-fix","hypothesisId":"H4","location":"FileViewFinder.php:find","message":"view find called","data":{"name":"filament::components.input.wrapper"},"timestamp":1777113037335}
{"sessionId":"366302","runId":"pre-fix","hypothesisId":"H4","location":"FileViewFinder.php:find","message":"view find called","data":{"name":"filament::components.input.wrapper"},"timestamp":1777113037641}
{"sessionId":"366302","runId":"pre-fix","hypothesisId":"H4","location":"FileViewFinder.php:find","message":"view find called","data":{"name":"<?php extract((new \\Illuminate\\Support\\Collection($attributes->getAttributes()))->mapWithKeys(function ($value, $key) { return [Illuminate\\Support\\Str::camel(str_replace([':', '.'], ' ', $key)) => $value]; })->all(), EXTR_SKIP); ?>\n@props(['field'])\n<x-filament-forms::field-wrapper :field=\"$field\" >\n\n{{ $slot ?? \"\" }}\n</x-filament-forms::field-wrapper>"},"timestamp":1777113037641}
{"sessionId":"366302","runId":"pre-fix","hypothesisId":"H4","location":"FileViewFinder.php:find","message":"view find called","data":{"name":"__components::884d3416ba71745f64da4c2f0e691b0f"},"timestamp":1777113037646}
{"sessionId":"366302","runId":"pre-fix","hypothesisId":"H2","location":"ComponentTagCompiler.php:componentString","message":"component tag compiled","data":{"component":"filament-forms::field-wrapper"},"timestamp":1777113037660}
{"sessionId":"366302","runId":"pre-fix","hypothesisId":"H3","location":"ComponentTagCompiler.php:guessAnonymousComponentUsingNamespaces","message":"checking anonymous component namespaces","data":{"component":"filament-forms::field-wrapper","registeredNamespaces":[]},"timestamp":1777113037661}
{"sessionId":"366302","runId":"pre-fix","hypothesisId":"H4","location":"FileViewFinder.php:find","message":"view find called","data":{"name":"filament-forms::components.field-wrapper"},"timestamp":1777113037661}
{"sessionId":"366302","runId":"pre-fix","hypothesisId":"H4","location":"FileViewFinder.php:find","message":"view find called","data":{"name":"filament-forms::components.field-wrapper"},"timestamp":1777113037801}
{"sessionId":"366302","runId":"pre-fix","hypothesisId":"H4","location":"FileViewFinder.php:find","message":"view find called","data":{"name":"filament-forms::components.text-input"},"timestamp":1777113037803}
{"sessionId":"366302","runId":"pre-fix","hypothesisId":"H4","location":"FileViewFinder.php:find","message":"view find called","data":{"name":"filament::components.input.wrapper"},"timestamp":1777113037804}
{"sessionId":"366302","runId":"pre-fix","hypothesisId":"H4","location":"FileViewFinder.php:find","message":"view find called","data":{"name":"__components::7efa8d8730e6e64b895c482f47ff6151"},"timestamp":1777113037805}
{"sessionId":"366302","runId":"pre-fix","hypothesisId":"H4","location":"FileViewFinder.php:find","message":"view find called","data":{"name":"filament-forms::components.field-wrapper"},"timestamp":1777113037806}
{"sessionId":"366302","runId":"pre-fix","hypothesisId":"H4","location":"FileViewFinder.php:find","message":"view find called","data":{"name":"filament-forms::components.text-input"},"timestamp":1777113037807}
{"sessionId":"366302","runId":"pre-fix","hypothesisId":"H4","location":"FileViewFinder.php:find","message":"view find called","data":{"name":"filament::components.input.wrapper"},"timestamp":1777113037808}
{"sessionId":"366302","runId":"pre-fix","hypothesisId":"H4","location":"FileViewFinder.php:find","message":"view find called","data":{"name":"__components::7efa8d8730e6e64b895c482f47ff6151"},"timestamp":1777113037810}
{"sessionId":"366302","runId":"pre-fix","hypothesisId":"H4","location":"FileViewFinder.php:find","message":"view find called","data":{"name":"filament-forms::components.field-wrapper"},"timestamp":1777113037811}
{"sessionId":"366302","runId":"pre-fix","hypothesisId":"H4","location":"FileViewFinder.php:find","message":"view find called","data":{"name":"filament-forms::components.text-input"},"timestamp":1777113037812}
{"sessionId":"366302","runId":"pre-fix","hypothesisId":"H4","location":"FileViewFinder.php:find","message":"view find called","data":{"name":"filament::components.input.wrapper"},"timestamp":1777113037813}
{"sessionId":"366302","runId":"pre-fix","hypothesisId":"H4","location":"FileViewFinder.php:find","message":"view find called","data":{"name":"__components::7efa8d8730e6e64b895c482f47ff6151"},"timestamp":1777113037814}
{"sessionId":"366302","runId":"pre-fix","hypothesisId":"H4","location":"FileViewFinder.php:find","message":"view find called","data":{"name":"filament-forms::components.field-wrapper"},"timestamp":1777113037814}
{"sessionId":"366302","runId":"pre-fix","hypothesisId":"H4","location":"FileViewFinder.php:find","message":"view find called","data":{"name":"filament::components.section.index"},"timestamp":1777113037815}
{"sessionId":"366302","runId":"pre-fix","hypothesisId":"H4","location":"FileViewFinder.php:find","message":"view find called","data":{"name":"filament-schemas::components.actions"},"timestamp":1777113037818}
{"sessionId":"366302","runId":"pre-fix","hypothesisId":"H4","location":"FileViewFinder.php:find","message":"view find called","data":{"name":"filament::components.actions"},"timestamp":1777113037820}
{"sessionId":"366302","runId":"pre-fix","hypothesisId":"H4","location":"FileViewFinder.php:find","message":"view find called","data":{"name":"filament::components.actions"},"timestamp":1777113037821}
{"sessionId":"366302","runId":"pre-fix","hypothesisId":"H4","location":"FileViewFinder.php:find","message":"view find called","data":{"name":"filament-panels::components.page.index"},"timestamp":1777113037823}
{"sessionId":"366302","runId":"pre-fix","hypothesisId":"H4","location":"FileViewFinder.php:find","message":"view find called","data":{"name":"filament-panels::components.header.index"},"timestamp":1777113037825}
{"sessionId":"366302","runId":"pre-fix","hypothesisId":"H4","location":"FileViewFinder.php:find","message":"view find called","data":{"name":"filament-panels::components.header.index"},"timestamp":1777113037826}
{"sessionId":"366302","runId":"pre-fix","hypothesisId":"H4","location":"FileViewFinder.php:find","message":"view find called","data":{"name":"filament::components.breadcrumbs"},"timestamp":1777113037827}
{"sessionId":"366302","runId":"pre-fix","hypothesisId":"H4","location":"FileViewFinder.php:find","message":"view find called","data":{"name":"filament::components.breadcrumbs"},"timestamp":1777113037827}
{"sessionId":"366302","runId":"pre-fix","hypothesisId":"H4","location":"FileViewFinder.php:find","message":"view find called","data":{"name":"filament::components.actions"},"timestamp":1777113037830}
{"sessionId":"366302","runId":"pre-fix","hypothesisId":"H4","location":"FileViewFinder.php:find","message":"view find called","data":{"name":"filament-actions::components.modals"},"timestamp":1777113037833}
{"sessionId":"366302","runId":"pre-fix","hypothesisId":"H4","location":"FileViewFinder.php:find","message":"view find called","data":{"name":"filament-actions::components.modals"},"timestamp":1777113037833}
{"sessionId":"366302","runId":"pre-fix","hypothesisId":"H4","location":"FileViewFinder.php:find","message":"view find called","data":{"name":"filament-panels::components.unsaved-action-changes-alert"},"timestamp":1777113037834}
{"sessionId":"366302","runId":"pre-fix","hypothesisId":"H4","location":"FileViewFinder.php:find","message":"view find called","data":{"name":"filament-panels::components.unsaved-action-changes-alert"},"timestamp":1777113037835}
{"sessionId":"366302","runId":"pre-fix","hypothesisId":"H4","location":"FileViewFinder.php:find","message":"view find called","data":{"name":"    <?php $layout->viewContext->mergeIntoNewEnvironment($__env); ?>\n\n    @component($layout->view, $layout->params)\n        @slot($layout->slotOrSection)\n            {!! $content !!}\n        @endslot\n\n        <?php\n        // Manually forward slots defined in the Livewire template into the layout component...\n        foreach ($layout->viewContext->slots[-1] ?? [] as $name => $slot) {\n            $__env->slot($name, attributes: $slot->attributes->getAttributes());\n            echo $slot->toHtml();\n            $__env->endSlot();\n        }\n        ?>\n    @endcomponent"},"timestamp":1777113037868}
{"sessionId":"366302","runId":"pre-fix","hypothesisId":"H4","location":"FileViewFinder.php:find","message":"view find called","data":{"name":"__components::4943bc92ebba41e8b0e508149542e0ad"},"timestamp":1777113037870}
{"sessionId":"366302","runId":"pre-fix","hypothesisId":"H4","location":"FileViewFinder.php:find","message":"view find called","data":{"name":"filament-panels::components.layout.index"},"timestamp":1777113037872}
{"sessionId":"366302","runId":"pre-fix","hypothesisId":"H4","location":"FileViewFinder.php:find","message":"view find called","data":{"name":"filament-panels::components.layout.base"},"timestamp":1777113037873}
{"sessionId":"366302","runId":"pre-fix","hypothesisId":"H4","location":"FileViewFinder.php:find","message":"view find called","data":{"name":"filament-panels::livewire.topbar"},"timestamp":1777113037877}
{"sessionId":"366302","runId":"pre-fix","hypothesisId":"H4","location":"FileViewFinder.php:find","message":"view find called","data":{"name":"filament::components.icon-button"},"timestamp":1777113037878}
{"sessionId":"366302","runId":"pre-fix","hypothesisId":"H4","location":"FileViewFinder.php:find","message":"view find called","data":{"name":"filament::components.icon-button"},"timestamp":1777113037879}
{"sessionId":"366302","runId":"pre-fix","hypothesisId":"H4","location":"FileViewFinder.php:find","message":"view find called","data":{"name":"filament::components.icon-button"},"timestamp":1777113037880}
{"sessionId":"366302","runId":"pre-fix","hypothesisId":"H4","location":"FileViewFinder.php:find","message":"view find called","data":{"name":"filament-panels::components.logo"},"timestamp":1777113037882}
{"sessionId":"366302","runId":"pre-fix","hypothesisId":"H4","location":"FileViewFinder.php:find","message":"view find called","data":{"name":"filament-panels::components.logo"},"timestamp":1777113037882}
{"sessionId":"366302","runId":"pre-fix","hypothesisId":"H4","location":"FileViewFinder.php:find","message":"view find called","data":{"name":"filament-panels::components.user-menu"},"timestamp":1777113037884}
{"sessionId":"366302","runId":"pre-fix","hypothesisId":"H4","location":"FileViewFinder.php:find","message":"view find called","data":{"name":"filament-panels::components.user-menu"},"timestamp":1777113037884}
{"sessionId":"366302","runId":"pre-fix","hypothesisId":"H4","location":"FileViewFinder.php:find","message":"view find called","data":{"name":"filament::components.dropdown.index"},"timestamp":1777113037885}
{"sessionId":"366302","runId":"pre-fix","hypothesisId":"H4","location":"FileViewFinder.php:find","message":"view find called","data":{"name":"filament-panels::components.avatar.user"},"timestamp":1777113037886}
{"sessionId":"366302","runId":"pre-fix","hypothesisId":"H4","location":"FileViewFinder.php:find","message":"view find called","data":{"name":"filament-panels::components.avatar.user"},"timestamp":1777113037887}
{"sessionId":"366302","runId":"pre-fix","hypothesisId":"H4","location":"FileViewFinder.php:find","message":"view find called","data":{"name":"filament::components.avatar"},"timestamp":1777113037888}
{"sessionId":"366302","runId":"pre-fix","hypothesisId":"H4","location":"FileViewFinder.php:find","message":"view find called","data":{"name":"filament::components.avatar"},"timestamp":1777113037889}
{"sessionId":"366302","runId":"pre-fix","hypothesisId":"H4","location":"FileViewFinder.php:find","message":"view find called","data":{"name":"filament::components.dropdown.header"},"timestamp":1777113037889}
{"sessionId":"366302","runId":"pre-fix","hypothesisId":"H4","location":"FileViewFinder.php:find","message":"view find called","data":{"name":"filament::components.dropdown.header"},"timestamp":1777113037890}
{"sessionId":"366302","runId":"pre-fix","hypothesisId":"H4","location":"FileViewFinder.php:find","message":"view find called","data":{"name":"filament::components.dropdown.list.index"},"timestamp":1777113037892}
{"sessionId":"366302","runId":"pre-fix","hypothesisId":"H4","location":"FileViewFinder.php:find","message":"view find called","data":{"name":"filament-panels::components.theme-switcher.index"},"timestamp":1777113037893}
{"sessionId":"366302","runId":"pre-fix","hypothesisId":"H4","location":"FileViewFinder.php:find","message":"view find called","data":{"name":"filament-panels::components.theme-switcher.index"},"timestamp":1777113037893}
{"sessionId":"366302","runId":"pre-fix","hypothesisId":"H4","location":"FileViewFinder.php:find","message":"view find called","data":{"name":"filament-panels::components.theme-switcher.button"},"timestamp":1777113037894}
{"sessionId":"366302","runId":"pre-fix","hypothesisId":"H4","location":"FileViewFinder.php:find","message":"view find called","data":{"name":"filament-panels::components.theme-switcher.button"},"timestamp":1777113037895}
{"sessionId":"366302","runId":"pre-fix","hypothesisId":"H4","location":"FileViewFinder.php:find","message":"view find called","data":{"name":"filament-panels::components.theme-switcher.button"},"timestamp":1777113037896}
{"sessionId":"366302","runId":"pre-fix","hypothesisId":"H4","location":"FileViewFinder.php:find","message":"view find called","data":{"name":"filament-panels::components.theme-switcher.button"},"timestamp":1777113037897}
{"sessionId":"366302","runId":"pre-fix","hypothesisId":"H4","location":"FileViewFinder.php:find","message":"view find called","data":{"name":"filament::components.dropdown.list.index"},"timestamp":1777113037898}
{"sessionId":"366302","runId":"pre-fix","hypothesisId":"H4","location":"FileViewFinder.php:find","message":"view find called","data":{"name":"filament::components.dropdown.list.index"},"timestamp":1777113037900}
{"sessionId":"366302","runId":"pre-fix","hypothesisId":"H4","location":"FileViewFinder.php:find","message":"view find called","data":{"name":"filament::components.dropdown.index"},"timestamp":1777113037901}
{"sessionId":"366302","runId":"pre-fix","hypothesisId":"H4","location":"FileViewFinder.php:find","message":"view find called","data":{"name":"filament-actions::components.modals"},"timestamp":1777113037902}
{"sessionId":"366302","runId":"pre-fix","hypothesisId":"H4","location":"FileViewFinder.php:find","message":"view find called","data":{"name":"filament-panels::livewire.sidebar"},"timestamp":1777113037906}
{"sessionId":"366302","runId":"pre-fix","hypothesisId":"H4","location":"FileViewFinder.php:find","message":"view find called","data":{"name":"filament-panels::components.logo"},"timestamp":1777113037910}
{"sessionId":"366302","runId":"pre-fix","hypothesisId":"H4","location":"FileViewFinder.php:find","message":"view find called","data":{"name":"filament-panels::components.sidebar.group"},"timestamp":1777113037911}
{"sessionId":"366302","runId":"pre-fix","hypothesisId":"H4","location":"FileViewFinder.php:find","message":"view find called","data":{"name":"filament-panels::components.sidebar.group"},"timestamp":1777113037911}
{"sessionId":"366302","runId":"pre-fix","hypothesisId":"H4","location":"FileViewFinder.php:find","message":"view find called","data":{"name":"filament-panels::components.sidebar.item"},"timestamp":1777113037912}
{"sessionId":"366302","runId":"pre-fix","hypothesisId":"H4","location":"FileViewFinder.php:find","message":"view find called","data":{"name":"filament-panels::components.sidebar.item"},"timestamp":1777113037913}
{"sessionId":"366302","runId":"pre-fix","hypothesisId":"H4","location":"FileViewFinder.php:find","message":"view find called","data":{"name":"filament-panels::components.sidebar.item"},"timestamp":1777113037915}
{"sessionId":"366302","runId":"pre-fix","hypothesisId":"H4","location":"FileViewFinder.php:find","message":"view find called","data":{"name":"filament-actions::components.modals"},"timestamp":1777113037916}
{"sessionId":"366302","runId":"pre-fix","hypothesisId":"H4","location":"FileViewFinder.php:find","message":"view find called","data":{"name":"filament-panels::components.layout.base"},"timestamp":1777113037918}
{"sessionId":"366302","runId":"pre-fix","hypothesisId":"H4","location":"FileViewFinder.php:find","message":"view find called","data":{"name":"filament::assets"},"timestamp":1777113037919}
{"sessionId":"366302","runId":"pre-fix","hypothesisId":"H4","location":"FileViewFinder.php:find","message":"view find called","data":{"name":"filament-notifications::notifications"},"timestamp":1777113037922}
{"sessionId":"366302","runId":"pre-fix","hypothesisId":"H4","location":"FileViewFinder.php:find","message":"view find called","data":{"name":"filament::assets"},"timestamp":1777113037925}
{"sessionId":"366302","runId":"pre-fix","hypothesisId":"H4","location":"FileViewFinder.php:find","message":"view find called","data":{"name":"filament-panels::pages.page"},"timestamp":1777113074874}
{"sessionId":"366302","runId":"pre-fix","hypothesisId":"H4","location":"FileViewFinder.php:find","message":"view find called","data":{"name":"filament-panels::components.page.index"},"timestamp":1777113074877}
{"sessionId":"366302","runId":"pre-fix","hypothesisId":"H4","location":"FileViewFinder.php:find","message":"view find called","data":{"name":"filament-schemas::components.form"},"timestamp":1777113074878}
{"sessionId":"366302","runId":"pre-fix","hypothesisId":"H4","location":"FileViewFinder.php:find","message":"view find called","data":{"name":"filament-schemas::components.section"},"timestamp":1777113074881}
{"sessionId":"366302","runId":"pre-fix","hypothesisId":"H4","location":"FileViewFinder.php:find","message":"view find called","data":{"name":"filament::components.section.index"},"timestamp":1777113074884}
{"sessionId":"366302","runId":"pre-fix","hypothesisId":"H4","location":"FileViewFinder.php:find","message":"view find called","data":{"name":"filament-forms::components.file-upload"},"timestamp":1777113074885}
{"sessionId":"366302","runId":"pre-fix","hypothesisId":"H3","location":"ComponentTagCompiler.php:guessAnonymousComponentUsingNamespaces","message":"checking anonymous component namespaces","data":{"component":"filament-forms::field-wrapper","registeredNamespaces":[]},"timestamp":1777113074890}
{"sessionId":"366302","runId":"pre-fix","hypothesisId":"H4","location":"FileViewFinder.php:find","message":"view find called","data":{"name":"filament-forms::components.field-wrapper"},"timestamp":1777113074890}
{"sessionId":"366302","runId":"pre-fix","hypothesisId":"H4","location":"FileViewFinder.php:find","message":"view find called","data":{"name":"<?php extract((new \\Illuminate\\Support\\Collection($attributes->getAttributes()))->mapWithKeys(function ($value, $key) { return [Illuminate\\Support\\Str::camel(str_replace([':', '.'], ' ', $key)) => $value]; })->all(), EXTR_SKIP); ?>\n@props(['field','labelTag'])\n<x-filament-forms::field-wrapper :field=\"$field\" :label-tag=\"$labelTag\" >\n\n{{ $slot ?? \"\" }}\n</x-filament-forms::field-wrapper>"},"timestamp":1777113074891}
{"sessionId":"366302","runId":"pre-fix","hypothesisId":"H4","location":"FileViewFinder.php:find","message":"view find called","data":{"name":"__components::55a357bbd0ec6bf7e58e877a518d9959"},"timestamp":1777113074892}
{"sessionId":"366302","runId":"pre-fix","hypothesisId":"H2","location":"ComponentTagCompiler.php:componentString","message":"component tag compiled","data":{"component":"filament-forms::field-wrapper"},"timestamp":1777113074893}
{"sessionId":"366302","runId":"pre-fix","hypothesisId":"H3","location":"ComponentTagCompiler.php:guessAnonymousComponentUsingNamespaces","message":"checking anonymous component namespaces","data":{"component":"filament-forms::field-wrapper","registeredNamespaces":[]},"timestamp":1777113074893}
{"sessionId":"366302","runId":"pre-fix","hypothesisId":"H4","location":"FileViewFinder.php:find","message":"view find called","data":{"name":"filament-forms::components.field-wrapper"},"timestamp":1777113074894}
{"sessionId":"366302","runId":"pre-fix","hypothesisId":"H4","location":"FileViewFinder.php:find","message":"view find called","data":{"name":"filament-forms::components.field-wrapper"},"timestamp":1777113074896}
{"sessionId":"366302","runId":"pre-fix","hypothesisId":"H4","location":"FileViewFinder.php:find","message":"view find called","data":{"name":"filament-forms::components.field-wrapper"},"timestamp":1777113074897}
{"sessionId":"366302","runId":"pre-fix","hypothesisId":"H4","location":"FileViewFinder.php:find","message":"view find called","data":{"name":"filament-forms::components.file-upload"},"timestamp":1777113074899}
{"sessionId":"366302","runId":"pre-fix","hypothesisId":"H4","location":"FileViewFinder.php:find","message":"view find called","data":{"name":"__components::55a357bbd0ec6bf7e58e877a518d9959"},"timestamp":1777113074900}
{"sessionId":"366302","runId":"pre-fix","hypothesisId":"H4","location":"FileViewFinder.php:find","message":"view find called","data":{"name":"filament-forms::components.field-wrapper"},"timestamp":1777113074900}
{"sessionId":"366302","runId":"pre-fix","hypothesisId":"H4","location":"FileViewFinder.php:find","message":"view find called","data":{"name":"filament-forms::components.text-input"},"timestamp":1777113074901}
{"sessionId":"366302","runId":"pre-fix","hypothesisId":"H4","location":"FileViewFinder.php:find","message":"view find called","data":{"name":"filament::components.input.wrapper"},"timestamp":1777113074903}
{"sessionId":"366302","runId":"pre-fix","hypothesisId":"H4","location":"FileViewFinder.php:find","message":"view find called","data":{"name":"filament::components.input.wrapper"},"timestamp":1777113074903}
{"sessionId":"366302","runId":"pre-fix","hypothesisId":"H4","location":"FileViewFinder.php:find","message":"view find called","data":{"name":"<?php extract((new \\Illuminate\\Support\\Collection($attributes->getAttributes()))->mapWithKeys(function ($value, $key) { return [Illuminate\\Support\\Str::camel(str_replace([':', '.'], ' ', $key)) => $value]; })->all(), EXTR_SKIP); ?>\n@props(['field','inlineLabelVerticalAlignment'])\n<x-filament-forms::field-wrapper :field=\"$field\" :inline-label-vertical-alignment=\"$inlineLabelVerticalAlignment\" >\n\n{{ $slot ?? \"\" }}\n</x-filament-forms::field-wrapper>"},"timestamp":1777113074905}
{"sessionId":"366302","runId":"pre-fix","hypothesisId":"H4","location":"FileViewFinder.php:find","message":"view find called","data":{"name":"__components::7efa8d8730e6e64b895c482f47ff6151"},"timestamp":1777113074906}
{"sessionId":"366302","runId":"pre-fix","hypothesisId":"H2","location":"ComponentTagCompiler.php:componentString","message":"component tag compiled","data":{"component":"filament-forms::field-wrapper"},"timestamp":1777113074906}
{"sessionId":"366302","runId":"pre-fix","hypothesisId":"H3","location":"ComponentTagCompiler.php:guessAnonymousComponentUsingNamespaces","message":"checking anonymous component namespaces","data":{"component":"filament-forms::field-wrapper","registeredNamespaces":[]},"timestamp":1777113074907}
{"sessionId":"366302","runId":"pre-fix","hypothesisId":"H4","location":"FileViewFinder.php:find","message":"view find called","data":{"name":"filament-forms::components.field-wrapper"},"timestamp":1777113074907}
{"sessionId":"366302","runId":"pre-fix","hypothesisId":"H4","location":"FileViewFinder.php:find","message":"view find called","data":{"name":"filament-forms::components.field-wrapper"},"timestamp":1777113074909}
{"sessionId":"366302","runId":"pre-fix","hypothesisId":"H4","location":"FileViewFinder.php:find","message":"view find called","data":{"name":"filament-forms::components.text-input"},"timestamp":1777113074910}
{"sessionId":"366302","runId":"pre-fix","hypothesisId":"H4","location":"FileViewFinder.php:find","message":"view find called","data":{"name":"filament::components.input.wrapper"},"timestamp":1777113074911}
{"sessionId":"366302","runId":"pre-fix","hypothesisId":"H4","location":"FileViewFinder.php:find","message":"view find called","data":{"name":"__components::7efa8d8730e6e64b895c482f47ff6151"},"timestamp":1777113074912}
{"sessionId":"366302","runId":"pre-fix","hypothesisId":"H4","location":"FileViewFinder.php:find","message":"view find called","data":{"name":"filament-forms::components.field-wrapper"},"timestamp":1777113074913}
{"sessionId":"366302","runId":"pre-fix","hypothesisId":"H4","location":"FileViewFinder.php:find","message":"view find called","data":{"name":"filament-forms::components.text-input"},"timestamp":1777113074914}
{"sessionId":"366302","runId":"pre-fix","hypothesisId":"H4","location":"FileViewFinder.php:find","message":"view find called","data":{"name":"filament::components.input.wrapper"},"timestamp":1777113074915}
{"sessionId":"366302","runId":"pre-fix","hypothesisId":"H4","location":"FileViewFinder.php:find","message":"view find called","data":{"name":"__components::7efa8d8730e6e64b895c482f47ff6151"},"timestamp":1777113074916}
{"sessionId":"366302","runId":"pre-fix","hypothesisId":"H4","location":"FileViewFinder.php:find","message":"view find called","data":{"name":"filament-forms::components.field-wrapper"},"timestamp":1777113074916}
{"sessionId":"366302","runId":"pre-fix","hypothesisId":"H4","location":"FileViewFinder.php:find","message":"view find called","data":{"name":"filament-forms::components.tags-input"},"timestamp":1777113074917}
{"sessionId":"366302","runId":"pre-fix","hypothesisId":"H4","location":"FileViewFinder.php:find","message":"view find called","data":{"name":"filament::components.badge"},"timestamp":1777113074921}
{"sessionId":"366302","runId":"pre-fix","hypothesisId":"H4","location":"FileViewFinder.php:find","message":"view find called","data":{"name":"filament::components.badge"},"timestamp":1777113074922}
{"sessionId":"366302","runId":"pre-fix","hypothesisId":"H4","location":"FileViewFinder.php:find","message":"view find called","data":{"name":"filament::components.input.wrapper"},"timestamp":1777113074926}
{"sessionId":"366302","runId":"pre-fix","hypothesisId":"H4","location":"FileViewFinder.php:find","message":"view find called","data":{"name":"<?php extract((new \\Illuminate\\Support\\Collection($attributes->getAttributes()))->mapWithKeys(function ($value, $key) { return [Illuminate\\Support\\Str::camel(str_replace([':', '.'], ' ', $key)) => $value]; })->all(), EXTR_SKIP); ?>\n@props(['field','class'])\n<x-filament-forms::field-wrapper :field=\"$field\" :class=\"$class\" >\n\n{{ $slot ?? \"\" }}\n</x-filament-forms::field-wrapper>"},"timestamp":1777113074927}
{"sessionId":"366302","runId":"pre-fix","hypothesisId":"H4","location":"FileViewFinder.php:find","message":"view find called","data":{"name":"__components::68f47f66e70b2e3ce46d62572c8b8660"},"timestamp":1777113074927}
{"sessionId":"366302","runId":"pre-fix","hypothesisId":"H2","location":"ComponentTagCompiler.php:componentString","message":"component tag compiled","data":{"component":"filament-forms::field-wrapper"},"timestamp":1777113074929}
{"sessionId":"366302","runId":"pre-fix","hypothesisId":"H3","location":"ComponentTagCompiler.php:guessAnonymousComponentUsingNamespaces","message":"checking anonymous component namespaces","data":{"component":"filament-forms::field-wrapper","registeredNamespaces":[]},"timestamp":1777113074930}
{"sessionId":"366302","runId":"pre-fix","hypothesisId":"H4","location":"FileViewFinder.php:find","message":"view find called","data":{"name":"filament-forms::components.field-wrapper"},"timestamp":1777113074930}
{"sessionId":"366302","runId":"pre-fix","hypothesisId":"H4","location":"FileViewFinder.php:find","message":"view find called","data":{"name":"filament-forms::components.field-wrapper"},"timestamp":1777113074932}
{"sessionId":"366302","runId":"pre-fix","hypothesisId":"H4","location":"FileViewFinder.php:find","message":"view find called","data":{"name":"filament-forms::components.markdown-editor"},"timestamp":1777113074933}
{"sessionId":"366302","runId":"pre-fix","hypothesisId":"H4","location":"FileViewFinder.php:find","message":"view find called","data":{"name":"filament::components.input.wrapper"},"timestamp":1777113074936}
{"sessionId":"366302","runId":"pre-fix","hypothesisId":"H4","location":"FileViewFinder.php:find","message":"view find called","data":{"name":"<?php extract((new \\Illuminate\\Support\\Collection($attributes->getAttributes()))->mapWithKeys(function ($value, $key) { return [Illuminate\\Support\\Str::camel(str_replace([':', '.'], ' ', $key)) => $value]; })->all(), EXTR_SKIP); ?>\n@props(['field'])\n<x-filament-forms::field-wrapper :field=\"$field\" >\n\n{{ $slot ?? \"\" }}\n</x-filament-forms::field-wrapper>"},"timestamp":1777113074937}
{"sessionId":"366302","runId":"pre-fix","hypothesisId":"H4","location":"FileViewFinder.php:find","message":"view find called","data":{"name":"__components::884d3416ba71745f64da4c2f0e691b0f"},"timestamp":1777113074937}
{"sessionId":"366302","runId":"pre-fix","hypothesisId":"H2","location":"ComponentTagCompiler.php:componentString","message":"component tag compiled","data":{"component":"filament-forms::field-wrapper"},"timestamp":1777113074939}
{"sessionId":"366302","runId":"pre-fix","hypothesisId":"H3","location":"ComponentTagCompiler.php:guessAnonymousComponentUsingNamespaces","message":"checking anonymous component namespaces","data":{"component":"filament-forms::field-wrapper","registeredNamespaces":[]},"timestamp":1777113074939}
{"sessionId":"366302","runId":"pre-fix","hypothesisId":"H4","location":"FileViewFinder.php:find","message":"view find called","data":{"name":"filament-forms::components.field-wrapper"},"timestamp":1777113074939}
{"sessionId":"366302","runId":"pre-fix","hypothesisId":"H4","location":"FileViewFinder.php:find","message":"view find called","data":{"name":"filament-forms::components.field-wrapper"},"timestamp":1777113074941}
{"sessionId":"366302","runId":"pre-fix","hypothesisId":"H4","location":"FileViewFinder.php:find","message":"view find called","data":{"name":"filament-forms::components.text-input"},"timestamp":1777113074942}
{"sessionId":"366302","runId":"pre-fix","hypothesisId":"H4","location":"FileViewFinder.php:find","message":"view find called","data":{"name":"filament::components.input.wrapper"},"timestamp":1777113074943}
{"sessionId":"366302","runId":"pre-fix","hypothesisId":"H4","location":"FileViewFinder.php:find","message":"view find called","data":{"name":"__components::7efa8d8730e6e64b895c482f47ff6151"},"timestamp":1777113074944}
{"sessionId":"366302","runId":"pre-fix","hypothesisId":"H4","location":"FileViewFinder.php:find","message":"view find called","data":{"name":"filament-forms::components.field-wrapper"},"timestamp":1777113074945}
{"sessionId":"366302","runId":"pre-fix","hypothesisId":"H4","location":"FileViewFinder.php:find","message":"view find called","data":{"name":"filament-forms::components.text-input"},"timestamp":1777113074946}
{"sessionId":"366302","runId":"pre-fix","hypothesisId":"H4","location":"FileViewFinder.php:find","message":"view find called","data":{"name":"filament::components.input.wrapper"},"timestamp":1777113074947}
{"sessionId":"366302","runId":"pre-fix","hypothesisId":"H4","location":"FileViewFinder.php:find","message":"view find called","data":{"name":"__components::7efa8d8730e6e64b895c482f47ff6151"},"timestamp":1777113074949}
{"sessionId":"366302","runId":"pre-fix","hypothesisId":"H4","location":"FileViewFinder.php:find","message":"view find called","data":{"name":"filament-forms::components.field-wrapper"},"timestamp":1777113074949}
{"sessionId":"366302","runId":"pre-fix","hypothesisId":"H4","location":"FileViewFinder.php:find","message":"view find called","data":{"name":"filament-forms::components.text-input"},"timestamp":1777113074951}
{"sessionId":"366302","runId":"pre-fix","hypothesisId":"H4","location":"FileViewFinder.php:find","message":"view find called","data":{"name":"filament::components.input.wrapper"},"timestamp":1777113074952}
{"sessionId":"366302","runId":"pre-fix","hypothesisId":"H4","location":"FileViewFinder.php:find","message":"view find called","data":{"name":"__components::7efa8d8730e6e64b895c482f47ff6151"},"timestamp":1777113074953}
{"sessionId":"366302","runId":"pre-fix","hypothesisId":"H4","location":"FileViewFinder.php:find","message":"view find called","data":{"name":"filament-forms::components.field-wrapper"},"timestamp":1777113074953}
{"sessionId":"366302","runId":"pre-fix","hypothesisId":"H4","location":"FileViewFinder.php:find","message":"view find called","data":{"name":"filament::components.section.index"},"timestamp":1777113074954}
{"sessionId":"366302","runId":"pre-fix","hypothesisId":"H4","location":"FileViewFinder.php:find","message":"view find called","data":{"name":"filament-schemas::components.actions"},"timestamp":1777113074956}
{"sessionId":"366302","runId":"pre-fix","hypothesisId":"H4","location":"FileViewFinder.php:find","message":"view find called","data":{"name":"filament::components.actions"},"timestamp":1777113074957}
{"sessionId":"366302","runId":"pre-fix","hypothesisId":"H4","location":"FileViewFinder.php:find","message":"view find called","data":{"name":"filament::components.actions"},"timestamp":1777113074958}
{"sessionId":"366302","runId":"pre-fix","hypothesisId":"H4","location":"FileViewFinder.php:find","message":"view find called","data":{"name":"filament-panels::components.page.index"},"timestamp":1777113074960}
{"sessionId":"366302","runId":"pre-fix","hypothesisId":"H4","location":"FileViewFinder.php:find","message":"view find called","data":{"name":"filament-panels::components.header.index"},"timestamp":1777113074961}
{"sessionId":"366302","runId":"pre-fix","hypothesisId":"H4","location":"FileViewFinder.php:find","message":"view find called","data":{"name":"filament-panels::components.header.index"},"timestamp":1777113074962}
{"sessionId":"366302","runId":"pre-fix","hypothesisId":"H4","location":"FileViewFinder.php:find","message":"view find called","data":{"name":"filament::components.breadcrumbs"},"timestamp":1777113074963}
{"sessionId":"366302","runId":"pre-fix","hypothesisId":"H4","location":"FileViewFinder.php:find","message":"view find called","data":{"name":"filament::components.breadcrumbs"},"timestamp":1777113074964}
{"sessionId":"366302","runId":"pre-fix","hypothesisId":"H4","location":"FileViewFinder.php:find","message":"view find called","data":{"name":"filament::components.actions"},"timestamp":1777113074966}
{"sessionId":"366302","runId":"pre-fix","hypothesisId":"H4","location":"FileViewFinder.php:find","message":"view find called","data":{"name":"filament-actions::components.modals"},"timestamp":1777113074968}
{"sessionId":"366302","runId":"pre-fix","hypothesisId":"H4","location":"FileViewFinder.php:find","message":"view find called","data":{"name":"filament-actions::components.modals"},"timestamp":1777113074968}
{"sessionId":"366302","runId":"pre-fix","hypothesisId":"H4","location":"FileViewFinder.php:find","message":"view find called","data":{"name":"filament-panels::components.unsaved-action-changes-alert"},"timestamp":1777113074970}
{"sessionId":"366302","runId":"pre-fix","hypothesisId":"H4","location":"FileViewFinder.php:find","message":"view find called","data":{"name":"filament-panels::components.unsaved-action-changes-alert"},"timestamp":1777113074970}
{"sessionId":"366302","runId":"pre-fix","hypothesisId":"H4","location":"FileViewFinder.php:find","message":"view find called","data":{"name":"filament-notifications::notifications"},"timestamp":1777113075176}
{"sessionId":"366302","runId":"pre-fix","hypothesisId":"H4","location":"FileViewFinder.php:find","message":"view find called","data":{"name":"filament-panels::pages.page"},"timestamp":1777113078687}
{"sessionId":"366302","runId":"pre-fix","hypothesisId":"H4","location":"FileViewFinder.php:find","message":"view find called","data":{"name":"filament-panels::components.page.index"},"timestamp":1777113078690}
{"sessionId":"366302","runId":"pre-fix","hypothesisId":"H4","location":"FileViewFinder.php:find","message":"view find called","data":{"name":"filament-tables::index"},"timestamp":1777113078698}
{"sessionId":"366302","runId":"pre-fix","hypothesisId":"H4","location":"FileViewFinder.php:find","message":"view find called","data":{"name":"filament-tables::components.search-field"},"timestamp":1777113078732}
{"sessionId":"366302","runId":"pre-fix","hypothesisId":"H4","location":"FileViewFinder.php:find","message":"view find called","data":{"name":"filament-tables::components.search-field"},"timestamp":1777113078733}
{"sessionId":"366302","runId":"pre-fix","hypothesisId":"H4","location":"FileViewFinder.php:find","message":"view find called","data":{"name":"filament::components.input.wrapper"},"timestamp":1777113078735}
{"sessionId":"366302","runId":"pre-fix","hypothesisId":"H4","location":"FileViewFinder.php:find","message":"view find called","data":{"name":"filament::components.input.index"},"timestamp":1777113078736}
{"sessionId":"366302","runId":"pre-fix","hypothesisId":"H4","location":"FileViewFinder.php:find","message":"view find called","data":{"name":"filament::components.input.index"},"timestamp":1777113078736}
{"sessionId":"366302","runId":"pre-fix","hypothesisId":"H4","location":"FileViewFinder.php:find","message":"view find called","data":{"name":"filament::components.input.wrapper"},"timestamp":1777113078738}
{"sessionId":"366302","runId":"pre-fix","hypothesisId":"H4","location":"FileViewFinder.php:find","message":"view find called","data":{"name":"filament::components.link"},"timestamp":1777113078740}
{"sessionId":"366302","runId":"pre-fix","hypothesisId":"H4","location":"FileViewFinder.php:find","message":"view find called","data":{"name":"filament::components.link"},"timestamp":1777113078741}
{"sessionId":"366302","runId":"pre-fix","hypothesisId":"H4","location":"FileViewFinder.php:find","message":"view find called","data":{"name":"filament::components.link"},"timestamp":1777113078743}
{"sessionId":"366302","runId":"pre-fix","hypothesisId":"H4","location":"FileViewFinder.php:find","message":"view find called","data":{"name":"filament::components.pagination.index"},"timestamp":1777113078793}
{"sessionId":"366302","runId":"pre-fix","hypothesisId":"H4","location":"FileViewFinder.php:find","message":"view find called","data":{"name":"filament::components.pagination.index"},"timestamp":1777113078794}
{"sessionId":"366302","runId":"pre-fix","hypothesisId":"H4","location":"FileViewFinder.php:find","message":"view find called","data":{"name":"filament::components.input.select"},"timestamp":1777113078799}
{"sessionId":"366302","runId":"pre-fix","hypothesisId":"H4","location":"FileViewFinder.php:find","message":"view find called","data":{"name":"filament::components.input.select"},"timestamp":1777113078800}
{"sessionId":"366302","runId":"pre-fix","hypothesisId":"H4","location":"FileViewFinder.php:find","message":"view find called","data":{"name":"filament::components.input.wrapper"},"timestamp":1777113078801}
{"sessionId":"366302","runId":"pre-fix","hypothesisId":"H4","location":"FileViewFinder.php:find","message":"view find called","data":{"name":"filament::components.input.select"},"timestamp":1777113078803}
{"sessionId":"366302","runId":"pre-fix","hypothesisId":"H4","location":"FileViewFinder.php:find","message":"view find called","data":{"name":"filament::components.input.wrapper"},"timestamp":1777113078804}
{"sessionId":"366302","runId":"pre-fix","hypothesisId":"H4","location":"FileViewFinder.php:find","message":"view find called","data":{"name":"filament::components.button.index"},"timestamp":1777113078804}
{"sessionId":"366302","runId":"pre-fix","hypothesisId":"H4","location":"FileViewFinder.php:find","message":"view find called","data":{"name":"filament::components.button.index"},"timestamp":1777113078806}
{"sessionId":"366302","runId":"pre-fix","hypothesisId":"H4","location":"FileViewFinder.php:find","message":"view find called","data":{"name":"livewire::tailwind"},"timestamp":1777113078807}
{"sessionId":"366302","runId":"pre-fix","hypothesisId":"H4","location":"FileViewFinder.php:find","message":"view find called","data":{"name":"filament::components.pagination.item"},"timestamp":1777113078808}
{"sessionId":"366302","runId":"pre-fix","hypothesisId":"H4","location":"FileViewFinder.php:find","message":"view find called","data":{"name":"filament::components.pagination.item"},"timestamp":1777113078810}
{"sessionId":"366302","runId":"pre-fix","hypothesisId":"H4","location":"FileViewFinder.php:find","message":"view find called","data":{"name":"filament::components.pagination.item"},"timestamp":1777113078812}
{"sessionId":"366302","runId":"pre-fix","hypothesisId":"H4","location":"FileViewFinder.php:find","message":"view find called","data":{"name":"filament::components.pagination.item"},"timestamp":1777113078813}
{"sessionId":"366302","runId":"pre-fix","hypothesisId":"H4","location":"FileViewFinder.php:find","message":"view find called","data":{"name":"filament::components.pagination.item"},"timestamp":1777113078814}
{"sessionId":"366302","runId":"pre-fix","hypothesisId":"H4","location":"FileViewFinder.php:find","message":"view find called","data":{"name":"filament::components.pagination.item"},"timestamp":1777113078815}
{"sessionId":"366302","runId":"pre-fix","hypothesisId":"H4","location":"FileViewFinder.php:find","message":"view find called","data":{"name":"filament::components.pagination.item"},"timestamp":1777113078816}
{"sessionId":"366302","runId":"pre-fix","hypothesisId":"H4","location":"FileViewFinder.php:find","message":"view find called","data":{"name":"filament::components.pagination.item"},"timestamp":1777113078817}
{"sessionId":"366302","runId":"pre-fix","hypothesisId":"H4","location":"FileViewFinder.php:find","message":"view find called","data":{"name":"filament-actions::components.modals"},"timestamp":1777113078818}
{"sessionId":"366302","runId":"pre-fix","hypothesisId":"H4","location":"FileViewFinder.php:find","message":"view find called","data":{"name":"filament-actions::components.modals"},"timestamp":1777113078818}
{"sessionId":"366302","runId":"pre-fix","hypothesisId":"H4","location":"FileViewFinder.php:find","message":"view find called","data":{"name":"filament-panels::components.page.index"},"timestamp":1777113078820}
{"sessionId":"366302","runId":"pre-fix","hypothesisId":"H4","location":"FileViewFinder.php:find","message":"view find called","data":{"name":"filament-panels::components.header.index"},"timestamp":1777113078822}
{"sessionId":"366302","runId":"pre-fix","hypothesisId":"H4","location":"FileViewFinder.php:find","message":"view find called","data":{"name":"filament-panels::components.header.index"},"timestamp":1777113078822}
{"sessionId":"366302","runId":"pre-fix","hypothesisId":"H4","location":"FileViewFinder.php:find","message":"view find called","data":{"name":"filament::components.breadcrumbs"},"timestamp":1777113078823}
{"sessionId":"366302","runId":"pre-fix","hypothesisId":"H4","location":"FileViewFinder.php:find","message":"view find called","data":{"name":"filament::components.breadcrumbs"},"timestamp":1777113078824}
{"sessionId":"366302","runId":"pre-fix","hypothesisId":"H4","location":"FileViewFinder.php:find","message":"view find called","data":{"name":"filament::components.actions"},"timestamp":1777113078825}
{"sessionId":"366302","runId":"pre-fix","hypothesisId":"H4","location":"FileViewFinder.php:find","message":"view find called","data":{"name":"filament::components.actions"},"timestamp":1777113078825}
{"sessionId":"366302","runId":"pre-fix","hypothesisId":"H4","location":"FileViewFinder.php:find","message":"view find called","data":{"name":"filament-panels::components.unsaved-action-changes-alert"},"timestamp":1777113078829}
{"sessionId":"366302","runId":"pre-fix","hypothesisId":"H4","location":"FileViewFinder.php:find","message":"view find called","data":{"name":"filament-panels::components.unsaved-action-changes-alert"},"timestamp":1777113078829}
{"sessionId":"366302","runId":"pre-fix","hypothesisId":"H4","location":"FileViewFinder.php:find","message":"view find called","data":{"name":"    <?php $layout->viewContext->mergeIntoNewEnvironment($__env); ?>\n\n    @component($layout->view, $layout->params)\n        @slot($layout->slotOrSection)\n            {!! $content !!}\n        @endslot\n\n        <?php\n        // Manually forward slots defined in the Livewire template into the layout component...\n        foreach ($layout->viewContext->slots[-1] ?? [] as $name => $slot) {\n            $__env->slot($name, attributes: $slot->attributes->getAttributes());\n            echo $slot->toHtml();\n            $__env->endSlot();\n        }\n        ?>\n    @endcomponent"},"timestamp":1777113078838}
{"sessionId":"366302","runId":"pre-fix","hypothesisId":"H4","location":"FileViewFinder.php:find","message":"view find called","data":{"name":"__components::4943bc92ebba41e8b0e508149542e0ad"},"timestamp":1777113078840}
{"sessionId":"366302","runId":"pre-fix","hypothesisId":"H4","location":"FileViewFinder.php:find","message":"view find called","data":{"name":"filament-panels::components.layout.index"},"timestamp":1777113078842}
{"sessionId":"366302","runId":"pre-fix","hypothesisId":"H4","location":"FileViewFinder.php:find","message":"view find called","data":{"name":"filament-panels::components.layout.base"},"timestamp":1777113078844}
{"sessionId":"366302","runId":"pre-fix","hypothesisId":"H4","location":"FileViewFinder.php:find","message":"view find called","data":{"name":"filament-panels::livewire.topbar"},"timestamp":1777113078847}
{"sessionId":"366302","runId":"pre-fix","hypothesisId":"H4","location":"FileViewFinder.php:find","message":"view find called","data":{"name":"filament::components.icon-button"},"timestamp":1777113078848}
{"sessionId":"366302","runId":"pre-fix","hypothesisId":"H4","location":"FileViewFinder.php:find","message":"view find called","data":{"name":"filament::components.icon-button"},"timestamp":1777113078849}
{"sessionId":"366302","runId":"pre-fix","hypothesisId":"H4","location":"FileViewFinder.php:find","message":"view find called","data":{"name":"filament::components.icon-button"},"timestamp":1777113078851}
{"sessionId":"366302","runId":"pre-fix","hypothesisId":"H4","location":"FileViewFinder.php:find","message":"view find called","data":{"name":"filament-panels::components.logo"},"timestamp":1777113078853}
{"sessionId":"366302","runId":"pre-fix","hypothesisId":"H4","location":"FileViewFinder.php:find","message":"view find called","data":{"name":"filament-panels::components.logo"},"timestamp":1777113078854}
{"sessionId":"366302","runId":"pre-fix","hypothesisId":"H4","location":"FileViewFinder.php:find","message":"view find called","data":{"name":"filament-panels::components.user-menu"},"timestamp":1777113078856}
{"sessionId":"366302","runId":"pre-fix","hypothesisId":"H4","location":"FileViewFinder.php:find","message":"view find called","data":{"name":"filament-panels::components.user-menu"},"timestamp":1777113078857}
{"sessionId":"366302","runId":"pre-fix","hypothesisId":"H4","location":"FileViewFinder.php:find","message":"view find called","data":{"name":"filament::components.dropdown.index"},"timestamp":1777113078857}
{"sessionId":"366302","runId":"pre-fix","hypothesisId":"H4","location":"FileViewFinder.php:find","message":"view find called","data":{"name":"filament-panels::components.avatar.user"},"timestamp":1777113078858}
{"sessionId":"366302","runId":"pre-fix","hypothesisId":"H4","location":"FileViewFinder.php:find","message":"view find called","data":{"name":"filament-panels::components.avatar.user"},"timestamp":1777113078859}
{"sessionId":"366302","runId":"pre-fix","hypothesisId":"H4","location":"FileViewFinder.php:find","message":"view find called","data":{"name":"filament::components.avatar"},"timestamp":1777113078861}
{"sessionId":"366302","runId":"pre-fix","hypothesisId":"H4","location":"FileViewFinder.php:find","message":"view find called","data":{"name":"filament::components.avatar"},"timestamp":1777113078862}
{"sessionId":"366302","runId":"pre-fix","hypothesisId":"H4","location":"FileViewFinder.php:find","message":"view find called","data":{"name":"filament::components.dropdown.header"},"timestamp":1777113078863}
{"sessionId":"366302","runId":"pre-fix","hypothesisId":"H4","location":"FileViewFinder.php:find","message":"view find called","data":{"name":"filament::components.dropdown.header"},"timestamp":1777113078863}
{"sessionId":"366302","runId":"pre-fix","hypothesisId":"H4","location":"FileViewFinder.php:find","message":"view find called","data":{"name":"filament::components.dropdown.list.index"},"timestamp":1777113078865}
{"sessionId":"366302","runId":"pre-fix","hypothesisId":"H4","location":"FileViewFinder.php:find","message":"view find called","data":{"name":"filament-panels::components.theme-switcher.index"},"timestamp":1777113078865}
{"sessionId":"366302","runId":"pre-fix","hypothesisId":"H4","location":"FileViewFinder.php:find","message":"view find called","data":{"name":"filament-panels::components.theme-switcher.index"},"timestamp":1777113078866}
{"sessionId":"366302","runId":"pre-fix","hypothesisId":"H4","location":"FileViewFinder.php:find","message":"view find called","data":{"name":"filament-panels::components.theme-switcher.button"},"timestamp":1777113078867}
{"sessionId":"366302","runId":"pre-fix","hypothesisId":"H4","location":"FileViewFinder.php:find","message":"view find called","data":{"name":"filament-panels::components.theme-switcher.button"},"timestamp":1777113078867}
{"sessionId":"366302","runId":"pre-fix","hypothesisId":"H4","location":"FileViewFinder.php:find","message":"view find called","data":{"name":"filament-panels::components.theme-switcher.button"},"timestamp":1777113078869}
{"sessionId":"366302","runId":"pre-fix","hypothesisId":"H4","location":"FileViewFinder.php:find","message":"view find called","data":{"name":"filament-panels::components.theme-switcher.button"},"timestamp":1777113078870}
{"sessionId":"366302","runId":"pre-fix","hypothesisId":"H4","location":"FileViewFinder.php:find","message":"view find called","data":{"name":"filament::components.dropdown.list.index"},"timestamp":1777113078871}
{"sessionId":"366302","runId":"pre-fix","hypothesisId":"H4","location":"FileViewFinder.php:find","message":"view find called","data":{"name":"filament::components.dropdown.list.index"},"timestamp":1777113078873}
{"sessionId":"366302","runId":"pre-fix","hypothesisId":"H4","location":"FileViewFinder.php:find","message":"view find called","data":{"name":"filament::components.dropdown.index"},"timestamp":1777113078873}
{"sessionId":"366302","runId":"pre-fix","hypothesisId":"H4","location":"FileViewFinder.php:find","message":"view find called","data":{"name":"filament-actions::components.modals"},"timestamp":1777113078874}
{"sessionId":"366302","runId":"pre-fix","hypothesisId":"H4","location":"FileViewFinder.php:find","message":"view find called","data":{"name":"filament-panels::livewire.sidebar"},"timestamp":1777113078880}
{"sessionId":"366302","runId":"pre-fix","hypothesisId":"H4","location":"FileViewFinder.php:find","message":"view find called","data":{"name":"filament-panels::components.logo"},"timestamp":1777113078883}
{"sessionId":"366302","runId":"pre-fix","hypothesisId":"H4","location":"FileViewFinder.php:find","message":"view find called","data":{"name":"filament-panels::components.sidebar.group"},"timestamp":1777113078885}
{"sessionId":"366302","runId":"pre-fix","hypothesisId":"H4","location":"FileViewFinder.php:find","message":"view find called","data":{"name":"filament-panels::components.sidebar.group"},"timestamp":1777113078885}
{"sessionId":"366302","runId":"pre-fix","hypothesisId":"H4","location":"FileViewFinder.php:find","message":"view find called","data":{"name":"filament-panels::components.sidebar.item"},"timestamp":1777113078886}
{"sessionId":"366302","runId":"pre-fix","hypothesisId":"H4","location":"FileViewFinder.php:find","message":"view find called","data":{"name":"filament-panels::components.sidebar.item"},"timestamp":1777113078887}
{"sessionId":"366302","runId":"pre-fix","hypothesisId":"H4","location":"FileViewFinder.php:find","message":"view find called","data":{"name":"filament-panels::components.sidebar.item"},"timestamp":1777113078889}
{"sessionId":"366302","runId":"pre-fix","hypothesisId":"H4","location":"FileViewFinder.php:find","message":"view find called","data":{"name":"filament-actions::components.modals"},"timestamp":1777113078890}
{"sessionId":"366302","runId":"pre-fix","hypothesisId":"H4","location":"FileViewFinder.php:find","message":"view find called","data":{"name":"filament-panels::components.layout.base"},"timestamp":1777113078893}
{"sessionId":"366302","runId":"pre-fix","hypothesisId":"H4","location":"FileViewFinder.php:find","message":"view find called","data":{"name":"filament::assets"},"timestamp":1777113078894}
{"sessionId":"366302","runId":"pre-fix","hypothesisId":"H4","location":"FileViewFinder.php:find","message":"view find called","data":{"name":"filament-notifications::notifications"},"timestamp":1777113078898}
{"sessionId":"366302","runId":"pre-fix","hypothesisId":"H4","location":"FileViewFinder.php:find","message":"view find called","data":{"name":"filament::assets"},"timestamp":1777113078901}
{"sessionId":"366302","runId":"pre-fix","hypothesisId":"H4","location":"FileViewFinder.php:find","message":"view find called","data":{"name":"filament-notifications::notifications"},"timestamp":1777113082128}
{"sessionId":"366302","runId":"pre-fix","hypothesisId":"H4","location":"FileViewFinder.php:find","message":"view find called","data":{"name":"filament-panels::pages.page"},"timestamp":1777113082579}
{"sessionId":"366302","runId":"pre-fix","hypothesisId":"H4","location":"FileViewFinder.php:find","message":"view find called","data":{"name":"filament-panels::components.page.index"},"timestamp":1777113082580}
{"sessionId":"366302","runId":"pre-fix","hypothesisId":"H4","location":"FileViewFinder.php:find","message":"view find called","data":{"name":"filament-schemas::components.form"},"timestamp":1777113082583}
{"sessionId":"366302","runId":"pre-fix","hypothesisId":"H4","location":"FileViewFinder.php:find","message":"view find called","data":{"name":"filament-schemas::components.section"},"timestamp":1777113082585}
{"sessionId":"366302","runId":"pre-fix","hypothesisId":"H4","location":"FileViewFinder.php:find","message":"view find called","data":{"name":"filament::components.section.index"},"timestamp":1777113082586}
{"sessionId":"366302","runId":"pre-fix","hypothesisId":"H4","location":"FileViewFinder.php:find","message":"view find called","data":{"name":"filament-forms::components.file-upload"},"timestamp":1777113082588}
{"sessionId":"366302","runId":"pre-fix","hypothesisId":"H3","location":"ComponentTagCompiler.php:guessAnonymousComponentUsingNamespaces","message":"checking anonymous component namespaces","data":{"component":"filament-forms::field-wrapper","registeredNamespaces":[]},"timestamp":1777113082591}
{"sessionId":"366302","runId":"pre-fix","hypothesisId":"H4","location":"FileViewFinder.php:find","message":"view find called","data":{"name":"filament-forms::components.field-wrapper"},"timestamp":1777113082591}
{"sessionId":"366302","runId":"pre-fix","hypothesisId":"H4","location":"FileViewFinder.php:find","message":"view find called","data":{"name":"<?php extract((new \\Illuminate\\Support\\Collection($attributes->getAttributes()))->mapWithKeys(function ($value, $key) { return [Illuminate\\Support\\Str::camel(str_replace([':', '.'], ' ', $key)) => $value]; })->all(), EXTR_SKIP); ?>\n@props(['field','labelTag'])\n<x-filament-forms::field-wrapper :field=\"$field\" :label-tag=\"$labelTag\" >\n\n{{ $slot ?? \"\" }}\n</x-filament-forms::field-wrapper>"},"timestamp":1777113082592}
{"sessionId":"366302","runId":"pre-fix","hypothesisId":"H4","location":"FileViewFinder.php:find","message":"view find called","data":{"name":"__components::55a357bbd0ec6bf7e58e877a518d9959"},"timestamp":1777113082593}
{"sessionId":"366302","runId":"pre-fix","hypothesisId":"H2","location":"ComponentTagCompiler.php:componentString","message":"component tag compiled","data":{"component":"filament-forms::field-wrapper"},"timestamp":1777113082594}
{"sessionId":"366302","runId":"pre-fix","hypothesisId":"H3","location":"ComponentTagCompiler.php:guessAnonymousComponentUsingNamespaces","message":"checking anonymous component namespaces","data":{"component":"filament-forms::field-wrapper","registeredNamespaces":[]},"timestamp":1777113082594}
{"sessionId":"366302","runId":"pre-fix","hypothesisId":"H4","location":"FileViewFinder.php:find","message":"view find called","data":{"name":"filament-forms::components.field-wrapper"},"timestamp":1777113082595}
{"sessionId":"366302","runId":"pre-fix","hypothesisId":"H4","location":"FileViewFinder.php:find","message":"view find called","data":{"name":"filament-forms::components.field-wrapper"},"timestamp":1777113082596}
{"sessionId":"366302","runId":"pre-fix","hypothesisId":"H4","location":"FileViewFinder.php:find","message":"view find called","data":{"name":"filament-forms::components.field-wrapper"},"timestamp":1777113082596}
{"sessionId":"366302","runId":"pre-fix","hypothesisId":"H4","location":"FileViewFinder.php:find","message":"view find called","data":{"name":"filament-forms::components.file-upload"},"timestamp":1777113082598}
{"sessionId":"366302","runId":"pre-fix","hypothesisId":"H4","location":"FileViewFinder.php:find","message":"view find called","data":{"name":"__components::55a357bbd0ec6bf7e58e877a518d9959"},"timestamp":1777113082599}
{"sessionId":"366302","runId":"pre-fix","hypothesisId":"H4","location":"FileViewFinder.php:find","message":"view find called","data":{"name":"filament-forms::components.field-wrapper"},"timestamp":1777113082599}
{"sessionId":"366302","runId":"pre-fix","hypothesisId":"H4","location":"FileViewFinder.php:find","message":"view find called","data":{"name":"filament-forms::components.text-input"},"timestamp":1777113082601}
{"sessionId":"366302","runId":"pre-fix","hypothesisId":"H4","location":"FileViewFinder.php:find","message":"view find called","data":{"name":"filament::components.input.wrapper"},"timestamp":1777113082602}
{"sessionId":"366302","runId":"pre-fix","hypothesisId":"H4","location":"FileViewFinder.php:find","message":"view find called","data":{"name":"filament::components.input.wrapper"},"timestamp":1777113082602}
{"sessionId":"366302","runId":"pre-fix","hypothesisId":"H4","location":"FileViewFinder.php:find","message":"view find called","data":{"name":"<?php extract((new \\Illuminate\\Support\\Collection($attributes->getAttributes()))->mapWithKeys(function ($value, $key) { return [Illuminate\\Support\\Str::camel(str_replace([':', '.'], ' ', $key)) => $value]; })->all(), EXTR_SKIP); ?>\n@props(['field','inlineLabelVerticalAlignment'])\n<x-filament-forms::field-wrapper :field=\"$field\" :inline-label-vertical-alignment=\"$inlineLabelVerticalAlignment\" >\n\n{{ $slot ?? \"\" }}\n</x-filament-forms::field-wrapper>"},"timestamp":1777113082603}
{"sessionId":"366302","runId":"pre-fix","hypothesisId":"H4","location":"FileViewFinder.php:find","message":"view find called","data":{"name":"__components::7efa8d8730e6e64b895c482f47ff6151"},"timestamp":1777113082604}
{"sessionId":"366302","runId":"pre-fix","hypothesisId":"H2","location":"ComponentTagCompiler.php:componentString","message":"component tag compiled","data":{"component":"filament-forms::field-wrapper"},"timestamp":1777113082605}
{"sessionId":"366302","runId":"pre-fix","hypothesisId":"H3","location":"ComponentTagCompiler.php:guessAnonymousComponentUsingNamespaces","message":"checking anonymous component namespaces","data":{"component":"filament-forms::field-wrapper","registeredNamespaces":[]},"timestamp":1777113082606}
{"sessionId":"366302","runId":"pre-fix","hypothesisId":"H4","location":"FileViewFinder.php:find","message":"view find called","data":{"name":"filament-forms::components.field-wrapper"},"timestamp":1777113082606}
{"sessionId":"366302","runId":"pre-fix","hypothesisId":"H4","location":"FileViewFinder.php:find","message":"view find called","data":{"name":"filament-forms::components.field-wrapper"},"timestamp":1777113082608}
{"sessionId":"366302","runId":"pre-fix","hypothesisId":"H4","location":"FileViewFinder.php:find","message":"view find called","data":{"name":"filament-forms::components.text-input"},"timestamp":1777113082609}
{"sessionId":"366302","runId":"pre-fix","hypothesisId":"H4","location":"FileViewFinder.php:find","message":"view find called","data":{"name":"filament::components.input.wrapper"},"timestamp":1777113082610}
{"sessionId":"366302","runId":"pre-fix","hypothesisId":"H4","location":"FileViewFinder.php:find","message":"view find called","data":{"name":"__components::7efa8d8730e6e64b895c482f47ff6151"},"timestamp":1777113082610}
{"sessionId":"366302","runId":"pre-fix","hypothesisId":"H4","location":"FileViewFinder.php:find","message":"view find called","data":{"name":"filament-forms::components.field-wrapper"},"timestamp":1777113082611}
{"sessionId":"366302","runId":"pre-fix","hypothesisId":"H4","location":"FileViewFinder.php:find","message":"view find called","data":{"name":"filament-forms::components.text-input"},"timestamp":1777113082612}
{"sessionId":"366302","runId":"pre-fix","hypothesisId":"H4","location":"FileViewFinder.php:find","message":"view find called","data":{"name":"filament::components.input.wrapper"},"timestamp":1777113082613}
{"sessionId":"366302","runId":"pre-fix","hypothesisId":"H4","location":"FileViewFinder.php:find","message":"view find called","data":{"name":"__components::7efa8d8730e6e64b895c482f47ff6151"},"timestamp":1777113082614}
{"sessionId":"366302","runId":"pre-fix","hypothesisId":"H4","location":"FileViewFinder.php:find","message":"view find called","data":{"name":"filament-forms::components.field-wrapper"},"timestamp":1777113082614}
{"sessionId":"366302","runId":"pre-fix","hypothesisId":"H4","location":"FileViewFinder.php:find","message":"view find called","data":{"name":"filament-forms::components.tags-input"},"timestamp":1777113082615}
{"sessionId":"366302","runId":"pre-fix","hypothesisId":"H4","location":"FileViewFinder.php:find","message":"view find called","data":{"name":"filament::components.badge"},"timestamp":1777113082618}
{"sessionId":"366302","runId":"pre-fix","hypothesisId":"H4","location":"FileViewFinder.php:find","message":"view find called","data":{"name":"filament::components.badge"},"timestamp":1777113082619}
{"sessionId":"366302","runId":"pre-fix","hypothesisId":"H4","location":"FileViewFinder.php:find","message":"view find called","data":{"name":"filament::components.input.wrapper"},"timestamp":1777113082621}
{"sessionId":"366302","runId":"pre-fix","hypothesisId":"H4","location":"FileViewFinder.php:find","message":"view find called","data":{"name":"<?php extract((new \\Illuminate\\Support\\Collection($attributes->getAttributes()))->mapWithKeys(function ($value, $key) { return [Illuminate\\Support\\Str::camel(str_replace([':', '.'], ' ', $key)) => $value]; })->all(), EXTR_SKIP); ?>\n@props(['field','class'])\n<x-filament-forms::field-wrapper :field=\"$field\" :class=\"$class\" >\n\n{{ $slot ?? \"\" }}\n</x-filament-forms::field-wrapper>"},"timestamp":1777113082622}
{"sessionId":"366302","runId":"pre-fix","hypothesisId":"H4","location":"FileViewFinder.php:find","message":"view find called","data":{"name":"__components::68f47f66e70b2e3ce46d62572c8b8660"},"timestamp":1777113082622}
{"sessionId":"366302","runId":"pre-fix","hypothesisId":"H2","location":"ComponentTagCompiler.php:componentString","message":"component tag compiled","data":{"component":"filament-forms::field-wrapper"},"timestamp":1777113082623}
{"sessionId":"366302","runId":"pre-fix","hypothesisId":"H3","location":"ComponentTagCompiler.php:guessAnonymousComponentUsingNamespaces","message":"checking anonymous component namespaces","data":{"component":"filament-forms::field-wrapper","registeredNamespaces":[]},"timestamp":1777113082624}
{"sessionId":"366302","runId":"pre-fix","hypothesisId":"H4","location":"FileViewFinder.php:find","message":"view find called","data":{"name":"filament-forms::components.field-wrapper"},"timestamp":1777113082624}
{"sessionId":"366302","runId":"pre-fix","hypothesisId":"H4","location":"FileViewFinder.php:find","message":"view find called","data":{"name":"filament-forms::components.field-wrapper"},"timestamp":1777113082626}
{"sessionId":"366302","runId":"pre-fix","hypothesisId":"H4","location":"FileViewFinder.php:find","message":"view find called","data":{"name":"filament-forms::components.markdown-editor"},"timestamp":1777113082627}
{"sessionId":"366302","runId":"pre-fix","hypothesisId":"H4","location":"FileViewFinder.php:find","message":"view find called","data":{"name":"filament::components.input.wrapper"},"timestamp":1777113082628}
{"sessionId":"366302","runId":"pre-fix","hypothesisId":"H4","location":"FileViewFinder.php:find","message":"view find called","data":{"name":"<?php extract((new \\Illuminate\\Support\\Collection($attributes->getAttributes()))->mapWithKeys(function ($value, $key) { return [Illuminate\\Support\\Str::camel(str_replace([':', '.'], ' ', $key)) => $value]; })->all(), EXTR_SKIP); ?>\n@props(['field'])\n<x-filament-forms::field-wrapper :field=\"$field\" >\n\n{{ $slot ?? \"\" }}\n</x-filament-forms::field-wrapper>"},"timestamp":1777113082629}
{"sessionId":"366302","runId":"pre-fix","hypothesisId":"H4","location":"FileViewFinder.php:find","message":"view find called","data":{"name":"__components::884d3416ba71745f64da4c2f0e691b0f"},"timestamp":1777113082629}
{"sessionId":"366302","runId":"pre-fix","hypothesisId":"H2","location":"ComponentTagCompiler.php:componentString","message":"component tag compiled","data":{"component":"filament-forms::field-wrapper"},"timestamp":1777113082630}
{"sessionId":"366302","runId":"pre-fix","hypothesisId":"H3","location":"ComponentTagCompiler.php:guessAnonymousComponentUsingNamespaces","message":"checking anonymous component namespaces","data":{"component":"filament-forms::field-wrapper","registeredNamespaces":[]},"timestamp":1777113082631}
{"sessionId":"366302","runId":"pre-fix","hypothesisId":"H4","location":"FileViewFinder.php:find","message":"view find called","data":{"name":"filament-forms::components.field-wrapper"},"timestamp":1777113082631}
{"sessionId":"366302","runId":"pre-fix","hypothesisId":"H4","location":"FileViewFinder.php:find","message":"view find called","data":{"name":"filament-forms::components.field-wrapper"},"timestamp":1777113082632}
{"sessionId":"366302","runId":"pre-fix","hypothesisId":"H4","location":"FileViewFinder.php:find","message":"view find called","data":{"name":"filament-forms::components.text-input"},"timestamp":1777113082633}
{"sessionId":"366302","runId":"pre-fix","hypothesisId":"H4","location":"FileViewFinder.php:find","message":"view find called","data":{"name":"filament::components.input.wrapper"},"timestamp":1777113082634}
{"sessionId":"366302","runId":"pre-fix","hypothesisId":"H4","location":"FileViewFinder.php:find","message":"view find called","data":{"name":"__components::7efa8d8730e6e64b895c482f47ff6151"},"timestamp":1777113082635}
{"sessionId":"366302","runId":"pre-fix","hypothesisId":"H4","location":"FileViewFinder.php:find","message":"view find called","data":{"name":"filament-forms::components.field-wrapper"},"timestamp":1777113082636}
{"sessionId":"366302","runId":"pre-fix","hypothesisId":"H4","location":"FileViewFinder.php:find","message":"view find called","data":{"name":"filament-forms::components.text-input"},"timestamp":1777113082637}
{"sessionId":"366302","runId":"pre-fix","hypothesisId":"H4","location":"FileViewFinder.php:find","message":"view find called","data":{"name":"filament::components.input.wrapper"},"timestamp":1777113082638}
{"sessionId":"366302","runId":"pre-fix","hypothesisId":"H4","location":"FileViewFinder.php:find","message":"view find called","data":{"name":"__components::7efa8d8730e6e64b895c482f47ff6151"},"timestamp":1777113082639}
{"sessionId":"366302","runId":"pre-fix","hypothesisId":"H4","location":"FileViewFinder.php:find","message":"view find called","data":{"name":"filament-forms::components.field-wrapper"},"timestamp":1777113082639}
{"sessionId":"366302","runId":"pre-fix","hypothesisId":"H4","location":"FileViewFinder.php:find","message":"view find called","data":{"name":"filament-forms::components.text-input"},"timestamp":1777113082641}
{"sessionId":"366302","runId":"pre-fix","hypothesisId":"H4","location":"FileViewFinder.php:find","message":"view find called","data":{"name":"filament::components.input.wrapper"},"timestamp":1777113082642}
{"sessionId":"366302","runId":"pre-fix","hypothesisId":"H4","location":"FileViewFinder.php:find","message":"view find called","data":{"name":"__components::7efa8d8730e6e64b895c482f47ff6151"},"timestamp":1777113082643}
{"sessionId":"366302","runId":"pre-fix","hypothesisId":"H4","location":"FileViewFinder.php:find","message":"view find called","data":{"name":"filament-forms::components.field-wrapper"},"timestamp":1777113082643}
{"sessionId":"366302","runId":"pre-fix","hypothesisId":"H4","location":"FileViewFinder.php:find","message":"view find called","data":{"name":"filament::components.section.index"},"timestamp":1777113082644}
{"sessionId":"366302","runId":"pre-fix","hypothesisId":"H4","location":"FileViewFinder.php:find","message":"view find called","data":{"name":"filament-schemas::components.actions"},"timestamp":1777113082645}
{"sessionId":"366302","runId":"pre-fix","hypothesisId":"H4","location":"FileViewFinder.php:find","message":"view find called","data":{"name":"filament::components.actions"},"timestamp":1777113082647}
{"sessionId":"366302","runId":"pre-fix","hypothesisId":"H4","location":"FileViewFinder.php:find","message":"view find called","data":{"name":"filament::components.actions"},"timestamp":1777113082647}
{"sessionId":"366302","runId":"pre-fix","hypothesisId":"H4","location":"FileViewFinder.php:find","message":"view find called","data":{"name":"filament-panels::components.page.index"},"timestamp":1777113082650}
{"sessionId":"366302","runId":"pre-fix","hypothesisId":"H4","location":"FileViewFinder.php:find","message":"view find called","data":{"name":"filament-panels::components.header.index"},"timestamp":1777113082651}
{"sessionId":"366302","runId":"pre-fix","hypothesisId":"H4","location":"FileViewFinder.php:find","message":"view find called","data":{"name":"filament-panels::components.header.index"},"timestamp":1777113082652}
{"sessionId":"366302","runId":"pre-fix","hypothesisId":"H4","location":"FileViewFinder.php:find","message":"view find called","data":{"name":"filament::components.breadcrumbs"},"timestamp":1777113082653}
{"sessionId":"366302","runId":"pre-fix","hypothesisId":"H4","location":"FileViewFinder.php:find","message":"view find called","data":{"name":"filament::components.breadcrumbs"},"timestamp":1777113082653}
{"sessionId":"366302","runId":"pre-fix","hypothesisId":"H4","location":"FileViewFinder.php:find","message":"view find called","data":{"name":"filament::components.actions"},"timestamp":1777113082655}
{"sessionId":"366302","runId":"pre-fix","hypothesisId":"H4","location":"FileViewFinder.php:find","message":"view find called","data":{"name":"filament-actions::components.modals"},"timestamp":1777113082657}
{"sessionId":"366302","runId":"pre-fix","hypothesisId":"H4","location":"FileViewFinder.php:find","message":"view find called","data":{"name":"filament-actions::components.modals"},"timestamp":1777113082658}
{"sessionId":"366302","runId":"pre-fix","hypothesisId":"H4","location":"FileViewFinder.php:find","message":"view find called","data":{"name":"filament-panels::components.unsaved-action-changes-alert"},"timestamp":1777113082659}
{"sessionId":"366302","runId":"pre-fix","hypothesisId":"H4","location":"FileViewFinder.php:find","message":"view find called","data":{"name":"filament-panels::components.unsaved-action-changes-alert"},"timestamp":1777113082659}
{"sessionId":"366302","runId":"pre-fix","hypothesisId":"H4","location":"FileViewFinder.php:find","message":"view find called","data":{"name":"    <?php $layout->viewContext->mergeIntoNewEnvironment($__env); ?>\n\n    @component($layout->view, $layout->params)\n        @slot($layout->slotOrSection)\n            {!! $content !!}\n        @endslot\n\n        <?php\n        // Manually forward slots defined in the Livewire template into the layout component...\n        foreach ($layout->viewContext->slots[-1] ?? [] as $name => $slot) {\n            $__env->slot($name, attributes: $slot->attributes->getAttributes());\n            echo $slot->toHtml();\n            $__env->endSlot();\n        }\n        ?>\n    @endcomponent"},"timestamp":1777113082664}
{"sessionId":"366302","runId":"pre-fix","hypothesisId":"H4","location":"FileViewFinder.php:find","message":"view find called","data":{"name":"__components::4943bc92ebba41e8b0e508149542e0ad"},"timestamp":1777113082665}
{"sessionId":"366302","runId":"pre-fix","hypothesisId":"H4","location":"FileViewFinder.php:find","message":"view find called","data":{"name":"filament-panels::components.layout.index"},"timestamp":1777113082667}
{"sessionId":"366302","runId":"pre-fix","hypothesisId":"H4","location":"FileViewFinder.php:find","message":"view find called","data":{"name":"filament-panels::components.layout.base"},"timestamp":1777113082668}
{"sessionId":"366302","runId":"pre-fix","hypothesisId":"H4","location":"FileViewFinder.php:find","message":"view find called","data":{"name":"filament-panels::livewire.topbar"},"timestamp":1777113082670}
{"sessionId":"366302","runId":"pre-fix","hypothesisId":"H4","location":"FileViewFinder.php:find","message":"view find called","data":{"name":"filament::components.icon-button"},"timestamp":1777113082672}
{"sessionId":"366302","runId":"pre-fix","hypothesisId":"H4","location":"FileViewFinder.php:find","message":"view find called","data":{"name":"filament::components.icon-button"},"timestamp":1777113082673}
{"sessionId":"366302","runId":"pre-fix","hypothesisId":"H4","location":"FileViewFinder.php:find","message":"view find called","data":{"name":"filament::components.icon-button"},"timestamp":1777113082675}
{"sessionId":"366302","runId":"pre-fix","hypothesisId":"H4","location":"FileViewFinder.php:find","message":"view find called","data":{"name":"filament-panels::components.logo"},"timestamp":1777113082676}
{"sessionId":"366302","runId":"pre-fix","hypothesisId":"H4","location":"FileViewFinder.php:find","message":"view find called","data":{"name":"filament-panels::components.logo"},"timestamp":1777113082677}
{"sessionId":"366302","runId":"pre-fix","hypothesisId":"H4","location":"FileViewFinder.php:find","message":"view find called","data":{"name":"filament-panels::components.user-menu"},"timestamp":1777113082679}
{"sessionId":"366302","runId":"pre-fix","hypothesisId":"H4","location":"FileViewFinder.php:find","message":"view find called","data":{"name":"filament-panels::components.user-menu"},"timestamp":1777113082679}
{"sessionId":"366302","runId":"pre-fix","hypothesisId":"H4","location":"FileViewFinder.php:find","message":"view find called","data":{"name":"filament::components.dropdown.index"},"timestamp":1777113082680}
{"sessionId":"366302","runId":"pre-fix","hypothesisId":"H4","location":"FileViewFinder.php:find","message":"view find called","data":{"name":"filament-panels::components.avatar.user"},"timestamp":1777113082681}
{"sessionId":"366302","runId":"pre-fix","hypothesisId":"H4","location":"FileViewFinder.php:find","message":"view find called","data":{"name":"filament-panels::components.avatar.user"},"timestamp":1777113082682}
{"sessionId":"366302","runId":"pre-fix","hypothesisId":"H4","location":"FileViewFinder.php:find","message":"view find called","data":{"name":"filament::components.avatar"},"timestamp":1777113082683}
{"sessionId":"366302","runId":"pre-fix","hypothesisId":"H4","location":"FileViewFinder.php:find","message":"view find called","data":{"name":"filament::components.avatar"},"timestamp":1777113082684}
{"sessionId":"366302","runId":"pre-fix","hypothesisId":"H4","location":"FileViewFinder.php:find","message":"view find called","data":{"name":"filament::components.dropdown.header"},"timestamp":1777113082685}
{"sessionId":"366302","runId":"pre-fix","hypothesisId":"H4","location":"FileViewFinder.php:find","message":"view find called","data":{"name":"filament::components.dropdown.header"},"timestamp":1777113082685}
{"sessionId":"366302","runId":"pre-fix","hypothesisId":"H4","location":"FileViewFinder.php:find","message":"view find called","data":{"name":"filament::components.dropdown.list.index"},"timestamp":1777113082687}
{"sessionId":"366302","runId":"pre-fix","hypothesisId":"H4","location":"FileViewFinder.php:find","message":"view find called","data":{"name":"filament-panels::components.theme-switcher.index"},"timestamp":1777113082687}
{"sessionId":"366302","runId":"pre-fix","hypothesisId":"H4","location":"FileViewFinder.php:find","message":"view find called","data":{"name":"filament-panels::components.theme-switcher.index"},"timestamp":1777113082688}
{"sessionId":"366302","runId":"pre-fix","hypothesisId":"H4","location":"FileViewFinder.php:find","message":"view find called","data":{"name":"filament-panels::components.theme-switcher.button"},"timestamp":1777113082689}
{"sessionId":"366302","runId":"pre-fix","hypothesisId":"H4","location":"FileViewFinder.php:find","message":"view find called","data":{"name":"filament-panels::components.theme-switcher.button"},"timestamp":1777113082689}
{"sessionId":"366302","runId":"pre-fix","hypothesisId":"H4","location":"FileViewFinder.php:find","message":"view find called","data":{"name":"filament-panels::components.theme-switcher.button"},"timestamp":1777113082691}
{"sessionId":"366302","runId":"pre-fix","hypothesisId":"H4","location":"FileViewFinder.php:find","message":"view find called","data":{"name":"filament-panels::components.theme-switcher.button"},"timestamp":1777113082692}
{"sessionId":"366302","runId":"pre-fix","hypothesisId":"H4","location":"FileViewFinder.php:find","message":"view find called","data":{"name":"filament::components.dropdown.list.index"},"timestamp":1777113082693}
{"sessionId":"366302","runId":"pre-fix","hypothesisId":"H4","location":"FileViewFinder.php:find","message":"view find called","data":{"name":"filament::components.dropdown.list.index"},"timestamp":1777113082694}
{"sessionId":"366302","runId":"pre-fix","hypothesisId":"H4","location":"FileViewFinder.php:find","message":"view find called","data":{"name":"filament::components.dropdown.index"},"timestamp":1777113082695}
{"sessionId":"366302","runId":"pre-fix","hypothesisId":"H4","location":"FileViewFinder.php:find","message":"view find called","data":{"name":"filament-actions::components.modals"},"timestamp":1777113082696}
{"sessionId":"366302","runId":"pre-fix","hypothesisId":"H4","location":"FileViewFinder.php:find","message":"view find called","data":{"name":"filament-panels::livewire.sidebar"},"timestamp":1777113082700}
{"sessionId":"366302","runId":"pre-fix","hypothesisId":"H4","location":"FileViewFinder.php:find","message":"view find called","data":{"name":"filament-panels::components.logo"},"timestamp":1777113082704}
{"sessionId":"366302","runId":"pre-fix","hypothesisId":"H4","location":"FileViewFinder.php:find","message":"view find called","data":{"name":"filament-panels::components.sidebar.group"},"timestamp":1777113082705}
{"sessionId":"366302","runId":"pre-fix","hypothesisId":"H4","location":"FileViewFinder.php:find","message":"view find called","data":{"name":"filament-panels::components.sidebar.group"},"timestamp":1777113082706}
{"sessionId":"366302","runId":"pre-fix","hypothesisId":"H4","location":"FileViewFinder.php:find","message":"view find called","data":{"name":"filament-panels::components.sidebar.item"},"timestamp":1777113082707}
{"sessionId":"366302","runId":"pre-fix","hypothesisId":"H4","location":"FileViewFinder.php:find","message":"view find called","data":{"name":"filament-panels::components.sidebar.item"},"timestamp":1777113082708}
{"sessionId":"366302","runId":"pre-fix","hypothesisId":"H4","location":"FileViewFinder.php:find","message":"view find called","data":{"name":"filament-panels::components.sidebar.item"},"timestamp":1777113082709}
{"sessionId":"366302","runId":"pre-fix","hypothesisId":"H4","location":"FileViewFinder.php:find","message":"view find called","data":{"name":"filament-actions::components.modals"},"timestamp":1777113082710}
{"sessionId":"366302","runId":"pre-fix","hypothesisId":"H4","location":"FileViewFinder.php:find","message":"view find called","data":{"name":"filament-panels::components.layout.base"},"timestamp":1777113082713}
{"sessionId":"366302","runId":"pre-fix","hypothesisId":"H4","location":"FileViewFinder.php:find","message":"view find called","data":{"name":"filament::assets"},"timestamp":1777113082715}
{"sessionId":"366302","runId":"pre-fix","hypothesisId":"H4","location":"FileViewFinder.php:find","message":"view find called","data":{"name":"filament-notifications::notifications"},"timestamp":1777113082718}
{"sessionId":"366302","runId":"pre-fix","hypothesisId":"H4","location":"FileViewFinder.php:find","message":"view find called","data":{"name":"filament::assets"},"timestamp":1777113082721}
{"sessionId":"366302","runId":"pre-fix","hypothesisId":"H4","location":"FileViewFinder.php:find","message":"view find called","data":{"name":"filament-panels::pages.page"},"timestamp":1777113090572}
{"sessionId":"366302","runId":"pre-fix","hypothesisId":"H4","location":"FileViewFinder.php:find","message":"view find called","data":{"name":"filament-panels::components.page.index"},"timestamp":1777113090574}
{"sessionId":"366302","runId":"pre-fix","hypothesisId":"H4","location":"FileViewFinder.php:find","message":"view find called","data":{"name":"filament-schemas::components.form"},"timestamp":1777113090575}
{"sessionId":"366302","runId":"pre-fix","hypothesisId":"H4","location":"FileViewFinder.php:find","message":"view find called","data":{"name":"filament-schemas::components.section"},"timestamp":1777113090577}
{"sessionId":"366302","runId":"pre-fix","hypothesisId":"H4","location":"FileViewFinder.php:find","message":"view find called","data":{"name":"filament::components.section.index"},"timestamp":1777113090578}
{"sessionId":"366302","runId":"pre-fix","hypothesisId":"H4","location":"FileViewFinder.php:find","message":"view find called","data":{"name":"filament-forms::components.file-upload"},"timestamp":1777113090579}
{"sessionId":"366302","runId":"pre-fix","hypothesisId":"H3","location":"ComponentTagCompiler.php:guessAnonymousComponentUsingNamespaces","message":"checking anonymous component namespaces","data":{"component":"filament-forms::field-wrapper","registeredNamespaces":[]},"timestamp":1777113090582}
{"sessionId":"366302","runId":"pre-fix","hypothesisId":"H4","location":"FileViewFinder.php:find","message":"view find called","data":{"name":"filament-forms::components.field-wrapper"},"timestamp":1777113090582}
{"sessionId":"366302","runId":"pre-fix","hypothesisId":"H4","location":"FileViewFinder.php:find","message":"view find called","data":{"name":"<?php extract((new \\Illuminate\\Support\\Collection($attributes->getAttributes()))->mapWithKeys(function ($value, $key) { return [Illuminate\\Support\\Str::camel(str_replace([':', '.'], ' ', $key)) => $value]; })->all(), EXTR_SKIP); ?>\n@props(['field','labelTag'])\n<x-filament-forms::field-wrapper :field=\"$field\" :label-tag=\"$labelTag\" >\n\n{{ $slot ?? \"\" }}\n</x-filament-forms::field-wrapper>"},"timestamp":1777113090583}
{"sessionId":"366302","runId":"pre-fix","hypothesisId":"H4","location":"FileViewFinder.php:find","message":"view find called","data":{"name":"__components::55a357bbd0ec6bf7e58e877a518d9959"},"timestamp":1777113090584}
{"sessionId":"366302","runId":"pre-fix","hypothesisId":"H2","location":"ComponentTagCompiler.php:componentString","message":"component tag compiled","data":{"component":"filament-forms::field-wrapper"},"timestamp":1777113090585}
{"sessionId":"366302","runId":"pre-fix","hypothesisId":"H3","location":"ComponentTagCompiler.php:guessAnonymousComponentUsingNamespaces","message":"checking anonymous component namespaces","data":{"component":"filament-forms::field-wrapper","registeredNamespaces":[]},"timestamp":1777113090586}
{"sessionId":"366302","runId":"pre-fix","hypothesisId":"H4","location":"FileViewFinder.php:find","message":"view find called","data":{"name":"filament-forms::components.field-wrapper"},"timestamp":1777113090586}
{"sessionId":"366302","runId":"pre-fix","hypothesisId":"H4","location":"FileViewFinder.php:find","message":"view find called","data":{"name":"filament-forms::components.field-wrapper"},"timestamp":1777113090588}
{"sessionId":"366302","runId":"pre-fix","hypothesisId":"H4","location":"FileViewFinder.php:find","message":"view find called","data":{"name":"filament-forms::components.field-wrapper"},"timestamp":1777113090589}
{"sessionId":"366302","runId":"pre-fix","hypothesisId":"H4","location":"FileViewFinder.php:find","message":"view find called","data":{"name":"filament-forms::components.file-upload"},"timestamp":1777113090590}
{"sessionId":"366302","runId":"pre-fix","hypothesisId":"H4","location":"FileViewFinder.php:find","message":"view find called","data":{"name":"__components::55a357bbd0ec6bf7e58e877a518d9959"},"timestamp":1777113090591}
{"sessionId":"366302","runId":"pre-fix","hypothesisId":"H4","location":"FileViewFinder.php:find","message":"view find called","data":{"name":"filament-forms::components.field-wrapper"},"timestamp":1777113090592}
{"sessionId":"366302","runId":"pre-fix","hypothesisId":"H4","location":"FileViewFinder.php:find","message":"view find called","data":{"name":"filament-forms::components.text-input"},"timestamp":1777113090593}
{"sessionId":"366302","runId":"pre-fix","hypothesisId":"H4","location":"FileViewFinder.php:find","message":"view find called","data":{"name":"filament::components.input.wrapper"},"timestamp":1777113090595}
{"sessionId":"366302","runId":"pre-fix","hypothesisId":"H4","location":"FileViewFinder.php:find","message":"view find called","data":{"name":"filament::components.input.wrapper"},"timestamp":1777113090596}
{"sessionId":"366302","runId":"pre-fix","hypothesisId":"H4","location":"FileViewFinder.php:find","message":"view find called","data":{"name":"<?php extract((new \\Illuminate\\Support\\Collection($attributes->getAttributes()))->mapWithKeys(function ($value, $key) { return [Illuminate\\Support\\Str::camel(str_replace([':', '.'], ' ', $key)) => $value]; })->all(), EXTR_SKIP); ?>\n@props(['field','inlineLabelVerticalAlignment'])\n<x-filament-forms::field-wrapper :field=\"$field\" :inline-label-vertical-alignment=\"$inlineLabelVerticalAlignment\" >\n\n{{ $slot ?? \"\" }}\n</x-filament-forms::field-wrapper>"},"timestamp":1777113090596}
{"sessionId":"366302","runId":"pre-fix","hypothesisId":"H4","location":"FileViewFinder.php:find","message":"view find called","data":{"name":"__components::7efa8d8730e6e64b895c482f47ff6151"},"timestamp":1777113090597}
{"sessionId":"366302","runId":"pre-fix","hypothesisId":"H2","location":"ComponentTagCompiler.php:componentString","message":"component tag compiled","data":{"component":"filament-forms::field-wrapper"},"timestamp":1777113090598}
{"sessionId":"366302","runId":"pre-fix","hypothesisId":"H3","location":"ComponentTagCompiler.php:guessAnonymousComponentUsingNamespaces","message":"checking anonymous component namespaces","data":{"component":"filament-forms::field-wrapper","registeredNamespaces":[]},"timestamp":1777113090598}
{"sessionId":"366302","runId":"pre-fix","hypothesisId":"H4","location":"FileViewFinder.php:find","message":"view find called","data":{"name":"filament-forms::components.field-wrapper"},"timestamp":1777113090599}
{"sessionId":"366302","runId":"pre-fix","hypothesisId":"H4","location":"FileViewFinder.php:find","message":"view find called","data":{"name":"filament-forms::components.field-wrapper"},"timestamp":1777113090601}
{"sessionId":"366302","runId":"pre-fix","hypothesisId":"H4","location":"FileViewFinder.php:find","message":"view find called","data":{"name":"filament-forms::components.text-input"},"timestamp":1777113090602}
{"sessionId":"366302","runId":"pre-fix","hypothesisId":"H4","location":"FileViewFinder.php:find","message":"view find called","data":{"name":"filament::components.input.wrapper"},"timestamp":1777113090603}
{"sessionId":"366302","runId":"pre-fix","hypothesisId":"H4","location":"FileViewFinder.php:find","message":"view find called","data":{"name":"__components::7efa8d8730e6e64b895c482f47ff6151"},"timestamp":1777113090603}
{"sessionId":"366302","runId":"pre-fix","hypothesisId":"H4","location":"FileViewFinder.php:find","message":"view find called","data":{"name":"filament-forms::components.field-wrapper"},"timestamp":1777113090604}
{"sessionId":"366302","runId":"pre-fix","hypothesisId":"H4","location":"FileViewFinder.php:find","message":"view find called","data":{"name":"filament-forms::components.text-input"},"timestamp":1777113090605}
{"sessionId":"366302","runId":"pre-fix","hypothesisId":"H4","location":"FileViewFinder.php:find","message":"view find called","data":{"name":"filament::components.input.wrapper"},"timestamp":1777113090605}
{"sessionId":"366302","runId":"pre-fix","hypothesisId":"H4","location":"FileViewFinder.php:find","message":"view find called","data":{"name":"__components::7efa8d8730e6e64b895c482f47ff6151"},"timestamp":1777113090606}
{"sessionId":"366302","runId":"pre-fix","hypothesisId":"H4","location":"FileViewFinder.php:find","message":"view find called","data":{"name":"filament-forms::components.field-wrapper"},"timestamp":1777113090607}
{"sessionId":"366302","runId":"pre-fix","hypothesisId":"H4","location":"FileViewFinder.php:find","message":"view find called","data":{"name":"filament-forms::components.tags-input"},"timestamp":1777113090608}
{"sessionId":"366302","runId":"pre-fix","hypothesisId":"H4","location":"FileViewFinder.php:find","message":"view find called","data":{"name":"filament::components.badge"},"timestamp":1777113090610}
{"sessionId":"366302","runId":"pre-fix","hypothesisId":"H4","location":"FileViewFinder.php:find","message":"view find called","data":{"name":"filament::components.badge"},"timestamp":1777113090611}
{"sessionId":"366302","runId":"pre-fix","hypothesisId":"H4","location":"FileViewFinder.php:find","message":"view find called","data":{"name":"filament::components.input.wrapper"},"timestamp":1777113090613}
{"sessionId":"366302","runId":"pre-fix","hypothesisId":"H4","location":"FileViewFinder.php:find","message":"view find called","data":{"name":"<?php extract((new \\Illuminate\\Support\\Collection($attributes->getAttributes()))->mapWithKeys(function ($value, $key) { return [Illuminate\\Support\\Str::camel(str_replace([':', '.'], ' ', $key)) => $value]; })->all(), EXTR_SKIP); ?>\n@props(['field','class'])\n<x-filament-forms::field-wrapper :field=\"$field\" :class=\"$class\" >\n\n{{ $slot ?? \"\" }}\n</x-filament-forms::field-wrapper>"},"timestamp":1777113090614}
{"sessionId":"366302","runId":"pre-fix","hypothesisId":"H4","location":"FileViewFinder.php:find","message":"view find called","data":{"name":"__components::68f47f66e70b2e3ce46d62572c8b8660"},"timestamp":1777113090614}
{"sessionId":"366302","runId":"pre-fix","hypothesisId":"H2","location":"ComponentTagCompiler.php:componentString","message":"component tag compiled","data":{"component":"filament-forms::field-wrapper"},"timestamp":1777113090615}
{"sessionId":"366302","runId":"pre-fix","hypothesisId":"H3","location":"ComponentTagCompiler.php:guessAnonymousComponentUsingNamespaces","message":"checking anonymous component namespaces","data":{"component":"filament-forms::field-wrapper","registeredNamespaces":[]},"timestamp":1777113090616}
{"sessionId":"366302","runId":"pre-fix","hypothesisId":"H4","location":"FileViewFinder.php:find","message":"view find called","data":{"name":"filament-forms::components.field-wrapper"},"timestamp":1777113090616}
{"sessionId":"366302","runId":"pre-fix","hypothesisId":"H4","location":"FileViewFinder.php:find","message":"view find called","data":{"name":"filament-forms::components.field-wrapper"},"timestamp":1777113090619}
{"sessionId":"366302","runId":"pre-fix","hypothesisId":"H4","location":"FileViewFinder.php:find","message":"view find called","data":{"name":"filament-forms::components.markdown-editor"},"timestamp":1777113090620}
{"sessionId":"366302","runId":"pre-fix","hypothesisId":"H4","location":"FileViewFinder.php:find","message":"view find called","data":{"name":"filament::components.input.wrapper"},"timestamp":1777113090621}
{"sessionId":"366302","runId":"pre-fix","hypothesisId":"H4","location":"FileViewFinder.php:find","message":"view find called","data":{"name":"<?php extract((new \\Illuminate\\Support\\Collection($attributes->getAttributes()))->mapWithKeys(function ($value, $key) { return [Illuminate\\Support\\Str::camel(str_replace([':', '.'], ' ', $key)) => $value]; })->all(), EXTR_SKIP); ?>\n@props(['field'])\n<x-filament-forms::field-wrapper :field=\"$field\" >\n\n{{ $slot ?? \"\" }}\n</x-filament-forms::field-wrapper>"},"timestamp":1777113090622}
{"sessionId":"366302","runId":"pre-fix","hypothesisId":"H4","location":"FileViewFinder.php:find","message":"view find called","data":{"name":"__components::884d3416ba71745f64da4c2f0e691b0f"},"timestamp":1777113090623}
{"sessionId":"366302","runId":"pre-fix","hypothesisId":"H2","location":"ComponentTagCompiler.php:componentString","message":"component tag compiled","data":{"component":"filament-forms::field-wrapper"},"timestamp":1777113090624}
{"sessionId":"366302","runId":"pre-fix","hypothesisId":"H3","location":"ComponentTagCompiler.php:guessAnonymousComponentUsingNamespaces","message":"checking anonymous component namespaces","data":{"component":"filament-forms::field-wrapper","registeredNamespaces":[]},"timestamp":1777113090624}
{"sessionId":"366302","runId":"pre-fix","hypothesisId":"H4","location":"FileViewFinder.php:find","message":"view find called","data":{"name":"filament-forms::components.field-wrapper"},"timestamp":1777113090624}
{"sessionId":"366302","runId":"pre-fix","hypothesisId":"H4","location":"FileViewFinder.php:find","message":"view find called","data":{"name":"filament-forms::components.field-wrapper"},"timestamp":1777113090625}
{"sessionId":"366302","runId":"pre-fix","hypothesisId":"H4","location":"FileViewFinder.php:find","message":"view find called","data":{"name":"filament-forms::components.text-input"},"timestamp":1777113090627}
{"sessionId":"366302","runId":"pre-fix","hypothesisId":"H4","location":"FileViewFinder.php:find","message":"view find called","data":{"name":"filament::components.input.wrapper"},"timestamp":1777113090627}
{"sessionId":"366302","runId":"pre-fix","hypothesisId":"H4","location":"FileViewFinder.php:find","message":"view find called","data":{"name":"__components::7efa8d8730e6e64b895c482f47ff6151"},"timestamp":1777113090628}
{"sessionId":"366302","runId":"pre-fix","hypothesisId":"H4","location":"FileViewFinder.php:find","message":"view find called","data":{"name":"filament-forms::components.field-wrapper"},"timestamp":1777113090628}
{"sessionId":"366302","runId":"pre-fix","hypothesisId":"H4","location":"FileViewFinder.php:find","message":"view find called","data":{"name":"filament-forms::components.text-input"},"timestamp":1777113090629}
{"sessionId":"366302","runId":"pre-fix","hypothesisId":"H4","location":"FileViewFinder.php:find","message":"view find called","data":{"name":"filament::components.input.wrapper"},"timestamp":1777113090630}
{"sessionId":"366302","runId":"pre-fix","hypothesisId":"H4","location":"FileViewFinder.php:find","message":"view find called","data":{"name":"__components::7efa8d8730e6e64b895c482f47ff6151"},"timestamp":1777113090631}
{"sessionId":"366302","runId":"pre-fix","hypothesisId":"H4","location":"FileViewFinder.php:find","message":"view find called","data":{"name":"filament-forms::components.field-wrapper"},"timestamp":1777113090631}
{"sessionId":"366302","runId":"pre-fix","hypothesisId":"H4","location":"FileViewFinder.php:find","message":"view find called","data":{"name":"filament-forms::components.text-input"},"timestamp":1777113090632}
{"sessionId":"366302","runId":"pre-fix","hypothesisId":"H4","location":"FileViewFinder.php:find","message":"view find called","data":{"name":"filament::components.input.wrapper"},"timestamp":1777113090634}
{"sessionId":"366302","runId":"pre-fix","hypothesisId":"H4","location":"FileViewFinder.php:find","message":"view find called","data":{"name":"__components::7efa8d8730e6e64b895c482f47ff6151"},"timestamp":1777113090634}
{"sessionId":"366302","runId":"pre-fix","hypothesisId":"H4","location":"FileViewFinder.php:find","message":"view find called","data":{"name":"filament-forms::components.field-wrapper"},"timestamp":1777113090635}
{"sessionId":"366302","runId":"pre-fix","hypothesisId":"H4","location":"FileViewFinder.php:find","message":"view find called","data":{"name":"filament::components.section.index"},"timestamp":1777113090636}
{"sessionId":"366302","runId":"pre-fix","hypothesisId":"H4","location":"FileViewFinder.php:find","message":"view find called","data":{"name":"filament-schemas::components.actions"},"timestamp":1777113090637}
{"sessionId":"366302","runId":"pre-fix","hypothesisId":"H4","location":"FileViewFinder.php:find","message":"view find called","data":{"name":"filament::components.actions"},"timestamp":1777113090639}
{"sessionId":"366302","runId":"pre-fix","hypothesisId":"H4","location":"FileViewFinder.php:find","message":"view find called","data":{"name":"filament::components.actions"},"timestamp":1777113090639}
{"sessionId":"366302","runId":"pre-fix","hypothesisId":"H4","location":"FileViewFinder.php:find","message":"view find called","data":{"name":"filament-panels::components.page.index"},"timestamp":1777113090641}
{"sessionId":"366302","runId":"pre-fix","hypothesisId":"H4","location":"FileViewFinder.php:find","message":"view find called","data":{"name":"filament-panels::components.header.index"},"timestamp":1777113090643}
{"sessionId":"366302","runId":"pre-fix","hypothesisId":"H4","location":"FileViewFinder.php:find","message":"view find called","data":{"name":"filament-panels::components.header.index"},"timestamp":1777113090643}
{"sessionId":"366302","runId":"pre-fix","hypothesisId":"H4","location":"FileViewFinder.php:find","message":"view find called","data":{"name":"filament::components.breadcrumbs"},"timestamp":1777113090644}
{"sessionId":"366302","runId":"pre-fix","hypothesisId":"H4","location":"FileViewFinder.php:find","message":"view find called","data":{"name":"filament::components.breadcrumbs"},"timestamp":1777113090644}
{"sessionId":"366302","runId":"pre-fix","hypothesisId":"H4","location":"FileViewFinder.php:find","message":"view find called","data":{"name":"filament::components.actions"},"timestamp":1777113090646}
{"sessionId":"366302","runId":"pre-fix","hypothesisId":"H4","location":"FileViewFinder.php:find","message":"view find called","data":{"name":"filament-actions::components.modals"},"timestamp":1777113090647}
{"sessionId":"366302","runId":"pre-fix","hypothesisId":"H4","location":"FileViewFinder.php:find","message":"view find called","data":{"name":"filament-actions::components.modals"},"timestamp":1777113090648}
{"sessionId":"366302","runId":"pre-fix","hypothesisId":"H4","location":"FileViewFinder.php:find","message":"view find called","data":{"name":"filament-panels::components.unsaved-action-changes-alert"},"timestamp":1777113090649}
{"sessionId":"366302","runId":"pre-fix","hypothesisId":"H4","location":"FileViewFinder.php:find","message":"view find called","data":{"name":"filament-panels::components.unsaved-action-changes-alert"},"timestamp":1777113090650}
{"sessionId":"366302","runId":"pre-fix","hypothesisId":"H4","location":"FileViewFinder.php:find","message":"view find called","data":{"name":"filament-notifications::notifications"},"timestamp":1777113090795}
{"sessionId":"366302","runId":"pre-fix","hypothesisId":"H4","location":"FileViewFinder.php:find","message":"view find called","data":{"name":"filament-notifications::notifications"},"timestamp":1777113099536}
{"sessionId":"366302","runId":"pre-fix","hypothesisId":"H4","location":"FileViewFinder.php:find","message":"view find called","data":{"name":"errors::419"},"timestamp":1777113123981}
{"sessionId":"366302","runId":"pre-fix","hypothesisId":"H4","location":"FileViewFinder.php:find","message":"view find called","data":{"name":"errors::419"},"timestamp":1777113123982}
{"sessionId":"366302","runId":"pre-fix","hypothesisId":"H4","location":"FileViewFinder.php:find","message":"view find called","data":{"name":"errors::minimal"},"timestamp":1777113124044}
{"sessionId":"366302","runId":"pre-fix","hypothesisId":"H4","location":"FileViewFinder.php:find","message":"view find called","data":{"name":"livewire.product-catalog"},"timestamp":1777113125684}
{"sessionId":"366302","runId":"pre-fix","hypothesisId":"H4","location":"FileViewFinder.php:find","message":"view find called","data":{"name":"components.single-product-card"},"timestamp":1777113125686}
{"sessionId":"366302","runId":"pre-fix","hypothesisId":"H4","location":"FileViewFinder.php:find","message":"view find called","data":{"name":"components.single-product-card"},"timestamp":1777113125686}
{"sessionId":"366302","runId":"pre-fix","hypothesisId":"H4","location":"FileViewFinder.php:find","message":"view find called","data":{"name":"components.single-product-card"},"timestamp":1777113125688}
{"sessionId":"366302","runId":"pre-fix","hypothesisId":"H4","location":"FileViewFinder.php:find","message":"view find called","data":{"name":"components.single-product-card"},"timestamp":1777113125688}
{"sessionId":"366302","runId":"pre-fix","hypothesisId":"H4","location":"FileViewFinder.php:find","message":"view find called","data":{"name":"components.single-product-card"},"timestamp":1777113125690}
{"sessionId":"366302","runId":"pre-fix","hypothesisId":"H4","location":"FileViewFinder.php:find","message":"view find called","data":{"name":"components.single-product-card"},"timestamp":1777113125690}
{"sessionId":"366302","runId":"pre-fix","hypothesisId":"H4","location":"FileViewFinder.php:find","message":"view find called","data":{"name":"components.single-product-card"},"timestamp":1777113125691}
{"sessionId":"366302","runId":"pre-fix","hypothesisId":"H4","location":"FileViewFinder.php:find","message":"view find called","data":{"name":"components.single-product-card"},"timestamp":1777113125692}
{"sessionId":"366302","runId":"pre-fix","hypothesisId":"H4","location":"FileViewFinder.php:find","message":"view find called","data":{"name":"components.single-product-card"},"timestamp":1777113125693}
{"sessionId":"366302","runId":"pre-fix","hypothesisId":"H4","location":"FileViewFinder.php:find","message":"view find called","data":{"name":"components.single-product-card"},"timestamp":1777113125694}
{"sessionId":"366302","runId":"pre-fix","hypothesisId":"H4","location":"FileViewFinder.php:find","message":"view find called","data":{"name":"livewire::tailwind"},"timestamp":1777113125695}
{"sessionId":"366302","runId":"pre-fix","hypothesisId":"H4","location":"FileViewFinder.php:find","message":"view find called","data":{"name":"    <?php $layout->viewContext->mergeIntoNewEnvironment($__env); ?>\n\n    @component($layout->view, $layout->params)\n        @slot($layout->slotOrSection)\n            {!! $content !!}\n        @endslot\n\n        <?php\n        // Manually forward slots defined in the Livewire template into the layout component...\n        foreach ($layout->viewContext->slots[-1] ?? [] as $name => $slot) {\n            $__env->slot($name, attributes: $slot->attributes->getAttributes());\n            echo $slot->toHtml();\n            $__env->endSlot();\n        }\n        ?>\n    @endcomponent"},"timestamp":1777113125701}
{"sessionId":"366302","runId":"pre-fix","hypothesisId":"H4","location":"FileViewFinder.php:find","message":"view find called","data":{"name":"__components::4943bc92ebba41e8b0e508149542e0ad"},"timestamp":1777113125702}
{"sessionId":"366302","runId":"pre-fix","hypothesisId":"H4","location":"FileViewFinder.php:find","message":"view find called","data":{"name":"components.layouts.app"},"timestamp":1777113125704}
{"sessionId":"366302","runId":"pre-fix","hypothesisId":"H4","location":"FileViewFinder.php:find","message":"view find called","data":{"name":"components.navigation"},"timestamp":1777113125706}
{"sessionId":"366302","runId":"pre-fix","hypothesisId":"H4","location":"FileViewFinder.php:find","message":"view find called","data":{"name":"components.navigation"},"timestamp":1777113125707}
{"sessionId":"366302","runId":"pre-fix","hypothesisId":"H4","location":"FileViewFinder.php:find","message":"view find called","data":{"name":"components.footer"},"timestamp":1777113125708}
{"sessionId":"366302","runId":"pre-fix","hypothesisId":"H4","location":"FileViewFinder.php:find","message":"view find called","data":{"name":"components.footer"},"timestamp":1777113125708}
{"sessionId":"366302","runId":"pre-fix","hypothesisId":"H4","location":"FileViewFinder.php:find","message":"view find called","data":{"name":"product.show"},"timestamp":1777113130141}
{"sessionId":"366302","runId":"pre-fix","hypothesisId":"H4","location":"FileViewFinder.php:find","message":"view find called","data":{"name":"components.layouts.app"},"timestamp":1777113130143}
{"sessionId":"366302","runId":"pre-fix","hypothesisId":"H4","location":"FileViewFinder.php:find","message":"view find called","data":{"name":"components.layouts.app"},"timestamp":1777113130154}
{"sessionId":"366302","runId":"pre-fix","hypothesisId":"H4","location":"FileViewFinder.php:find","message":"view find called","data":{"name":"components.navigation"},"timestamp":1777113130157}
{"sessionId":"366302","runId":"pre-fix","hypothesisId":"H4","location":"FileViewFinder.php:find","message":"view find called","data":{"name":"components.navigation"},"timestamp":1777113130158}
{"sessionId":"366302","runId":"pre-fix","hypothesisId":"H4","location":"FileViewFinder.php:find","message":"view find called","data":{"name":"components.footer"},"timestamp":1777113130159}
{"sessionId":"366302","runId":"pre-fix","hypothesisId":"H4","location":"FileViewFinder.php:find","message":"view find called","data":{"name":"components.footer"},"timestamp":1777113130160}
{"sessionId":"366302","runId":"pre-fix","hypothesisId":"H4","location":"FileViewFinder.php:find","message":"view find called","data":{"name":"product.show"},"timestamp":1777113776262}
{"sessionId":"366302","runId":"pre-fix","hypothesisId":"H4","location":"FileViewFinder.php:find","message":"view find called","data":{"name":"components.layouts.app"},"timestamp":1777113776265}
{"sessionId":"366302","runId":"pre-fix","hypothesisId":"H4","location":"FileViewFinder.php:find","message":"view find called","data":{"name":"components.layouts.app"},"timestamp":1777113776268}
{"sessionId":"366302","runId":"pre-fix","hypothesisId":"H4","location":"FileViewFinder.php:find","message":"view find called","data":{"name":"components.navigation"},"timestamp":1777113776270}
{"sessionId":"366302","runId":"pre-fix","hypothesisId":"H4","location":"FileViewFinder.php:find","message":"view find called","data":{"name":"components.navigation"},"timestamp":1777113776271}
{"sessionId":"366302","runId":"pre-fix","hypothesisId":"H4","location":"FileViewFinder.php:find","message":"view find called","data":{"name":"components.footer"},"timestamp":1777113776272}
{"sessionId":"366302","runId":"pre-fix","hypothesisId":"H4","location":"FileViewFinder.php:find","message":"view find called","data":{"name":"components.footer"},"timestamp":1777113776273}
{"sessionId":"366302","runId":"pre-fix","hypothesisId":"H4","location":"FileViewFinder.php:find","message":"view find called","data":{"name":"product.show"},"timestamp":1777118871658}
{"sessionId":"366302","runId":"pre-fix","hypothesisId":"H2","location":"ComponentTagCompiler.php:componentString","message":"component tag compiled","data":{"component":"layouts.app"},"timestamp":1777118871665}
{"sessionId":"366302","runId":"pre-fix","hypothesisId":"H3","location":"ComponentTagCompiler.php:guessAnonymousComponentUsingNamespaces","message":"checking anonymous component namespaces","data":{"component":"layouts.app","registeredNamespaces":[]},"timestamp":1777118871666}
{"sessionId":"366302","runId":"pre-fix","hypothesisId":"H4","location":"FileViewFinder.php:find","message":"view find called","data":{"name":"components.layouts.app"},"timestamp":1777118871667}
{"sessionId":"366302","runId":"pre-fix","hypothesisId":"H4","location":"FileViewFinder.php:find","message":"view find called","data":{"name":"components.layouts.app"},"timestamp":1777118871883}
{"sessionId":"366302","runId":"pre-fix","hypothesisId":"H2","location":"ComponentTagCompiler.php:componentString","message":"component tag compiled","data":{"component":"layouts.app"},"timestamp":1777118872099}
{"sessionId":"366302","runId":"pre-fix","hypothesisId":"H3","location":"ComponentTagCompiler.php:guessAnonymousComponentUsingNamespaces","message":"checking anonymous component namespaces","data":{"component":"layouts.app","registeredNamespaces":[]},"timestamp":1777118872100}
{"sessionId":"366302","runId":"pre-fix","hypothesisId":"H4","location":"FileViewFinder.php:find","message":"view find called","data":{"name":"components.layouts.app"},"timestamp":1777118872100}
{"sessionId":"366302","runId":"pre-fix","hypothesisId":"H4","location":"FileViewFinder.php:find","message":"view find called","data":{"name":"laravel-exceptions-renderer::markdown"},"timestamp":1777118872103}
{"sessionId":"366302","runId":"pre-fix","hypothesisId":"H4","location":"FileViewFinder.php:find","message":"view find called","data":{"name":"laravel-exceptions-renderer::show"},"timestamp":1777118872867}
{"sessionId":"366302","runId":"pre-fix","hypothesisId":"H4","location":"FileViewFinder.php:find","message":"view find called","data":{"name":"laravel-exceptions-renderer::components.layout"},"timestamp":1777118872868}
{"sessionId":"366302","runId":"pre-fix","hypothesisId":"H4","location":"FileViewFinder.php:find","message":"view find called","data":{"name":"laravel-exceptions-renderer::components.section-container"},"timestamp":1777118872868}
{"sessionId":"366302","runId":"pre-fix","hypothesisId":"H4","location":"FileViewFinder.php:find","message":"view find called","data":{"name":"laravel-exceptions-renderer::components.topbar"},"timestamp":1777118872869}
{"sessionId":"366302","runId":"pre-fix","hypothesisId":"H4","location":"FileViewFinder.php:find","message":"view find called","data":{"name":"laravel-exceptions-renderer::components.topbar"},"timestamp":1777118872870}
{"sessionId":"366302","runId":"pre-fix","hypothesisId":"H4","location":"FileViewFinder.php:find","message":"view find called","data":{"name":"laravel-exceptions-renderer::components.icons.copy"},"timestamp":1777118872871}
{"sessionId":"366302","runId":"pre-fix","hypothesisId":"H4","location":"FileViewFinder.php:find","message":"view find called","data":{"name":"laravel-exceptions-renderer::components.icons.copy"},"timestamp":1777118872872}
{"sessionId":"366302","runId":"pre-fix","hypothesisId":"H4","location":"FileViewFinder.php:find","message":"view find called","data":{"name":"laravel-exceptions-renderer::components.icons.check"},"timestamp":1777118872873}
{"sessionId":"366302","runId":"pre-fix","hypothesisId":"H4","location":"FileViewFinder.php:find","message":"view find called","data":{"name":"laravel-exceptions-renderer::components.icons.check"},"timestamp":1777118872873}
{"sessionId":"366302","runId":"pre-fix","hypothesisId":"H4","location":"FileViewFinder.php:find","message":"view find called","data":{"name":"laravel-exceptions-renderer::components.section-container"},"timestamp":1777118872874}
{"sessionId":"366302","runId":"pre-fix","hypothesisId":"H4","location":"FileViewFinder.php:find","message":"view find called","data":{"name":"laravel-exceptions-renderer::components.separator"},"timestamp":1777118872875}
{"sessionId":"366302","runId":"pre-fix","hypothesisId":"H4","location":"FileViewFinder.php:find","message":"view find called","data":{"name":"laravel-exceptions-renderer::components.separator"},"timestamp":1777118872875}
{"sessionId":"366302","runId":"pre-fix","hypothesisId":"H4","location":"FileViewFinder.php:find","message":"view find called","data":{"name":"laravel-exceptions-renderer::components.header"},"timestamp":1777118872876}
{"sessionId":"366302","runId":"pre-fix","hypothesisId":"H4","location":"FileViewFinder.php:find","message":"view find called","data":{"name":"laravel-exceptions-renderer::components.header"},"timestamp":1777118872877}
{"sessionId":"366302","runId":"pre-fix","hypothesisId":"H4","location":"FileViewFinder.php:find","message":"view find called","data":{"name":"laravel-exceptions-renderer::components.file-with-line"},"timestamp":1777118872877}
{"sessionId":"366302","runId":"pre-fix","hypothesisId":"H4","location":"FileViewFinder.php:find","message":"view find called","data":{"name":"laravel-exceptions-renderer::components.file-with-line"},"timestamp":1777118872878}
{"sessionId":"366302","runId":"pre-fix","hypothesisId":"H4","location":"FileViewFinder.php:find","message":"view find called","data":{"name":"laravel-exceptions-renderer::components.badge"},"timestamp":1777118872879}
{"sessionId":"366302","runId":"pre-fix","hypothesisId":"H4","location":"FileViewFinder.php:find","message":"view find called","data":{"name":"laravel-exceptions-renderer::components.icons.alert"},"timestamp":1777118872879}
{"sessionId":"366302","runId":"pre-fix","hypothesisId":"H4","location":"FileViewFinder.php:find","message":"view find called","data":{"name":"laravel-exceptions-renderer::components.icons.alert"},"timestamp":1777118872880}
{"sessionId":"366302","runId":"pre-fix","hypothesisId":"H4","location":"FileViewFinder.php:find","message":"view find called","data":{"name":"laravel-exceptions-renderer::components.badge"},"timestamp":1777118872881}
{"sessionId":"366302","runId":"pre-fix","hypothesisId":"H4","location":"FileViewFinder.php:find","message":"view find called","data":{"name":"laravel-exceptions-renderer::components.badge"},"timestamp":1777118872881}
{"sessionId":"366302","runId":"pre-fix","hypothesisId":"H4","location":"FileViewFinder.php:find","message":"view find called","data":{"name":"laravel-exceptions-renderer::components.request-url"},"timestamp":1777118872882}
{"sessionId":"366302","runId":"pre-fix","hypothesisId":"H4","location":"FileViewFinder.php:find","message":"view find called","data":{"name":"laravel-exceptions-renderer::components.request-url"},"timestamp":1777118872883}
{"sessionId":"366302","runId":"pre-fix","hypothesisId":"H4","location":"FileViewFinder.php:find","message":"view find called","data":{"name":"laravel-exceptions-renderer::components.icons.alert"},"timestamp":1777118872884}
{"sessionId":"366302","runId":"pre-fix","hypothesisId":"H4","location":"FileViewFinder.php:find","message":"view find called","data":{"name":"laravel-exceptions-renderer::components.badge"},"timestamp":1777118872884}
{"sessionId":"366302","runId":"pre-fix","hypothesisId":"H4","location":"FileViewFinder.php:find","message":"view find called","data":{"name":"laravel-exceptions-renderer::components.http-method"},"timestamp":1777118872885}
{"sessionId":"366302","runId":"pre-fix","hypothesisId":"H4","location":"FileViewFinder.php:find","message":"view find called","data":{"name":"laravel-exceptions-renderer::components.http-method"},"timestamp":1777118872886}
{"sessionId":"366302","runId":"pre-fix","hypothesisId":"H4","location":"FileViewFinder.php:find","message":"view find called","data":{"name":"laravel-exceptions-renderer::components.icons.globe"},"timestamp":1777118872887}
{"sessionId":"366302","runId":"pre-fix","hypothesisId":"H4","location":"FileViewFinder.php:find","message":"view find called","data":{"name":"laravel-exceptions-renderer::components.icons.globe"},"timestamp":1777118872888}
{"sessionId":"366302","runId":"pre-fix","hypothesisId":"H4","location":"FileViewFinder.php:find","message":"view find called","data":{"name":"laravel-exceptions-renderer::components.badge"},"timestamp":1777118872889}
{"sessionId":"366302","runId":"pre-fix","hypothesisId":"H4","location":"FileViewFinder.php:find","message":"view find called","data":{"name":"laravel-exceptions-renderer::components.icons.copy"},"timestamp":1777118872890}
{"sessionId":"366302","runId":"pre-fix","hypothesisId":"H4","location":"FileViewFinder.php:find","message":"view find called","data":{"name":"laravel-exceptions-renderer::components.icons.check"},"timestamp":1777118872890}
{"sessionId":"366302","runId":"pre-fix","hypothesisId":"H4","location":"FileViewFinder.php:find","message":"view find called","data":{"name":"laravel-exceptions-renderer::components.section-container"},"timestamp":1777118872891}
{"sessionId":"366302","runId":"pre-fix","hypothesisId":"H4","location":"FileViewFinder.php:find","message":"view find called","data":{"name":"laravel-exceptions-renderer::components.separator"},"timestamp":1777118872892}
{"sessionId":"366302","runId":"pre-fix","hypothesisId":"H4","location":"FileViewFinder.php:find","message":"view find called","data":{"name":"laravel-exceptions-renderer::components.trace"},"timestamp":1777118872892}
{"sessionId":"366302","runId":"pre-fix","hypothesisId":"H4","location":"FileViewFinder.php:find","message":"view find called","data":{"name":"laravel-exceptions-renderer::components.trace"},"timestamp":1777118872893}
{"sessionId":"366302","runId":"pre-fix","hypothesisId":"H4","location":"FileViewFinder.php:find","message":"view find called","data":{"name":"laravel-exceptions-renderer::components.icons.alert"},"timestamp":1777118872894}
{"sessionId":"366302","runId":"pre-fix","hypothesisId":"H4","location":"FileViewFinder.php:find","message":"view find called","data":{"name":"laravel-exceptions-renderer::components.frame"},"timestamp":1777118872894}
{"sessionId":"366302","runId":"pre-fix","hypothesisId":"H4","location":"FileViewFinder.php:find","message":"view find called","data":{"name":"laravel-exceptions-renderer::components.frame"},"timestamp":1777118872895}
{"sessionId":"366302","runId":"pre-fix","hypothesisId":"H4","location":"FileViewFinder.php:find","message":"view find called","data":{"name":"laravel-exceptions-renderer::components.formatted-source"},"timestamp":1777118872896}
{"sessionId":"366302","runId":"pre-fix","hypothesisId":"H4","location":"FileViewFinder.php:find","message":"view find called","data":{"name":"laravel-exceptions-renderer::components.formatted-source"},"timestamp":1777118872897}
{"sessionId":"366302","runId":"pre-fix","hypothesisId":"H4","location":"FileViewFinder.php:find","message":"view find called","data":{"name":"laravel-exceptions-renderer::components.syntax-highlight"},"timestamp":1777118872898}
{"sessionId":"366302","runId":"pre-fix","hypothesisId":"H4","location":"FileViewFinder.php:find","message":"view find called","data":{"name":"laravel-exceptions-renderer::components.syntax-highlight"},"timestamp":1777118872899}
{"sessionId":"366302","runId":"pre-fix","hypothesisId":"H4","location":"FileViewFinder.php:find","message":"view find called","data":{"name":"laravel-exceptions-renderer::components.file-with-line"},"timestamp":1777118872899}
{"sessionId":"366302","runId":"pre-fix","hypothesisId":"H4","location":"FileViewFinder.php:find","message":"view find called","data":{"name":"laravel-exceptions-renderer::components.icons.chevrons-down-up"},"timestamp":1777118872900}
{"sessionId":"366302","runId":"pre-fix","hypothesisId":"H4","location":"FileViewFinder.php:find","message":"view find called","data":{"name":"laravel-exceptions-renderer::components.icons.chevrons-down-up"},"timestamp":1777118872901}
{"sessionId":"366302","runId":"pre-fix","hypothesisId":"H4","location":"FileViewFinder.php:find","message":"view find called","data":{"name":"laravel-exceptions-renderer::components.icons.chevrons-up-down"},"timestamp":1777118872902}
{"sessionId":"366302","runId":"pre-fix","hypothesisId":"H4","location":"FileViewFinder.php:find","message":"view find called","data":{"name":"laravel-exceptions-renderer::components.icons.chevrons-up-down"},"timestamp":1777118872902}
{"sessionId":"366302","runId":"pre-fix","hypothesisId":"H4","location":"FileViewFinder.php:find","message":"view find called","data":{"name":"laravel-exceptions-renderer::components.frame-code"},"timestamp":1777118872904}
{"sessionId":"366302","runId":"pre-fix","hypothesisId":"H4","location":"FileViewFinder.php:find","message":"view find called","data":{"name":"laravel-exceptions-renderer::components.frame-code"},"timestamp":1777118872905}
{"sessionId":"366302","runId":"pre-fix","hypothesisId":"H4","location":"FileViewFinder.php:find","message":"view find called","data":{"name":"laravel-exceptions-renderer::components.syntax-highlight"},"timestamp":1777118872906}
{"sessionId":"366302","runId":"pre-fix","hypothesisId":"H4","location":"FileViewFinder.php:find","message":"view find called","data":{"name":"laravel-exceptions-renderer::components.vendor-frames"},"timestamp":1777118872907}
{"sessionId":"366302","runId":"pre-fix","hypothesisId":"H4","location":"FileViewFinder.php:find","message":"view find called","data":{"name":"laravel-exceptions-renderer::components.vendor-frames"},"timestamp":1777118872907}
{"sessionId":"366302","runId":"pre-fix","hypothesisId":"H4","location":"FileViewFinder.php:find","message":"view find called","data":{"name":"laravel-exceptions-renderer::components.icons.folder"},"timestamp":1777118872908}
{"sessionId":"366302","runId":"pre-fix","hypothesisId":"H4","location":"FileViewFinder.php:find","message":"view find called","data":{"name":"laravel-exceptions-renderer::components.icons.folder"},"timestamp":1777118872909}
{"sessionId":"366302","runId":"pre-fix","hypothesisId":"H4","location":"FileViewFinder.php:find","message":"view find called","data":{"name":"laravel-exceptions-renderer::components.icons.folder-open"},"timestamp":1777118872909}
{"sessionId":"366302","runId":"pre-fix","hypothesisId":"H4","location":"FileViewFinder.php:find","message":"view find called","data":{"name":"laravel-exceptions-renderer::components.icons.folder-open"},"timestamp":1777118872910}
{"sessionId":"366302","runId":"pre-fix","hypothesisId":"H4","location":"FileViewFinder.php:find","message":"view find called","data":{"name":"laravel-exceptions-renderer::components.icons.chevrons-down-up"},"timestamp":1777118872911}
{"sessionId":"366302","runId":"pre-fix","hypothesisId":"H4","location":"FileViewFinder.php:find","message":"view find called","data":{"name":"laravel-exceptions-renderer::components.icons.chevrons-up-down"},"timestamp":1777118872911}
{"sessionId":"366302","runId":"pre-fix","hypothesisId":"H4","location":"FileViewFinder.php:find","message":"view find called","data":{"name":"laravel-exceptions-renderer::components.vendor-frame"},"timestamp":1777118872912}
{"sessionId":"366302","runId":"pre-fix","hypothesisId":"H4","location":"FileViewFinder.php:find","message":"view find called","data":{"name":"laravel-exceptions-renderer::components.vendor-frame"},"timestamp":1777118872912}
{"sessionId":"366302","runId":"pre-fix","hypothesisId":"H4","location":"FileViewFinder.php:find","message":"view find called","data":{"name":"laravel-exceptions-renderer::components.formatted-source"},"timestamp":1777118872913}
{"sessionId":"366302","runId":"pre-fix","hypothesisId":"H4","location":"FileViewFinder.php:find","message":"view find called","data":{"name":"laravel-exceptions-renderer::components.syntax-highlight"},"timestamp":1777118872914}
{"sessionId":"366302","runId":"pre-fix","hypothesisId":"H4","location":"FileViewFinder.php:find","message":"view find called","data":{"name":"laravel-exceptions-renderer::components.file-with-line"},"timestamp":1777118872914}
{"sessionId":"366302","runId":"pre-fix","hypothesisId":"H4","location":"FileViewFinder.php:find","message":"view find called","data":{"name":"laravel-exceptions-renderer::components.vendor-frame"},"timestamp":1777118872915}
{"sessionId":"366302","runId":"pre-fix","hypothesisId":"H4","location":"FileViewFinder.php:find","message":"view find called","data":{"name":"laravel-exceptions-renderer::components.formatted-source"},"timestamp":1777118872916}
{"sessionId":"366302","runId":"pre-fix","hypothesisId":"H4","location":"FileViewFinder.php:find","message":"view find called","data":{"name":"laravel-exceptions-renderer::components.syntax-highlight"},"timestamp":1777118872916}
{"sessionId":"366302","runId":"pre-fix","hypothesisId":"H4","location":"FileViewFinder.php:find","message":"view find called","data":{"name":"laravel-exceptions-renderer::components.file-with-line"},"timestamp":1777118872917}
{"sessionId":"366302","runId":"pre-fix","hypothesisId":"H4","location":"FileViewFinder.php:find","message":"view find called","data":{"name":"laravel-exceptions-renderer::components.vendor-frame"},"timestamp":1777118872918}
{"sessionId":"366302","runId":"pre-fix","hypothesisId":"H4","location":"FileViewFinder.php:find","message":"view find called","data":{"name":"laravel-exceptions-renderer::components.formatted-source"},"timestamp":1777118872919}
{"sessionId":"366302","runId":"pre-fix","hypothesisId":"H4","location":"FileViewFinder.php:find","message":"view find called","data":{"name":"laravel-exceptions-renderer::components.syntax-highlight"},"timestamp":1777118872919}
{"sessionId":"366302","runId":"pre-fix","hypothesisId":"H4","location":"FileViewFinder.php:find","message":"view find called","data":{"name":"laravel-exceptions-renderer::components.file-with-line"},"timestamp":1777118872920}
{"sessionId":"366302","runId":"pre-fix","hypothesisId":"H4","location":"FileViewFinder.php:find","message":"view find called","data":{"name":"laravel-exceptions-renderer::components.vendor-frame"},"timestamp":1777118872921}
{"sessionId":"366302","runId":"pre-fix","hypothesisId":"H4","location":"FileViewFinder.php:find","message":"view find called","data":{"name":"laravel-exceptions-renderer::components.formatted-source"},"timestamp":1777118872922}
{"sessionId":"366302","runId":"pre-fix","hypothesisId":"H4","location":"FileViewFinder.php:find","message":"view find called","data":{"name":"laravel-exceptions-renderer::components.syntax-highlight"},"timestamp":1777118872923}
{"sessionId":"366302","runId":"pre-fix","hypothesisId":"H4","location":"FileViewFinder.php:find","message":"view find called","data":{"name":"laravel-exceptions-renderer::components.file-with-line"},"timestamp":1777118872923}
{"sessionId":"366302","runId":"pre-fix","hypothesisId":"H4","location":"FileViewFinder.php:find","message":"view find called","data":{"name":"laravel-exceptions-renderer::components.vendor-frame"},"timestamp":1777118872924}
{"sessionId":"366302","runId":"pre-fix","hypothesisId":"H4","location":"FileViewFinder.php:find","message":"view find called","data":{"name":"laravel-exceptions-renderer::components.formatted-source"},"timestamp":1777118872924}
{"sessionId":"366302","runId":"pre-fix","hypothesisId":"H4","location":"FileViewFinder.php:find","message":"view find called","data":{"name":"laravel-exceptions-renderer::components.syntax-highlight"},"timestamp":1777118872925}
{"sessionId":"366302","runId":"pre-fix","hypothesisId":"H4","location":"FileViewFinder.php:find","message":"view find called","data":{"name":"laravel-exceptions-renderer::components.file-with-line"},"timestamp":1777118872925}
{"sessionId":"366302","runId":"pre-fix","hypothesisId":"H4","location":"FileViewFinder.php:find","message":"view find called","data":{"name":"laravel-exceptions-renderer::components.vendor-frame"},"timestamp":1777118872926}
{"sessionId":"366302","runId":"pre-fix","hypothesisId":"H4","location":"FileViewFinder.php:find","message":"view find called","data":{"name":"laravel-exceptions-renderer::components.formatted-source"},"timestamp":1777118872927}
{"sessionId":"366302","runId":"pre-fix","hypothesisId":"H4","location":"FileViewFinder.php:find","message":"view find called","data":{"name":"laravel-exceptions-renderer::components.syntax-highlight"},"timestamp":1777118872928}
{"sessionId":"366302","runId":"pre-fix","hypothesisId":"H4","location":"FileViewFinder.php:find","message":"view find called","data":{"name":"laravel-exceptions-renderer::components.file-with-line"},"timestamp":1777118872928}
{"sessionId":"366302","runId":"pre-fix","hypothesisId":"H4","location":"FileViewFinder.php:find","message":"view find called","data":{"name":"laravel-exceptions-renderer::components.vendor-frame"},"timestamp":1777118872929}
{"sessionId":"366302","runId":"pre-fix","hypothesisId":"H4","location":"FileViewFinder.php:find","message":"view find called","data":{"name":"laravel-exceptions-renderer::components.formatted-source"},"timestamp":1777118872930}
{"sessionId":"366302","runId":"pre-fix","hypothesisId":"H4","location":"FileViewFinder.php:find","message":"view find called","data":{"name":"laravel-exceptions-renderer::components.syntax-highlight"},"timestamp":1777118872930}
{"sessionId":"366302","runId":"pre-fix","hypothesisId":"H4","location":"FileViewFinder.php:find","message":"view find called","data":{"name":"laravel-exceptions-renderer::components.file-with-line"},"timestamp":1777118872931}
{"sessionId":"366302","runId":"pre-fix","hypothesisId":"H4","location":"FileViewFinder.php:find","message":"view find called","data":{"name":"laravel-exceptions-renderer::components.vendor-frame"},"timestamp":1777118872932}
{"sessionId":"366302","runId":"pre-fix","hypothesisId":"H4","location":"FileViewFinder.php:find","message":"view find called","data":{"name":"laravel-exceptions-renderer::components.formatted-source"},"timestamp":1777118872932}
{"sessionId":"366302","runId":"pre-fix","hypothesisId":"H4","location":"FileViewFinder.php:find","message":"view find called","data":{"name":"laravel-exceptions-renderer::components.syntax-highlight"},"timestamp":1777118872933}
{"sessionId":"366302","runId":"pre-fix","hypothesisId":"H4","location":"FileViewFinder.php:find","message":"view find called","data":{"name":"laravel-exceptions-renderer::components.file-with-line"},"timestamp":1777118872933}
{"sessionId":"366302","runId":"pre-fix","hypothesisId":"H4","location":"FileViewFinder.php:find","message":"view find called","data":{"name":"laravel-exceptions-renderer::components.vendor-frame"},"timestamp":1777118872934}
{"sessionId":"366302","runId":"pre-fix","hypothesisId":"H4","location":"FileViewFinder.php:find","message":"view find called","data":{"name":"laravel-exceptions-renderer::components.formatted-source"},"timestamp":1777118872935}
{"sessionId":"366302","runId":"pre-fix","hypothesisId":"H4","location":"FileViewFinder.php:find","message":"view find called","data":{"name":"laravel-exceptions-renderer::components.syntax-highlight"},"timestamp":1777118872935}
{"sessionId":"366302","runId":"pre-fix","hypothesisId":"H4","location":"FileViewFinder.php:find","message":"view find called","data":{"name":"laravel-exceptions-renderer::components.file-with-line"},"timestamp":1777118872936}
{"sessionId":"366302","runId":"pre-fix","hypothesisId":"H4","location":"FileViewFinder.php:find","message":"view find called","data":{"name":"laravel-exceptions-renderer::components.vendor-frame"},"timestamp":1777118872937}
{"sessionId":"366302","runId":"pre-fix","hypothesisId":"H4","location":"FileViewFinder.php:find","message":"view find called","data":{"name":"laravel-exceptions-renderer::components.formatted-source"},"timestamp":1777118872938}
{"sessionId":"366302","runId":"pre-fix","hypothesisId":"H4","location":"FileViewFinder.php:find","message":"view find called","data":{"name":"laravel-exceptions-renderer::components.syntax-highlight"},"timestamp":1777118872939}
{"sessionId":"366302","runId":"pre-fix","hypothesisId":"H4","location":"FileViewFinder.php:find","message":"view find called","data":{"name":"laravel-exceptions-renderer::components.file-with-line"},"timestamp":1777118872940}
{"sessionId":"366302","runId":"pre-fix","hypothesisId":"H4","location":"FileViewFinder.php:find","message":"view find called","data":{"name":"laravel-exceptions-renderer::components.vendor-frame"},"timestamp":1777118872941}
{"sessionId":"366302","runId":"pre-fix","hypothesisId":"H4","location":"FileViewFinder.php:find","message":"view find called","data":{"name":"laravel-exceptions-renderer::components.formatted-source"},"timestamp":1777118872941}
{"sessionId":"366302","runId":"pre-fix","hypothesisId":"H4","location":"FileViewFinder.php:find","message":"view find called","data":{"name":"laravel-exceptions-renderer::components.syntax-highlight"},"timestamp":1777118872942}
{"sessionId":"366302","runId":"pre-fix","hypothesisId":"H4","location":"FileViewFinder.php:find","message":"view find called","data":{"name":"laravel-exceptions-renderer::components.file-with-line"},"timestamp":1777118872942}
{"sessionId":"366302","runId":"pre-fix","hypothesisId":"H4","location":"FileViewFinder.php:find","message":"view find called","data":{"name":"laravel-exceptions-renderer::components.vendor-frame"},"timestamp":1777118872943}
{"sessionId":"366302","runId":"pre-fix","hypothesisId":"H4","location":"FileViewFinder.php:find","message":"view find called","data":{"name":"laravel-exceptions-renderer::components.formatted-source"},"timestamp":1777118872944}
{"sessionId":"366302","runId":"pre-fix","hypothesisId":"H4","location":"FileViewFinder.php:find","message":"view find called","data":{"name":"laravel-exceptions-renderer::components.syntax-highlight"},"timestamp":1777118872944}
{"sessionId":"366302","runId":"pre-fix","hypothesisId":"H4","location":"FileViewFinder.php:find","message":"view find called","data":{"name":"laravel-exceptions-renderer::components.file-with-line"},"timestamp":1777118872945}
{"sessionId":"366302","runId":"pre-fix","hypothesisId":"H4","location":"FileViewFinder.php:find","message":"view find called","data":{"name":"laravel-exceptions-renderer::components.vendor-frame"},"timestamp":1777118872946}
{"sessionId":"366302","runId":"pre-fix","hypothesisId":"H4","location":"FileViewFinder.php:find","message":"view find called","data":{"name":"laravel-exceptions-renderer::components.formatted-source"},"timestamp":1777118872947}
{"sessionId":"366302","runId":"pre-fix","hypothesisId":"H4","location":"FileViewFinder.php:find","message":"view find called","data":{"name":"laravel-exceptions-renderer::components.syntax-highlight"},"timestamp":1777118872947}
{"sessionId":"366302","runId":"pre-fix","hypothesisId":"H4","location":"FileViewFinder.php:find","message":"view find called","data":{"name":"laravel-exceptions-renderer::components.file-with-line"},"timestamp":1777118872948}
{"sessionId":"366302","runId":"pre-fix","hypothesisId":"H4","location":"FileViewFinder.php:find","message":"view find called","data":{"name":"laravel-exceptions-renderer::components.vendor-frame"},"timestamp":1777118872949}
{"sessionId":"366302","runId":"pre-fix","hypothesisId":"H4","location":"FileViewFinder.php:find","message":"view find called","data":{"name":"laravel-exceptions-renderer::components.formatted-source"},"timestamp":1777118872950}
{"sessionId":"366302","runId":"pre-fix","hypothesisId":"H4","location":"FileViewFinder.php:find","message":"view find called","data":{"name":"laravel-exceptions-renderer::components.syntax-highlight"},"timestamp":1777118872950}
{"sessionId":"366302","runId":"pre-fix","hypothesisId":"H4","location":"FileViewFinder.php:find","message":"view find called","data":{"name":"laravel-exceptions-renderer::components.file-with-line"},"timestamp":1777118872951}
{"sessionId":"366302","runId":"pre-fix","hypothesisId":"H4","location":"FileViewFinder.php:find","message":"view find called","data":{"name":"laravel-exceptions-renderer::components.vendor-frame"},"timestamp":1777118872952}
{"sessionId":"366302","runId":"pre-fix","hypothesisId":"H4","location":"FileViewFinder.php:find","message":"view find called","data":{"name":"laravel-exceptions-renderer::components.formatted-source"},"timestamp":1777118872952}
{"sessionId":"366302","runId":"pre-fix","hypothesisId":"H4","location":"FileViewFinder.php:find","message":"view find called","data":{"name":"laravel-exceptions-renderer::components.syntax-highlight"},"timestamp":1777118872953}
{"sessionId":"366302","runId":"pre-fix","hypothesisId":"H4","location":"FileViewFinder.php:find","message":"view find called","data":{"name":"laravel-exceptions-renderer::components.file-with-line"},"timestamp":1777118872954}
{"sessionId":"366302","runId":"pre-fix","hypothesisId":"H4","location":"FileViewFinder.php:find","message":"view find called","data":{"name":"laravel-exceptions-renderer::components.vendor-frame"},"timestamp":1777118872954}
{"sessionId":"366302","runId":"pre-fix","hypothesisId":"H4","location":"FileViewFinder.php:find","message":"view find called","data":{"name":"laravel-exceptions-renderer::components.formatted-source"},"timestamp":1777118872955}
{"sessionId":"366302","runId":"pre-fix","hypothesisId":"H4","location":"FileViewFinder.php:find","message":"view find called","data":{"name":"laravel-exceptions-renderer::components.syntax-highlight"},"timestamp":1777118872956}
{"sessionId":"366302","runId":"pre-fix","hypothesisId":"H4","location":"FileViewFinder.php:find","message":"view find called","data":{"name":"laravel-exceptions-renderer::components.file-with-line"},"timestamp":1777118872957}
{"sessionId":"366302","runId":"pre-fix","hypothesisId":"H4","location":"FileViewFinder.php:find","message":"view find called","data":{"name":"laravel-exceptions-renderer::components.vendor-frame"},"timestamp":1777118872958}
{"sessionId":"366302","runId":"pre-fix","hypothesisId":"H4","location":"FileViewFinder.php:find","message":"view find called","data":{"name":"laravel-exceptions-renderer::components.formatted-source"},"timestamp":1777118872958}
{"sessionId":"366302","runId":"pre-fix","hypothesisId":"H4","location":"FileViewFinder.php:find","message":"view find called","data":{"name":"laravel-exceptions-renderer::components.syntax-highlight"},"timestamp":1777118872959}
{"sessionId":"366302","runId":"pre-fix","hypothesisId":"H4","location":"FileViewFinder.php:find","message":"view find called","data":{"name":"laravel-exceptions-renderer::components.file-with-line"},"timestamp":1777118872959}
{"sessionId":"366302","runId":"pre-fix","hypothesisId":"H4","location":"FileViewFinder.php:find","message":"view find called","data":{"name":"laravel-exceptions-renderer::components.vendor-frame"},"timestamp":1777118872960}
{"sessionId":"366302","runId":"pre-fix","hypothesisId":"H4","location":"FileViewFinder.php:find","message":"view find called","data":{"name":"laravel-exceptions-renderer::components.formatted-source"},"timestamp":1777118872961}
{"sessionId":"366302","runId":"pre-fix","hypothesisId":"H4","location":"FileViewFinder.php:find","message":"view find called","data":{"name":"laravel-exceptions-renderer::components.syntax-highlight"},"timestamp":1777118872962}
{"sessionId":"366302","runId":"pre-fix","hypothesisId":"H4","location":"FileViewFinder.php:find","message":"view find called","data":{"name":"laravel-exceptions-renderer::components.file-with-line"},"timestamp":1777118872962}
{"sessionId":"366302","runId":"pre-fix","hypothesisId":"H4","location":"FileViewFinder.php:find","message":"view find called","data":{"name":"laravel-exceptions-renderer::components.vendor-frame"},"timestamp":1777118872963}
{"sessionId":"366302","runId":"pre-fix","hypothesisId":"H4","location":"FileViewFinder.php:find","message":"view find called","data":{"name":"laravel-exceptions-renderer::components.formatted-source"},"timestamp":1777118872964}
{"sessionId":"366302","runId":"pre-fix","hypothesisId":"H4","location":"FileViewFinder.php:find","message":"view find called","data":{"name":"laravel-exceptions-renderer::components.syntax-highlight"},"timestamp":1777118872964}
{"sessionId":"366302","runId":"pre-fix","hypothesisId":"H4","location":"FileViewFinder.php:find","message":"view find called","data":{"name":"laravel-exceptions-renderer::components.file-with-line"},"timestamp":1777118872965}
{"sessionId":"366302","runId":"pre-fix","hypothesisId":"H4","location":"FileViewFinder.php:find","message":"view find called","data":{"name":"laravel-exceptions-renderer::components.vendor-frame"},"timestamp":1777118872966}
{"sessionId":"366302","runId":"pre-fix","hypothesisId":"H4","location":"FileViewFinder.php:find","message":"view find called","data":{"name":"laravel-exceptions-renderer::components.formatted-source"},"timestamp":1777118872967}
{"sessionId":"366302","runId":"pre-fix","hypothesisId":"H4","location":"FileViewFinder.php:find","message":"view find called","data":{"name":"laravel-exceptions-renderer::components.syntax-highlight"},"timestamp":1777118872967}
{"sessionId":"366302","runId":"pre-fix","hypothesisId":"H4","location":"FileViewFinder.php:find","message":"view find called","data":{"name":"laravel-exceptions-renderer::components.file-with-line"},"timestamp":1777118872968}
{"sessionId":"366302","runId":"pre-fix","hypothesisId":"H4","location":"FileViewFinder.php:find","message":"view find called","data":{"name":"laravel-exceptions-renderer::components.vendor-frame"},"timestamp":1777118872969}
{"sessionId":"366302","runId":"pre-fix","hypothesisId":"H4","location":"FileViewFinder.php:find","message":"view find called","data":{"name":"laravel-exceptions-renderer::components.formatted-source"},"timestamp":1777118872970}
{"sessionId":"366302","runId":"pre-fix","hypothesisId":"H4","location":"FileViewFinder.php:find","message":"view find called","data":{"name":"laravel-exceptions-renderer::components.syntax-highlight"},"timestamp":1777118872970}
{"sessionId":"366302","runId":"pre-fix","hypothesisId":"H4","location":"FileViewFinder.php:find","message":"view find called","data":{"name":"laravel-exceptions-renderer::components.file-with-line"},"timestamp":1777118872971}
{"sessionId":"366302","runId":"pre-fix","hypothesisId":"H4","location":"FileViewFinder.php:find","message":"view find called","data":{"name":"laravel-exceptions-renderer::components.vendor-frame"},"timestamp":1777118872972}
{"sessionId":"366302","runId":"pre-fix","hypothesisId":"H4","location":"FileViewFinder.php:find","message":"view find called","data":{"name":"laravel-exceptions-renderer::components.formatted-source"},"timestamp":1777118872973}
{"sessionId":"366302","runId":"pre-fix","hypothesisId":"H4","location":"FileViewFinder.php:find","message":"view find called","data":{"name":"laravel-exceptions-renderer::components.syntax-highlight"},"timestamp":1777118872973}
{"sessionId":"366302","runId":"pre-fix","hypothesisId":"H4","location":"FileViewFinder.php:find","message":"view find called","data":{"name":"laravel-exceptions-renderer::components.file-with-line"},"timestamp":1777118872974}
{"sessionId":"366302","runId":"pre-fix","hypothesisId":"H4","location":"FileViewFinder.php:find","message":"view find called","data":{"name":"laravel-exceptions-renderer::components.vendor-frame"},"timestamp":1777118872975}
{"sessionId":"366302","runId":"pre-fix","hypothesisId":"H4","location":"FileViewFinder.php:find","message":"view find called","data":{"name":"laravel-exceptions-renderer::components.formatted-source"},"timestamp":1777118872976}
{"sessionId":"366302","runId":"pre-fix","hypothesisId":"H4","location":"FileViewFinder.php:find","message":"view find called","data":{"name":"laravel-exceptions-renderer::components.syntax-highlight"},"timestamp":1777118872976}
{"sessionId":"366302","runId":"pre-fix","hypothesisId":"H4","location":"FileViewFinder.php:find","message":"view find called","data":{"name":"laravel-exceptions-renderer::components.file-with-line"},"timestamp":1777118872977}
{"sessionId":"366302","runId":"pre-fix","hypothesisId":"H4","location":"FileViewFinder.php:find","message":"view find called","data":{"name":"laravel-exceptions-renderer::components.vendor-frame"},"timestamp":1777118872977}
{"sessionId":"366302","runId":"pre-fix","hypothesisId":"H4","location":"FileViewFinder.php:find","message":"view find called","data":{"name":"laravel-exceptions-renderer::components.formatted-source"},"timestamp":1777118872978}
{"sessionId":"366302","runId":"pre-fix","hypothesisId":"H4","location":"FileViewFinder.php:find","message":"view find called","data":{"name":"laravel-exceptions-renderer::components.syntax-highlight"},"timestamp":1777118872978}
{"sessionId":"366302","runId":"pre-fix","hypothesisId":"H4","location":"FileViewFinder.php:find","message":"view find called","data":{"name":"laravel-exceptions-renderer::components.file-with-line"},"timestamp":1777118872979}
{"sessionId":"366302","runId":"pre-fix","hypothesisId":"H4","location":"FileViewFinder.php:find","message":"view find called","data":{"name":"laravel-exceptions-renderer::components.vendor-frame"},"timestamp":1777118872980}
{"sessionId":"366302","runId":"pre-fix","hypothesisId":"H4","location":"FileViewFinder.php:find","message":"view find called","data":{"name":"laravel-exceptions-renderer::components.formatted-source"},"timestamp":1777118872981}
{"sessionId":"366302","runId":"pre-fix","hypothesisId":"H4","location":"FileViewFinder.php:find","message":"view find called","data":{"name":"laravel-exceptions-renderer::components.syntax-highlight"},"timestamp":1777118872982}
{"sessionId":"366302","runId":"pre-fix","hypothesisId":"H4","location":"FileViewFinder.php:find","message":"view find called","data":{"name":"laravel-exceptions-renderer::components.file-with-line"},"timestamp":1777118872982}
{"sessionId":"366302","runId":"pre-fix","hypothesisId":"H4","location":"FileViewFinder.php:find","message":"view find called","data":{"name":"laravel-exceptions-renderer::components.vendor-frame"},"timestamp":1777118872983}
{"sessionId":"366302","runId":"pre-fix","hypothesisId":"H4","location":"FileViewFinder.php:find","message":"view find called","data":{"name":"laravel-exceptions-renderer::components.formatted-source"},"timestamp":1777118872984}
{"sessionId":"366302","runId":"pre-fix","hypothesisId":"H4","location":"FileViewFinder.php:find","message":"view find called","data":{"name":"laravel-exceptions-renderer::components.syntax-highlight"},"timestamp":1777118872985}
{"sessionId":"366302","runId":"pre-fix","hypothesisId":"H4","location":"FileViewFinder.php:find","message":"view find called","data":{"name":"laravel-exceptions-renderer::components.file-with-line"},"timestamp":1777118872985}
{"sessionId":"366302","runId":"pre-fix","hypothesisId":"H4","location":"FileViewFinder.php:find","message":"view find called","data":{"name":"laravel-exceptions-renderer::components.vendor-frame"},"timestamp":1777118872986}
{"sessionId":"366302","runId":"pre-fix","hypothesisId":"H4","location":"FileViewFinder.php:find","message":"view find called","data":{"name":"laravel-exceptions-renderer::components.formatted-source"},"timestamp":1777118872987}
{"sessionId":"366302","runId":"pre-fix","hypothesisId":"H4","location":"FileViewFinder.php:find","message":"view find called","data":{"name":"laravel-exceptions-renderer::components.syntax-highlight"},"timestamp":1777118872988}
{"sessionId":"366302","runId":"pre-fix","hypothesisId":"H4","location":"FileViewFinder.php:find","message":"view find called","data":{"name":"laravel-exceptions-renderer::components.file-with-line"},"timestamp":1777118872988}
{"sessionId":"366302","runId":"pre-fix","hypothesisId":"H4","location":"FileViewFinder.php:find","message":"view find called","data":{"name":"laravel-exceptions-renderer::components.vendor-frame"},"timestamp":1777118872989}
{"sessionId":"366302","runId":"pre-fix","hypothesisId":"H4","location":"FileViewFinder.php:find","message":"view find called","data":{"name":"laravel-exceptions-renderer::components.formatted-source"},"timestamp":1777118872990}
{"sessionId":"366302","runId":"pre-fix","hypothesisId":"H4","location":"FileViewFinder.php:find","message":"view find called","data":{"name":"laravel-exceptions-renderer::components.syntax-highlight"},"timestamp":1777118872990}
{"sessionId":"366302","runId":"pre-fix","hypothesisId":"H4","location":"FileViewFinder.php:find","message":"view find called","data":{"name":"laravel-exceptions-renderer::components.file-with-line"},"timestamp":1777118872991}
{"sessionId":"366302","runId":"pre-fix","hypothesisId":"H4","location":"FileViewFinder.php:find","message":"view find called","data":{"name":"laravel-exceptions-renderer::components.vendor-frame"},"timestamp":1777118872992}
{"sessionId":"366302","runId":"pre-fix","hypothesisId":"H4","location":"FileViewFinder.php:find","message":"view find called","data":{"name":"laravel-exceptions-renderer::components.formatted-source"},"timestamp":1777118872992}
{"sessionId":"366302","runId":"pre-fix","hypothesisId":"H4","location":"FileViewFinder.php:find","message":"view find called","data":{"name":"laravel-exceptions-renderer::components.syntax-highlight"},"timestamp":1777118872993}
{"sessionId":"366302","runId":"pre-fix","hypothesisId":"H4","location":"FileViewFinder.php:find","message":"view find called","data":{"name":"laravel-exceptions-renderer::components.file-with-line"},"timestamp":1777118872994}
{"sessionId":"366302","runId":"pre-fix","hypothesisId":"H4","location":"FileViewFinder.php:find","message":"view find called","data":{"name":"laravel-exceptions-renderer::components.vendor-frame"},"timestamp":1777118872994}
{"sessionId":"366302","runId":"pre-fix","hypothesisId":"H4","location":"FileViewFinder.php:find","message":"view find called","data":{"name":"laravel-exceptions-renderer::components.formatted-source"},"timestamp":1777118872995}
{"sessionId":"366302","runId":"pre-fix","hypothesisId":"H4","location":"FileViewFinder.php:find","message":"view find called","data":{"name":"laravel-exceptions-renderer::components.syntax-highlight"},"timestamp":1777118872996}
{"sessionId":"366302","runId":"pre-fix","hypothesisId":"H4","location":"FileViewFinder.php:find","message":"view find called","data":{"name":"laravel-exceptions-renderer::components.file-with-line"},"timestamp":1777118872996}
{"sessionId":"366302","runId":"pre-fix","hypothesisId":"H4","location":"FileViewFinder.php:find","message":"view find called","data":{"name":"laravel-exceptions-renderer::components.vendor-frame"},"timestamp":1777118872997}
{"sessionId":"366302","runId":"pre-fix","hypothesisId":"H4","location":"FileViewFinder.php:find","message":"view find called","data":{"name":"laravel-exceptions-renderer::components.formatted-source"},"timestamp":1777118872998}
{"sessionId":"366302","runId":"pre-fix","hypothesisId":"H4","location":"FileViewFinder.php:find","message":"view find called","data":{"name":"laravel-exceptions-renderer::components.syntax-highlight"},"timestamp":1777118872998}
{"sessionId":"366302","runId":"pre-fix","hypothesisId":"H4","location":"FileViewFinder.php:find","message":"view find called","data":{"name":"laravel-exceptions-renderer::components.file-with-line"},"timestamp":1777118872999}
{"sessionId":"366302","runId":"pre-fix","hypothesisId":"H4","location":"FileViewFinder.php:find","message":"view find called","data":{"name":"laravel-exceptions-renderer::components.vendor-frame"},"timestamp":1777118873000}
{"sessionId":"366302","runId":"pre-fix","hypothesisId":"H4","location":"FileViewFinder.php:find","message":"view find called","data":{"name":"laravel-exceptions-renderer::components.formatted-source"},"timestamp":1777118873001}
{"sessionId":"366302","runId":"pre-fix","hypothesisId":"H4","location":"FileViewFinder.php:find","message":"view find called","data":{"name":"laravel-exceptions-renderer::components.syntax-highlight"},"timestamp":1777118873001}
{"sessionId":"366302","runId":"pre-fix","hypothesisId":"H4","location":"FileViewFinder.php:find","message":"view find called","data":{"name":"laravel-exceptions-renderer::components.file-with-line"},"timestamp":1777118873002}
{"sessionId":"366302","runId":"pre-fix","hypothesisId":"H4","location":"FileViewFinder.php:find","message":"view find called","data":{"name":"laravel-exceptions-renderer::components.vendor-frame"},"timestamp":1777118873003}
{"sessionId":"366302","runId":"pre-fix","hypothesisId":"H4","location":"FileViewFinder.php:find","message":"view find called","data":{"name":"laravel-exceptions-renderer::components.formatted-source"},"timestamp":1777118873004}
{"sessionId":"366302","runId":"pre-fix","hypothesisId":"H4","location":"FileViewFinder.php:find","message":"view find called","data":{"name":"laravel-exceptions-renderer::components.syntax-highlight"},"timestamp":1777118873004}
{"sessionId":"366302","runId":"pre-fix","hypothesisId":"H4","location":"FileViewFinder.php:find","message":"view find called","data":{"name":"laravel-exceptions-renderer::components.file-with-line"},"timestamp":1777118873005}
{"sessionId":"366302","runId":"pre-fix","hypothesisId":"H4","location":"FileViewFinder.php:find","message":"view find called","data":{"name":"laravel-exceptions-renderer::components.vendor-frame"},"timestamp":1777118873006}
{"sessionId":"366302","runId":"pre-fix","hypothesisId":"H4","location":"FileViewFinder.php:find","message":"view find called","data":{"name":"laravel-exceptions-renderer::components.formatted-source"},"timestamp":1777118873006}
{"sessionId":"366302","runId":"pre-fix","hypothesisId":"H4","location":"FileViewFinder.php:find","message":"view find called","data":{"name":"laravel-exceptions-renderer::components.syntax-highlight"},"timestamp":1777118873007}
{"sessionId":"366302","runId":"pre-fix","hypothesisId":"H4","location":"FileViewFinder.php:find","message":"view find called","data":{"name":"laravel-exceptions-renderer::components.file-with-line"},"timestamp":1777118873008}
{"sessionId":"366302","runId":"pre-fix","hypothesisId":"H4","location":"FileViewFinder.php:find","message":"view find called","data":{"name":"laravel-exceptions-renderer::components.vendor-frame"},"timestamp":1777118873009}
{"sessionId":"366302","runId":"pre-fix","hypothesisId":"H4","location":"FileViewFinder.php:find","message":"view find called","data":{"name":"laravel-exceptions-renderer::components.formatted-source"},"timestamp":1777118873009}
{"sessionId":"366302","runId":"pre-fix","hypothesisId":"H4","location":"FileViewFinder.php:find","message":"view find called","data":{"name":"laravel-exceptions-renderer::components.syntax-highlight"},"timestamp":1777118873010}
{"sessionId":"366302","runId":"pre-fix","hypothesisId":"H4","location":"FileViewFinder.php:find","message":"view find called","data":{"name":"laravel-exceptions-renderer::components.file-with-line"},"timestamp":1777118873011}
{"sessionId":"366302","runId":"pre-fix","hypothesisId":"H4","location":"FileViewFinder.php:find","message":"view find called","data":{"name":"laravel-exceptions-renderer::components.vendor-frame"},"timestamp":1777118873011}
{"sessionId":"366302","runId":"pre-fix","hypothesisId":"H4","location":"FileViewFinder.php:find","message":"view find called","data":{"name":"laravel-exceptions-renderer::components.formatted-source"},"timestamp":1777118873012}
{"sessionId":"366302","runId":"pre-fix","hypothesisId":"H4","location":"FileViewFinder.php:find","message":"view find called","data":{"name":"laravel-exceptions-renderer::components.syntax-highlight"},"timestamp":1777118873013}
{"sessionId":"366302","runId":"pre-fix","hypothesisId":"H4","location":"FileViewFinder.php:find","message":"view find called","data":{"name":"laravel-exceptions-renderer::components.file-with-line"},"timestamp":1777118873013}
{"sessionId":"366302","runId":"pre-fix","hypothesisId":"H4","location":"FileViewFinder.php:find","message":"view find called","data":{"name":"laravel-exceptions-renderer::components.vendor-frame"},"timestamp":1777118873014}
{"sessionId":"366302","runId":"pre-fix","hypothesisId":"H4","location":"FileViewFinder.php:find","message":"view find called","data":{"name":"laravel-exceptions-renderer::components.formatted-source"},"timestamp":1777118873015}
{"sessionId":"366302","runId":"pre-fix","hypothesisId":"H4","location":"FileViewFinder.php:find","message":"view find called","data":{"name":"laravel-exceptions-renderer::components.syntax-highlight"},"timestamp":1777118873015}
{"sessionId":"366302","runId":"pre-fix","hypothesisId":"H4","location":"FileViewFinder.php:find","message":"view find called","data":{"name":"laravel-exceptions-renderer::components.file-with-line"},"timestamp":1777118873016}
{"sessionId":"366302","runId":"pre-fix","hypothesisId":"H4","location":"FileViewFinder.php:find","message":"view find called","data":{"name":"laravel-exceptions-renderer::components.vendor-frame"},"timestamp":1777118873017}
{"sessionId":"366302","runId":"pre-fix","hypothesisId":"H4","location":"FileViewFinder.php:find","message":"view find called","data":{"name":"laravel-exceptions-renderer::components.formatted-source"},"timestamp":1777118873017}
{"sessionId":"366302","runId":"pre-fix","hypothesisId":"H4","location":"FileViewFinder.php:find","message":"view find called","data":{"name":"laravel-exceptions-renderer::components.syntax-highlight"},"timestamp":1777118873018}
{"sessionId":"366302","runId":"pre-fix","hypothesisId":"H4","location":"FileViewFinder.php:find","message":"view find called","data":{"name":"laravel-exceptions-renderer::components.file-with-line"},"timestamp":1777118873018}
{"sessionId":"366302","runId":"pre-fix","hypothesisId":"H4","location":"FileViewFinder.php:find","message":"view find called","data":{"name":"laravel-exceptions-renderer::components.vendor-frame"},"timestamp":1777118873019}
{"sessionId":"366302","runId":"pre-fix","hypothesisId":"H4","location":"FileViewFinder.php:find","message":"view find called","data":{"name":"laravel-exceptions-renderer::components.formatted-source"},"timestamp":1777118873020}
{"sessionId":"366302","runId":"pre-fix","hypothesisId":"H4","location":"FileViewFinder.php:find","message":"view find called","data":{"name":"laravel-exceptions-renderer::components.syntax-highlight"},"timestamp":1777118873020}
{"sessionId":"366302","runId":"pre-fix","hypothesisId":"H4","location":"FileViewFinder.php:find","message":"view find called","data":{"name":"laravel-exceptions-renderer::components.file-with-line"},"timestamp":1777118873021}
{"sessionId":"366302","runId":"pre-fix","hypothesisId":"H4","location":"FileViewFinder.php:find","message":"view find called","data":{"name":"laravel-exceptions-renderer::components.vendor-frame"},"timestamp":1777118873022}
{"sessionId":"366302","runId":"pre-fix","hypothesisId":"H4","location":"FileViewFinder.php:find","message":"view find called","data":{"name":"laravel-exceptions-renderer::components.formatted-source"},"timestamp":1777118873023}
{"sessionId":"366302","runId":"pre-fix","hypothesisId":"H4","location":"FileViewFinder.php:find","message":"view find called","data":{"name":"laravel-exceptions-renderer::components.syntax-highlight"},"timestamp":1777118873023}
{"sessionId":"366302","runId":"pre-fix","hypothesisId":"H4","location":"FileViewFinder.php:find","message":"view find called","data":{"name":"laravel-exceptions-renderer::components.file-with-line"},"timestamp":1777118873024}
{"sessionId":"366302","runId":"pre-fix","hypothesisId":"H4","location":"FileViewFinder.php:find","message":"view find called","data":{"name":"laravel-exceptions-renderer::components.vendor-frame"},"timestamp":1777118873025}
{"sessionId":"366302","runId":"pre-fix","hypothesisId":"H4","location":"FileViewFinder.php:find","message":"view find called","data":{"name":"laravel-exceptions-renderer::components.formatted-source"},"timestamp":1777118873026}
{"sessionId":"366302","runId":"pre-fix","hypothesisId":"H4","location":"FileViewFinder.php:find","message":"view find called","data":{"name":"laravel-exceptions-renderer::components.syntax-highlight"},"timestamp":1777118873026}
{"sessionId":"366302","runId":"pre-fix","hypothesisId":"H4","location":"FileViewFinder.php:find","message":"view find called","data":{"name":"laravel-exceptions-renderer::components.file-with-line"},"timestamp":1777118873027}
{"sessionId":"366302","runId":"pre-fix","hypothesisId":"H4","location":"FileViewFinder.php:find","message":"view find called","data":{"name":"laravel-exceptions-renderer::components.vendor-frame"},"timestamp":1777118873028}
{"sessionId":"366302","runId":"pre-fix","hypothesisId":"H4","location":"FileViewFinder.php:find","message":"view find called","data":{"name":"laravel-exceptions-renderer::components.formatted-source"},"timestamp":1777118873028}
{"sessionId":"366302","runId":"pre-fix","hypothesisId":"H4","location":"FileViewFinder.php:find","message":"view find called","data":{"name":"laravel-exceptions-renderer::components.syntax-highlight"},"timestamp":1777118873029}
{"sessionId":"366302","runId":"pre-fix","hypothesisId":"H4","location":"FileViewFinder.php:find","message":"view find called","data":{"name":"laravel-exceptions-renderer::components.file-with-line"},"timestamp":1777118873029}
{"sessionId":"366302","runId":"pre-fix","hypothesisId":"H4","location":"FileViewFinder.php:find","message":"view find called","data":{"name":"laravel-exceptions-renderer::components.vendor-frame"},"timestamp":1777118873031}
{"sessionId":"366302","runId":"pre-fix","hypothesisId":"H4","location":"FileViewFinder.php:find","message":"view find called","data":{"name":"laravel-exceptions-renderer::components.formatted-source"},"timestamp":1777118873031}
{"sessionId":"366302","runId":"pre-fix","hypothesisId":"H4","location":"FileViewFinder.php:find","message":"view find called","data":{"name":"laravel-exceptions-renderer::components.syntax-highlight"},"timestamp":1777118873032}
{"sessionId":"366302","runId":"pre-fix","hypothesisId":"H4","location":"FileViewFinder.php:find","message":"view find called","data":{"name":"laravel-exceptions-renderer::components.file-with-line"},"timestamp":1777118873032}
{"sessionId":"366302","runId":"pre-fix","hypothesisId":"H4","location":"FileViewFinder.php:find","message":"view find called","data":{"name":"laravel-exceptions-renderer::components.vendor-frame"},"timestamp":1777118873034}
{"sessionId":"366302","runId":"pre-fix","hypothesisId":"H4","location":"FileViewFinder.php:find","message":"view find called","data":{"name":"laravel-exceptions-renderer::components.formatted-source"},"timestamp":1777118873034}
{"sessionId":"366302","runId":"pre-fix","hypothesisId":"H4","location":"FileViewFinder.php:find","message":"view find called","data":{"name":"laravel-exceptions-renderer::components.syntax-highlight"},"timestamp":1777118873035}
{"sessionId":"366302","runId":"pre-fix","hypothesisId":"H4","location":"FileViewFinder.php:find","message":"view find called","data":{"name":"laravel-exceptions-renderer::components.file-with-line"},"timestamp":1777118873035}
{"sessionId":"366302","runId":"pre-fix","hypothesisId":"H4","location":"FileViewFinder.php:find","message":"view find called","data":{"name":"laravel-exceptions-renderer::components.vendor-frame"},"timestamp":1777118873036}
{"sessionId":"366302","runId":"pre-fix","hypothesisId":"H4","location":"FileViewFinder.php:find","message":"view find called","data":{"name":"laravel-exceptions-renderer::components.formatted-source"},"timestamp":1777118873037}
{"sessionId":"366302","runId":"pre-fix","hypothesisId":"H4","location":"FileViewFinder.php:find","message":"view find called","data":{"name":"laravel-exceptions-renderer::components.syntax-highlight"},"timestamp":1777118873038}
{"sessionId":"366302","runId":"pre-fix","hypothesisId":"H4","location":"FileViewFinder.php:find","message":"view find called","data":{"name":"laravel-exceptions-renderer::components.file-with-line"},"timestamp":1777118873039}
{"sessionId":"366302","runId":"pre-fix","hypothesisId":"H4","location":"FileViewFinder.php:find","message":"view find called","data":{"name":"laravel-exceptions-renderer::components.vendor-frame"},"timestamp":1777118873040}
{"sessionId":"366302","runId":"pre-fix","hypothesisId":"H4","location":"FileViewFinder.php:find","message":"view find called","data":{"name":"laravel-exceptions-renderer::components.formatted-source"},"timestamp":1777118873040}
{"sessionId":"366302","runId":"pre-fix","hypothesisId":"H4","location":"FileViewFinder.php:find","message":"view find called","data":{"name":"laravel-exceptions-renderer::components.syntax-highlight"},"timestamp":1777118873041}
{"sessionId":"366302","runId":"pre-fix","hypothesisId":"H4","location":"FileViewFinder.php:find","message":"view find called","data":{"name":"laravel-exceptions-renderer::components.file-with-line"},"timestamp":1777118873042}
{"sessionId":"366302","runId":"pre-fix","hypothesisId":"H4","location":"FileViewFinder.php:find","message":"view find called","data":{"name":"laravel-exceptions-renderer::components.vendor-frame"},"timestamp":1777118873043}
{"sessionId":"366302","runId":"pre-fix","hypothesisId":"H4","location":"FileViewFinder.php:find","message":"view find called","data":{"name":"laravel-exceptions-renderer::components.formatted-source"},"timestamp":1777118873043}
{"sessionId":"366302","runId":"pre-fix","hypothesisId":"H4","location":"FileViewFinder.php:find","message":"view find called","data":{"name":"laravel-exceptions-renderer::components.syntax-highlight"},"timestamp":1777118873044}
{"sessionId":"366302","runId":"pre-fix","hypothesisId":"H4","location":"FileViewFinder.php:find","message":"view find called","data":{"name":"laravel-exceptions-renderer::components.file-with-line"},"timestamp":1777118873044}
{"sessionId":"366302","runId":"pre-fix","hypothesisId":"H4","location":"FileViewFinder.php:find","message":"view find called","data":{"name":"laravel-exceptions-renderer::components.vendor-frame"},"timestamp":1777118873045}
{"sessionId":"366302","runId":"pre-fix","hypothesisId":"H4","location":"FileViewFinder.php:find","message":"view find called","data":{"name":"laravel-exceptions-renderer::components.formatted-source"},"timestamp":1777118873046}
{"sessionId":"366302","runId":"pre-fix","hypothesisId":"H4","location":"FileViewFinder.php:find","message":"view find called","data":{"name":"laravel-exceptions-renderer::components.syntax-highlight"},"timestamp":1777118873047}
{"sessionId":"366302","runId":"pre-fix","hypothesisId":"H4","location":"FileViewFinder.php:find","message":"view find called","data":{"name":"laravel-exceptions-renderer::components.file-with-line"},"timestamp":1777118873047}
{"sessionId":"366302","runId":"pre-fix","hypothesisId":"H4","location":"FileViewFinder.php:find","message":"view find called","data":{"name":"laravel-exceptions-renderer::components.vendor-frame"},"timestamp":1777118873049}
{"sessionId":"366302","runId":"pre-fix","hypothesisId":"H4","location":"FileViewFinder.php:find","message":"view find called","data":{"name":"laravel-exceptions-renderer::components.formatted-source"},"timestamp":1777118873049}
{"sessionId":"366302","runId":"pre-fix","hypothesisId":"H4","location":"FileViewFinder.php:find","message":"view find called","data":{"name":"laravel-exceptions-renderer::components.syntax-highlight"},"timestamp":1777118873050}
{"sessionId":"366302","runId":"pre-fix","hypothesisId":"H4","location":"FileViewFinder.php:find","message":"view find called","data":{"name":"laravel-exceptions-renderer::components.file-with-line"},"timestamp":1777118873050}
{"sessionId":"366302","runId":"pre-fix","hypothesisId":"H4","location":"FileViewFinder.php:find","message":"view find called","data":{"name":"laravel-exceptions-renderer::components.vendor-frame"},"timestamp":1777118873051}
{"sessionId":"366302","runId":"pre-fix","hypothesisId":"H4","location":"FileViewFinder.php:find","message":"view find called","data":{"name":"laravel-exceptions-renderer::components.formatted-source"},"timestamp":1777118873052}
{"sessionId":"366302","runId":"pre-fix","hypothesisId":"H4","location":"FileViewFinder.php:find","message":"view find called","data":{"name":"laravel-exceptions-renderer::components.syntax-highlight"},"timestamp":1777118873053}
{"sessionId":"366302","runId":"pre-fix","hypothesisId":"H4","location":"FileViewFinder.php:find","message":"view find called","data":{"name":"laravel-exceptions-renderer::components.file-with-line"},"timestamp":1777118873053}
{"sessionId":"366302","runId":"pre-fix","hypothesisId":"H4","location":"FileViewFinder.php:find","message":"view find called","data":{"name":"laravel-exceptions-renderer::components.vendor-frame"},"timestamp":1777118873054}
{"sessionId":"366302","runId":"pre-fix","hypothesisId":"H4","location":"FileViewFinder.php:find","message":"view find called","data":{"name":"laravel-exceptions-renderer::components.formatted-source"},"timestamp":1777118873055}
{"sessionId":"366302","runId":"pre-fix","hypothesisId":"H4","location":"FileViewFinder.php:find","message":"view find called","data":{"name":"laravel-exceptions-renderer::components.syntax-highlight"},"timestamp":1777118873056}
{"sessionId":"366302","runId":"pre-fix","hypothesisId":"H4","location":"FileViewFinder.php:find","message":"view find called","data":{"name":"laravel-exceptions-renderer::components.file-with-line"},"timestamp":1777118873056}
{"sessionId":"366302","runId":"pre-fix","hypothesisId":"H4","location":"FileViewFinder.php:find","message":"view find called","data":{"name":"laravel-exceptions-renderer::components.vendor-frame"},"timestamp":1777118873057}
{"sessionId":"366302","runId":"pre-fix","hypothesisId":"H4","location":"FileViewFinder.php:find","message":"view find called","data":{"name":"laravel-exceptions-renderer::components.formatted-source"},"timestamp":1777118873058}
{"sessionId":"366302","runId":"pre-fix","hypothesisId":"H4","location":"FileViewFinder.php:find","message":"view find called","data":{"name":"laravel-exceptions-renderer::components.syntax-highlight"},"timestamp":1777118873059}
{"sessionId":"366302","runId":"pre-fix","hypothesisId":"H4","location":"FileViewFinder.php:find","message":"view find called","data":{"name":"laravel-exceptions-renderer::components.file-with-line"},"timestamp":1777118873059}
{"sessionId":"366302","runId":"pre-fix","hypothesisId":"H4","location":"FileViewFinder.php:find","message":"view find called","data":{"name":"laravel-exceptions-renderer::components.vendor-frame"},"timestamp":1777118873060}
{"sessionId":"366302","runId":"pre-fix","hypothesisId":"H4","location":"FileViewFinder.php:find","message":"view find called","data":{"name":"laravel-exceptions-renderer::components.formatted-source"},"timestamp":1777118873061}
{"sessionId":"366302","runId":"pre-fix","hypothesisId":"H4","location":"FileViewFinder.php:find","message":"view find called","data":{"name":"laravel-exceptions-renderer::components.syntax-highlight"},"timestamp":1777118873061}
{"sessionId":"366302","runId":"pre-fix","hypothesisId":"H4","location":"FileViewFinder.php:find","message":"view find called","data":{"name":"laravel-exceptions-renderer::components.file-with-line"},"timestamp":1777118873062}
{"sessionId":"366302","runId":"pre-fix","hypothesisId":"H4","location":"FileViewFinder.php:find","message":"view find called","data":{"name":"laravel-exceptions-renderer::components.vendor-frame"},"timestamp":1777118873063}
{"sessionId":"366302","runId":"pre-fix","hypothesisId":"H4","location":"FileViewFinder.php:find","message":"view find called","data":{"name":"laravel-exceptions-renderer::components.formatted-source"},"timestamp":1777118873064}
{"sessionId":"366302","runId":"pre-fix","hypothesisId":"H4","location":"FileViewFinder.php:find","message":"view find called","data":{"name":"laravel-exceptions-renderer::components.syntax-highlight"},"timestamp":1777118873064}
{"sessionId":"366302","runId":"pre-fix","hypothesisId":"H4","location":"FileViewFinder.php:find","message":"view find called","data":{"name":"laravel-exceptions-renderer::components.file-with-line"},"timestamp":1777118873065}
{"sessionId":"366302","runId":"pre-fix","hypothesisId":"H4","location":"FileViewFinder.php:find","message":"view find called","data":{"name":"laravel-exceptions-renderer::components.vendor-frame"},"timestamp":1777118873066}
{"sessionId":"366302","runId":"pre-fix","hypothesisId":"H4","location":"FileViewFinder.php:find","message":"view find called","data":{"name":"laravel-exceptions-renderer::components.formatted-source"},"timestamp":1777118873066}
{"sessionId":"366302","runId":"pre-fix","hypothesisId":"H4","location":"FileViewFinder.php:find","message":"view find called","data":{"name":"laravel-exceptions-renderer::components.syntax-highlight"},"timestamp":1777118873067}
{"sessionId":"366302","runId":"pre-fix","hypothesisId":"H4","location":"FileViewFinder.php:find","message":"view find called","data":{"name":"laravel-exceptions-renderer::components.file-with-line"},"timestamp":1777118873067}
{"sessionId":"366302","runId":"pre-fix","hypothesisId":"H4","location":"FileViewFinder.php:find","message":"view find called","data":{"name":"laravel-exceptions-renderer::components.vendor-frame"},"timestamp":1777118873068}
{"sessionId":"366302","runId":"pre-fix","hypothesisId":"H4","location":"FileViewFinder.php:find","message":"view find called","data":{"name":"laravel-exceptions-renderer::components.formatted-source"},"timestamp":1777118873069}
{"sessionId":"366302","runId":"pre-fix","hypothesisId":"H4","location":"FileViewFinder.php:find","message":"view find called","data":{"name":"laravel-exceptions-renderer::components.syntax-highlight"},"timestamp":1777118873070}
{"sessionId":"366302","runId":"pre-fix","hypothesisId":"H4","location":"FileViewFinder.php:find","message":"view find called","data":{"name":"laravel-exceptions-renderer::components.file-with-line"},"timestamp":1777118873071}
{"sessionId":"366302","runId":"pre-fix","hypothesisId":"H4","location":"FileViewFinder.php:find","message":"view find called","data":{"name":"laravel-exceptions-renderer::components.vendor-frame"},"timestamp":1777118873072}
{"sessionId":"366302","runId":"pre-fix","hypothesisId":"H4","location":"FileViewFinder.php:find","message":"view find called","data":{"name":"laravel-exceptions-renderer::components.formatted-source"},"timestamp":1777118873073}
{"sessionId":"366302","runId":"pre-fix","hypothesisId":"H4","location":"FileViewFinder.php:find","message":"view find called","data":{"name":"laravel-exceptions-renderer::components.syntax-highlight"},"timestamp":1777118873073}
{"sessionId":"366302","runId":"pre-fix","hypothesisId":"H4","location":"FileViewFinder.php:find","message":"view find called","data":{"name":"laravel-exceptions-renderer::components.file-with-line"},"timestamp":1777118873074}
{"sessionId":"366302","runId":"pre-fix","hypothesisId":"H4","location":"FileViewFinder.php:find","message":"view find called","data":{"name":"laravel-exceptions-renderer::components.vendor-frame"},"timestamp":1777118873075}
{"sessionId":"366302","runId":"pre-fix","hypothesisId":"H4","location":"FileViewFinder.php:find","message":"view find called","data":{"name":"laravel-exceptions-renderer::components.formatted-source"},"timestamp":1777118873076}
{"sessionId":"366302","runId":"pre-fix","hypothesisId":"H4","location":"FileViewFinder.php:find","message":"view find called","data":{"name":"laravel-exceptions-renderer::components.syntax-highlight"},"timestamp":1777118873076}
{"sessionId":"366302","runId":"pre-fix","hypothesisId":"H4","location":"FileViewFinder.php:find","message":"view find called","data":{"name":"laravel-exceptions-renderer::components.file-with-line"},"timestamp":1777118873077}
{"sessionId":"366302","runId":"pre-fix","hypothesisId":"H4","location":"FileViewFinder.php:find","message":"view find called","data":{"name":"laravel-exceptions-renderer::components.vendor-frame"},"timestamp":1777118873078}
{"sessionId":"366302","runId":"pre-fix","hypothesisId":"H4","location":"FileViewFinder.php:find","message":"view find called","data":{"name":"laravel-exceptions-renderer::components.formatted-source"},"timestamp":1777118873078}
{"sessionId":"366302","runId":"pre-fix","hypothesisId":"H4","location":"FileViewFinder.php:find","message":"view find called","data":{"name":"laravel-exceptions-renderer::components.syntax-highlight"},"timestamp":1777118873079}
{"sessionId":"366302","runId":"pre-fix","hypothesisId":"H4","location":"FileViewFinder.php:find","message":"view find called","data":{"name":"laravel-exceptions-renderer::components.file-with-line"},"timestamp":1777118873080}
{"sessionId":"366302","runId":"pre-fix","hypothesisId":"H4","location":"FileViewFinder.php:find","message":"view find called","data":{"name":"laravel-exceptions-renderer::components.frame"},"timestamp":1777118873081}
{"sessionId":"366302","runId":"pre-fix","hypothesisId":"H4","location":"FileViewFinder.php:find","message":"view find called","data":{"name":"laravel-exceptions-renderer::components.formatted-source"},"timestamp":1777118873082}
{"sessionId":"366302","runId":"pre-fix","hypothesisId":"H4","location":"FileViewFinder.php:find","message":"view find called","data":{"name":"laravel-exceptions-renderer::components.syntax-highlight"},"timestamp":1777118873083}
{"sessionId":"366302","runId":"pre-fix","hypothesisId":"H4","location":"FileViewFinder.php:find","message":"view find called","data":{"name":"laravel-exceptions-renderer::components.file-with-line"},"timestamp":1777118873083}
{"sessionId":"366302","runId":"pre-fix","hypothesisId":"H4","location":"FileViewFinder.php:find","message":"view find called","data":{"name":"laravel-exceptions-renderer::components.icons.chevrons-down-up"},"timestamp":1777118873084}
{"sessionId":"366302","runId":"pre-fix","hypothesisId":"H4","location":"FileViewFinder.php:find","message":"view find called","data":{"name":"laravel-exceptions-renderer::components.icons.chevrons-up-down"},"timestamp":1777118873085}
{"sessionId":"366302","runId":"pre-fix","hypothesisId":"H4","location":"FileViewFinder.php:find","message":"view find called","data":{"name":"laravel-exceptions-renderer::components.frame-code"},"timestamp":1777118873086}
{"sessionId":"366302","runId":"pre-fix","hypothesisId":"H4","location":"FileViewFinder.php:find","message":"view find called","data":{"name":"laravel-exceptions-renderer::components.syntax-highlight"},"timestamp":1777118873087}
{"sessionId":"366302","runId":"pre-fix","hypothesisId":"H4","location":"FileViewFinder.php:find","message":"view find called","data":{"name":"laravel-exceptions-renderer::components.vendor-frames"},"timestamp":1777118873088}
{"sessionId":"366302","runId":"pre-fix","hypothesisId":"H4","location":"FileViewFinder.php:find","message":"view find called","data":{"name":"laravel-exceptions-renderer::components.icons.folder"},"timestamp":1777118873088}
{"sessionId":"366302","runId":"pre-fix","hypothesisId":"H4","location":"FileViewFinder.php:find","message":"view find called","data":{"name":"laravel-exceptions-renderer::components.icons.folder-open"},"timestamp":1777118873089}
{"sessionId":"366302","runId":"pre-fix","hypothesisId":"H4","location":"FileViewFinder.php:find","message":"view find called","data":{"name":"laravel-exceptions-renderer::components.icons.chevrons-down-up"},"timestamp":1777118873090}
{"sessionId":"366302","runId":"pre-fix","hypothesisId":"H4","location":"FileViewFinder.php:find","message":"view find called","data":{"name":"laravel-exceptions-renderer::components.icons.chevrons-up-down"},"timestamp":1777118873090}
{"sessionId":"366302","runId":"pre-fix","hypothesisId":"H4","location":"FileViewFinder.php:find","message":"view find called","data":{"name":"laravel-exceptions-renderer::components.vendor-frame"},"timestamp":1777118873091}
{"sessionId":"366302","runId":"pre-fix","hypothesisId":"H4","location":"FileViewFinder.php:find","message":"view find called","data":{"name":"laravel-exceptions-renderer::components.file-with-line"},"timestamp":1777118873092}
{"sessionId":"366302","runId":"pre-fix","hypothesisId":"H4","location":"FileViewFinder.php:find","message":"view find called","data":{"name":"laravel-exceptions-renderer::components.query"},"timestamp":1777118873092}
{"sessionId":"366302","runId":"pre-fix","hypothesisId":"H4","location":"FileViewFinder.php:find","message":"view find called","data":{"name":"laravel-exceptions-renderer::components.query"},"timestamp":1777118873093}
{"sessionId":"366302","runId":"pre-fix","hypothesisId":"H4","location":"FileViewFinder.php:find","message":"view find called","data":{"name":"laravel-exceptions-renderer::components.icons.database"},"timestamp":1777118873094}
{"sessionId":"366302","runId":"pre-fix","hypothesisId":"H4","location":"FileViewFinder.php:find","message":"view find called","data":{"name":"laravel-exceptions-renderer::components.icons.database"},"timestamp":1777118873094}
{"sessionId":"366302","runId":"pre-fix","hypothesisId":"H4","location":"FileViewFinder.php:find","message":"view find called","data":{"name":"laravel-exceptions-renderer::components.icons.database"},"timestamp":1777118873095}
{"sessionId":"366302","runId":"pre-fix","hypothesisId":"H4","location":"FileViewFinder.php:find","message":"view find called","data":{"name":"laravel-exceptions-renderer::components.syntax-highlight"},"timestamp":1777118873096}
{"sessionId":"366302","runId":"pre-fix","hypothesisId":"H4","location":"FileViewFinder.php:find","message":"view find called","data":{"name":"laravel-exceptions-renderer::components.icons.database"},"timestamp":1777118873097}
{"sessionId":"366302","runId":"pre-fix","hypothesisId":"H4","location":"FileViewFinder.php:find","message":"view find called","data":{"name":"laravel-exceptions-renderer::components.syntax-highlight"},"timestamp":1777118873097}
{"sessionId":"366302","runId":"pre-fix","hypothesisId":"H4","location":"FileViewFinder.php:find","message":"view find called","data":{"name":"laravel-exceptions-renderer::components.icons.database"},"timestamp":1777118873098}
{"sessionId":"366302","runId":"pre-fix","hypothesisId":"H4","location":"FileViewFinder.php:find","message":"view find called","data":{"name":"laravel-exceptions-renderer::components.syntax-highlight"},"timestamp":1777118873098}
{"sessionId":"366302","runId":"pre-fix","hypothesisId":"H4","location":"FileViewFinder.php:find","message":"view find called","data":{"name":"laravel-exceptions-renderer::components.icons.database"},"timestamp":1777118873099}
{"sessionId":"366302","runId":"pre-fix","hypothesisId":"H4","location":"FileViewFinder.php:find","message":"view find called","data":{"name":"laravel-exceptions-renderer::components.syntax-highlight"},"timestamp":1777118873100}
{"sessionId":"366302","runId":"pre-fix","hypothesisId":"H4","location":"FileViewFinder.php:find","message":"view find called","data":{"name":"laravel-exceptions-renderer::components.icons.database"},"timestamp":1777118873100}
{"sessionId":"366302","runId":"pre-fix","hypothesisId":"H4","location":"FileViewFinder.php:find","message":"view find called","data":{"name":"laravel-exceptions-renderer::components.syntax-highlight"},"timestamp":1777118873101}
{"sessionId":"366302","runId":"pre-fix","hypothesisId":"H4","location":"FileViewFinder.php:find","message":"view find called","data":{"name":"laravel-exceptions-renderer::components.icons.chevrons-left"},"timestamp":1777118873101}
{"sessionId":"366302","runId":"pre-fix","hypothesisId":"H4","location":"FileViewFinder.php:find","message":"view find called","data":{"name":"laravel-exceptions-renderer::components.icons.chevrons-left"},"timestamp":1777118873102}
{"sessionId":"366302","runId":"pre-fix","hypothesisId":"H4","location":"FileViewFinder.php:find","message":"view find called","data":{"name":"laravel-exceptions-renderer::components.icons.chevron-left"},"timestamp":1777118873103}
{"sessionId":"366302","runId":"pre-fix","hypothesisId":"H4","location":"FileViewFinder.php:find","message":"view find called","data":{"name":"laravel-exceptions-renderer::components.icons.chevron-left"},"timestamp":1777118873103}
{"sessionId":"366302","runId":"pre-fix","hypothesisId":"H4","location":"FileViewFinder.php:find","message":"view find called","data":{"name":"laravel-exceptions-renderer::components.icons.chevron-right"},"timestamp":1777118873104}
{"sessionId":"366302","runId":"pre-fix","hypothesisId":"H4","location":"FileViewFinder.php:find","message":"view find called","data":{"name":"laravel-exceptions-renderer::components.icons.chevron-right"},"timestamp":1777118873105}
{"sessionId":"366302","runId":"pre-fix","hypothesisId":"H4","location":"FileViewFinder.php:find","message":"view find called","data":{"name":"laravel-exceptions-renderer::components.icons.chevrons-right"},"timestamp":1777118873106}
{"sessionId":"366302","runId":"pre-fix","hypothesisId":"H4","location":"FileViewFinder.php:find","message":"view find called","data":{"name":"laravel-exceptions-renderer::components.icons.chevrons-right"},"timestamp":1777118873106}
{"sessionId":"366302","runId":"pre-fix","hypothesisId":"H4","location":"FileViewFinder.php:find","message":"view find called","data":{"name":"laravel-exceptions-renderer::components.section-container"},"timestamp":1777118873107}
{"sessionId":"366302","runId":"pre-fix","hypothesisId":"H4","location":"FileViewFinder.php:find","message":"view find called","data":{"name":"laravel-exceptions-renderer::components.separator"},"timestamp":1777118873108}
{"sessionId":"366302","runId":"pre-fix","hypothesisId":"H4","location":"FileViewFinder.php:find","message":"view find called","data":{"name":"laravel-exceptions-renderer::components.request-header"},"timestamp":1777118873108}
{"sessionId":"366302","runId":"pre-fix","hypothesisId":"H4","location":"FileViewFinder.php:find","message":"view find called","data":{"name":"laravel-exceptions-renderer::components.request-header"},"timestamp":1777118873109}
{"sessionId":"366302","runId":"pre-fix","hypothesisId":"H4","location":"FileViewFinder.php:find","message":"view find called","data":{"name":"laravel-exceptions-renderer::components.request-body"},"timestamp":1777118873110}
{"sessionId":"366302","runId":"pre-fix","hypothesisId":"H4","location":"FileViewFinder.php:find","message":"view find called","data":{"name":"laravel-exceptions-renderer::components.request-body"},"timestamp":1777118873110}
{"sessionId":"366302","runId":"pre-fix","hypothesisId":"H4","location":"FileViewFinder.php:find","message":"view find called","data":{"name":"laravel-exceptions-renderer::components.empty-state"},"timestamp":1777118873111}
{"sessionId":"366302","runId":"pre-fix","hypothesisId":"H4","location":"FileViewFinder.php:find","message":"view find called","data":{"name":"laravel-exceptions-renderer::components.empty-state"},"timestamp":1777118873112}
{"sessionId":"366302","runId":"pre-fix","hypothesisId":"H4","location":"FileViewFinder.php:find","message":"view find called","data":{"name":"laravel-exceptions-renderer::components.routing"},"timestamp":1777118873113}
{"sessionId":"366302","runId":"pre-fix","hypothesisId":"H4","location":"FileViewFinder.php:find","message":"view find called","data":{"name":"laravel-exceptions-renderer::components.routing"},"timestamp":1777118873113}
{"sessionId":"366302","runId":"pre-fix","hypothesisId":"H4","location":"FileViewFinder.php:find","message":"view find called","data":{"name":"laravel-exceptions-renderer::components.routing-parameter"},"timestamp":1777118873115}
{"sessionId":"366302","runId":"pre-fix","hypothesisId":"H4","location":"FileViewFinder.php:find","message":"view find called","data":{"name":"laravel-exceptions-renderer::components.routing-parameter"},"timestamp":1777118873116}
{"sessionId":"366302","runId":"pre-fix","hypothesisId":"H4","location":"FileViewFinder.php:find","message":"view find called","data":{"name":"laravel-exceptions-renderer::components.syntax-highlight"},"timestamp":1777118873117}
{"sessionId":"366302","runId":"pre-fix","hypothesisId":"H4","location":"FileViewFinder.php:find","message":"view find called","data":{"name":"laravel-exceptions-renderer::components.section-container"},"timestamp":1777118873118}
{"sessionId":"366302","runId":"pre-fix","hypothesisId":"H4","location":"FileViewFinder.php:find","message":"view find called","data":{"name":"laravel-exceptions-renderer::components.separator"},"timestamp":1777118873118}
{"sessionId":"366302","runId":"pre-fix","hypothesisId":"H4","location":"FileViewFinder.php:find","message":"view find called","data":{"name":"laravel-exceptions-renderer::components.laravel-ascii-spotlight"},"timestamp":1777118873119}
{"sessionId":"366302","runId":"pre-fix","hypothesisId":"H4","location":"FileViewFinder.php:find","message":"view find called","data":{"name":"laravel-exceptions-renderer::components.laravel-ascii-spotlight"},"timestamp":1777118873120}
{"sessionId":"366302","runId":"pre-fix","hypothesisId":"H4","location":"FileViewFinder.php:find","message":"view find called","data":{"name":"laravel-exceptions-renderer::components.icons.laravel-ascii"},"timestamp":1777118873121}
{"sessionId":"366302","runId":"pre-fix","hypothesisId":"H4","location":"FileViewFinder.php:find","message":"view find called","data":{"name":"laravel-exceptions-renderer::components.icons.laravel-ascii"},"timestamp":1777118873122}
{"sessionId":"366302","runId":"pre-fix","hypothesisId":"H4","location":"FileViewFinder.php:find","message":"view find called","data":{"name":"laravel-exceptions-renderer::components.icons.laravel-ascii"},"timestamp":1777118873123}
{"sessionId":"366302","runId":"pre-fix","hypothesisId":"H4","location":"FileViewFinder.php:find","message":"view find called","data":{"name":"laravel-exceptions-renderer::components.section-container"},"timestamp":1777118873124}
{"sessionId":"366302","runId":"pre-fix","hypothesisId":"H4","location":"FileViewFinder.php:find","message":"view find called","data":{"name":"laravel-exceptions-renderer::components.layout"},"timestamp":1777118873124}
{"sessionId":"366302","runId":"pre-fix","hypothesisId":"H4","location":"FileViewFinder.php:find","message":"view find called","data":{"name":"product.show"},"timestamp":1777118918805}
{"sessionId":"366302","runId":"pre-fix","hypothesisId":"H2","location":"ComponentTagCompiler.php:componentString","message":"component tag compiled","data":{"component":"layouts.app"},"timestamp":1777118918808}
{"sessionId":"366302","runId":"pre-fix","hypothesisId":"H3","location":"ComponentTagCompiler.php:guessAnonymousComponentUsingNamespaces","message":"checking anonymous component namespaces","data":{"component":"layouts.app","registeredNamespaces":[]},"timestamp":1777118918809}
{"sessionId":"366302","runId":"pre-fix","hypothesisId":"H4","location":"FileViewFinder.php:find","message":"view find called","data":{"name":"components.layouts.app"},"timestamp":1777118918809}
{"sessionId":"366302","runId":"pre-fix","hypothesisId":"H4","location":"FileViewFinder.php:find","message":"view find called","data":{"name":"components.layouts.app"},"timestamp":1777118918813}
{"sessionId":"366302","runId":"pre-fix","hypothesisId":"H2","location":"ComponentTagCompiler.php:componentString","message":"component tag compiled","data":{"component":"layouts.app"},"timestamp":1777118918997}
{"sessionId":"366302","runId":"pre-fix","hypothesisId":"H3","location":"ComponentTagCompiler.php:guessAnonymousComponentUsingNamespaces","message":"checking anonymous component namespaces","data":{"component":"layouts.app","registeredNamespaces":[]},"timestamp":1777118918997}
{"sessionId":"366302","runId":"pre-fix","hypothesisId":"H4","location":"FileViewFinder.php:find","message":"view find called","data":{"name":"components.layouts.app"},"timestamp":1777118918998}
{"sessionId":"366302","runId":"pre-fix","hypothesisId":"H4","location":"FileViewFinder.php:find","message":"view find called","data":{"name":"laravel-exceptions-renderer::markdown"},"timestamp":1777118919001}
{"sessionId":"366302","runId":"pre-fix","hypothesisId":"H4","location":"FileViewFinder.php:find","message":"view find called","data":{"name":"laravel-exceptions-renderer::show"},"timestamp":1777118919491}
{"sessionId":"366302","runId":"pre-fix","hypothesisId":"H4","location":"FileViewFinder.php:find","message":"view find called","data":{"name":"laravel-exceptions-renderer::components.layout"},"timestamp":1777118919492}
{"sessionId":"366302","runId":"pre-fix","hypothesisId":"H4","location":"FileViewFinder.php:find","message":"view find called","data":{"name":"laravel-exceptions-renderer::components.section-container"},"timestamp":1777118919492}
{"sessionId":"366302","runId":"pre-fix","hypothesisId":"H4","location":"FileViewFinder.php:find","message":"view find called","data":{"name":"laravel-exceptions-renderer::components.topbar"},"timestamp":1777118919493}
{"sessionId":"366302","runId":"pre-fix","hypothesisId":"H4","location":"FileViewFinder.php:find","message":"view find called","data":{"name":"laravel-exceptions-renderer::components.topbar"},"timestamp":1777118919494}
{"sessionId":"366302","runId":"pre-fix","hypothesisId":"H4","location":"FileViewFinder.php:find","message":"view find called","data":{"name":"laravel-exceptions-renderer::components.icons.copy"},"timestamp":1777118919495}
{"sessionId":"366302","runId":"pre-fix","hypothesisId":"H4","location":"FileViewFinder.php:find","message":"view find called","data":{"name":"laravel-exceptions-renderer::components.icons.copy"},"timestamp":1777118919495}
{"sessionId":"366302","runId":"pre-fix","hypothesisId":"H4","location":"FileViewFinder.php:find","message":"view find called","data":{"name":"laravel-exceptions-renderer::components.icons.check"},"timestamp":1777118919496}
{"sessionId":"366302","runId":"pre-fix","hypothesisId":"H4","location":"FileViewFinder.php:find","message":"view find called","data":{"name":"laravel-exceptions-renderer::components.icons.check"},"timestamp":1777118919497}
{"sessionId":"366302","runId":"pre-fix","hypothesisId":"H4","location":"FileViewFinder.php:find","message":"view find called","data":{"name":"laravel-exceptions-renderer::components.section-container"},"timestamp":1777118919498}
{"sessionId":"366302","runId":"pre-fix","hypothesisId":"H4","location":"FileViewFinder.php:find","message":"view find called","data":{"name":"laravel-exceptions-renderer::components.separator"},"timestamp":1777118919498}
{"sessionId":"366302","runId":"pre-fix","hypothesisId":"H4","location":"FileViewFinder.php:find","message":"view find called","data":{"name":"laravel-exceptions-renderer::components.separator"},"timestamp":1777118919499}
{"sessionId":"366302","runId":"pre-fix","hypothesisId":"H4","location":"FileViewFinder.php:find","message":"view find called","data":{"name":"laravel-exceptions-renderer::components.header"},"timestamp":1777118919500}
{"sessionId":"366302","runId":"pre-fix","hypothesisId":"H4","location":"FileViewFinder.php:find","message":"view find called","data":{"name":"laravel-exceptions-renderer::components.header"},"timestamp":1777118919500}
{"sessionId":"366302","runId":"pre-fix","hypothesisId":"H4","location":"FileViewFinder.php:find","message":"view find called","data":{"name":"laravel-exceptions-renderer::components.file-with-line"},"timestamp":1777118919501}
{"sessionId":"366302","runId":"pre-fix","hypothesisId":"H4","location":"FileViewFinder.php:find","message":"view find called","data":{"name":"laravel-exceptions-renderer::components.file-with-line"},"timestamp":1777118919502}
{"sessionId":"366302","runId":"pre-fix","hypothesisId":"H4","location":"FileViewFinder.php:find","message":"view find called","data":{"name":"laravel-exceptions-renderer::components.badge"},"timestamp":1777118919503}
{"sessionId":"366302","runId":"pre-fix","hypothesisId":"H4","location":"FileViewFinder.php:find","message":"view find called","data":{"name":"laravel-exceptions-renderer::components.icons.alert"},"timestamp":1777118919504}
{"sessionId":"366302","runId":"pre-fix","hypothesisId":"H4","location":"FileViewFinder.php:find","message":"view find called","data":{"name":"laravel-exceptions-renderer::components.icons.alert"},"timestamp":1777118919504}
{"sessionId":"366302","runId":"pre-fix","hypothesisId":"H4","location":"FileViewFinder.php:find","message":"view find called","data":{"name":"laravel-exceptions-renderer::components.badge"},"timestamp":1777118919505}
{"sessionId":"366302","runId":"pre-fix","hypothesisId":"H4","location":"FileViewFinder.php:find","message":"view find called","data":{"name":"laravel-exceptions-renderer::components.badge"},"timestamp":1777118919506}
{"sessionId":"366302","runId":"pre-fix","hypothesisId":"H4","location":"FileViewFinder.php:find","message":"view find called","data":{"name":"laravel-exceptions-renderer::components.request-url"},"timestamp":1777118919507}
{"sessionId":"366302","runId":"pre-fix","hypothesisId":"H4","location":"FileViewFinder.php:find","message":"view find called","data":{"name":"laravel-exceptions-renderer::components.request-url"},"timestamp":1777118919507}
{"sessionId":"366302","runId":"pre-fix","hypothesisId":"H4","location":"FileViewFinder.php:find","message":"view find called","data":{"name":"laravel-exceptions-renderer::components.icons.alert"},"timestamp":1777118919508}
{"sessionId":"366302","runId":"pre-fix","hypothesisId":"H4","location":"FileViewFinder.php:find","message":"view find called","data":{"name":"laravel-exceptions-renderer::components.badge"},"timestamp":1777118919509}
{"sessionId":"366302","runId":"pre-fix","hypothesisId":"H4","location":"FileViewFinder.php:find","message":"view find called","data":{"name":"laravel-exceptions-renderer::components.http-method"},"timestamp":1777118919509}
{"sessionId":"366302","runId":"pre-fix","hypothesisId":"H4","location":"FileViewFinder.php:find","message":"view find called","data":{"name":"laravel-exceptions-renderer::components.http-method"},"timestamp":1777118919510}
{"sessionId":"366302","runId":"pre-fix","hypothesisId":"H4","location":"FileViewFinder.php:find","message":"view find called","data":{"name":"laravel-exceptions-renderer::components.icons.globe"},"timestamp":1777118919511}
{"sessionId":"366302","runId":"pre-fix","hypothesisId":"H4","location":"FileViewFinder.php:find","message":"view find called","data":{"name":"laravel-exceptions-renderer::components.icons.globe"},"timestamp":1777118919511}
{"sessionId":"366302","runId":"pre-fix","hypothesisId":"H4","location":"FileViewFinder.php:find","message":"view find called","data":{"name":"laravel-exceptions-renderer::components.badge"},"timestamp":1777118919512}
{"sessionId":"366302","runId":"pre-fix","hypothesisId":"H4","location":"FileViewFinder.php:find","message":"view find called","data":{"name":"laravel-exceptions-renderer::components.icons.copy"},"timestamp":1777118919513}
{"sessionId":"366302","runId":"pre-fix","hypothesisId":"H4","location":"FileViewFinder.php:find","message":"view find called","data":{"name":"laravel-exceptions-renderer::components.icons.check"},"timestamp":1777118919513}
{"sessionId":"366302","runId":"pre-fix","hypothesisId":"H4","location":"FileViewFinder.php:find","message":"view find called","data":{"name":"laravel-exceptions-renderer::components.section-container"},"timestamp":1777118919514}
{"sessionId":"366302","runId":"pre-fix","hypothesisId":"H4","location":"FileViewFinder.php:find","message":"view find called","data":{"name":"laravel-exceptions-renderer::components.separator"},"timestamp":1777118919514}
{"sessionId":"366302","runId":"pre-fix","hypothesisId":"H4","location":"FileViewFinder.php:find","message":"view find called","data":{"name":"laravel-exceptions-renderer::components.trace"},"timestamp":1777118919515}
{"sessionId":"366302","runId":"pre-fix","hypothesisId":"H4","location":"FileViewFinder.php:find","message":"view find called","data":{"name":"laravel-exceptions-renderer::components.trace"},"timestamp":1777118919516}
{"sessionId":"366302","runId":"pre-fix","hypothesisId":"H4","location":"FileViewFinder.php:find","message":"view find called","data":{"name":"laravel-exceptions-renderer::components.icons.alert"},"timestamp":1777118919517}
{"sessionId":"366302","runId":"pre-fix","hypothesisId":"H4","location":"FileViewFinder.php:find","message":"view find called","data":{"name":"laravel-exceptions-renderer::components.frame"},"timestamp":1777118919518}
{"sessionId":"366302","runId":"pre-fix","hypothesisId":"H4","location":"FileViewFinder.php:find","message":"view find called","data":{"name":"laravel-exceptions-renderer::components.frame"},"timestamp":1777118919518}
{"sessionId":"366302","runId":"pre-fix","hypothesisId":"H4","location":"FileViewFinder.php:find","message":"view find called","data":{"name":"laravel-exceptions-renderer::components.formatted-source"},"timestamp":1777118919520}
{"sessionId":"366302","runId":"pre-fix","hypothesisId":"H4","location":"FileViewFinder.php:find","message":"view find called","data":{"name":"laravel-exceptions-renderer::components.formatted-source"},"timestamp":1777118919520}
{"sessionId":"366302","runId":"pre-fix","hypothesisId":"H4","location":"FileViewFinder.php:find","message":"view find called","data":{"name":"laravel-exceptions-renderer::components.syntax-highlight"},"timestamp":1777118919521}
{"sessionId":"366302","runId":"pre-fix","hypothesisId":"H4","location":"FileViewFinder.php:find","message":"view find called","data":{"name":"laravel-exceptions-renderer::components.syntax-highlight"},"timestamp":1777118919522}
{"sessionId":"366302","runId":"pre-fix","hypothesisId":"H4","location":"FileViewFinder.php:find","message":"view find called","data":{"name":"laravel-exceptions-renderer::components.file-with-line"},"timestamp":1777118919523}
{"sessionId":"366302","runId":"pre-fix","hypothesisId":"H4","location":"FileViewFinder.php:find","message":"view find called","data":{"name":"laravel-exceptions-renderer::components.icons.chevrons-down-up"},"timestamp":1777118919523}
{"sessionId":"366302","runId":"pre-fix","hypothesisId":"H4","location":"FileViewFinder.php:find","message":"view find called","data":{"name":"laravel-exceptions-renderer::components.icons.chevrons-down-up"},"timestamp":1777118919524}
{"sessionId":"366302","runId":"pre-fix","hypothesisId":"H4","location":"FileViewFinder.php:find","message":"view find called","data":{"name":"laravel-exceptions-renderer::components.icons.chevrons-up-down"},"timestamp":1777118919525}
{"sessionId":"366302","runId":"pre-fix","hypothesisId":"H4","location":"FileViewFinder.php:find","message":"view find called","data":{"name":"laravel-exceptions-renderer::components.icons.chevrons-up-down"},"timestamp":1777118919525}
{"sessionId":"366302","runId":"pre-fix","hypothesisId":"H4","location":"FileViewFinder.php:find","message":"view find called","data":{"name":"laravel-exceptions-renderer::components.frame-code"},"timestamp":1777118919527}
{"sessionId":"366302","runId":"pre-fix","hypothesisId":"H4","location":"FileViewFinder.php:find","message":"view find called","data":{"name":"laravel-exceptions-renderer::components.frame-code"},"timestamp":1777118919527}
{"sessionId":"366302","runId":"pre-fix","hypothesisId":"H4","location":"FileViewFinder.php:find","message":"view find called","data":{"name":"laravel-exceptions-renderer::components.syntax-highlight"},"timestamp":1777118919528}
{"sessionId":"366302","runId":"pre-fix","hypothesisId":"H4","location":"FileViewFinder.php:find","message":"view find called","data":{"name":"laravel-exceptions-renderer::components.vendor-frames"},"timestamp":1777118919529}
{"sessionId":"366302","runId":"pre-fix","hypothesisId":"H4","location":"FileViewFinder.php:find","message":"view find called","data":{"name":"laravel-exceptions-renderer::components.vendor-frames"},"timestamp":1777118919530}
{"sessionId":"366302","runId":"pre-fix","hypothesisId":"H4","location":"FileViewFinder.php:find","message":"view find called","data":{"name":"laravel-exceptions-renderer::components.icons.folder"},"timestamp":1777118919530}
{"sessionId":"366302","runId":"pre-fix","hypothesisId":"H4","location":"FileViewFinder.php:find","message":"view find called","data":{"name":"laravel-exceptions-renderer::components.icons.folder"},"timestamp":1777118919531}
{"sessionId":"366302","runId":"pre-fix","hypothesisId":"H4","location":"FileViewFinder.php:find","message":"view find called","data":{"name":"laravel-exceptions-renderer::components.icons.folder-open"},"timestamp":1777118919532}
{"sessionId":"366302","runId":"pre-fix","hypothesisId":"H4","location":"FileViewFinder.php:find","message":"view find called","data":{"name":"laravel-exceptions-renderer::components.icons.folder-open"},"timestamp":1777118919533}
{"sessionId":"366302","runId":"pre-fix","hypothesisId":"H4","location":"FileViewFinder.php:find","message":"view find called","data":{"name":"laravel-exceptions-renderer::components.icons.chevrons-down-up"},"timestamp":1777118919534}
{"sessionId":"366302","runId":"pre-fix","hypothesisId":"H4","location":"FileViewFinder.php:find","message":"view find called","data":{"name":"laravel-exceptions-renderer::components.icons.chevrons-up-down"},"timestamp":1777118919535}
{"sessionId":"366302","runId":"pre-fix","hypothesisId":"H4","location":"FileViewFinder.php:find","message":"view find called","data":{"name":"laravel-exceptions-renderer::components.vendor-frame"},"timestamp":1777118919536}
{"sessionId":"366302","runId":"pre-fix","hypothesisId":"H4","location":"FileViewFinder.php:find","message":"view find called","data":{"name":"laravel-exceptions-renderer::components.vendor-frame"},"timestamp":1777118919536}
{"sessionId":"366302","runId":"pre-fix","hypothesisId":"H4","location":"FileViewFinder.php:find","message":"view find called","data":{"name":"laravel-exceptions-renderer::components.formatted-source"},"timestamp":1777118919537}
{"sessionId":"366302","runId":"pre-fix","hypothesisId":"H4","location":"FileViewFinder.php:find","message":"view find called","data":{"name":"laravel-exceptions-renderer::components.syntax-highlight"},"timestamp":1777118919538}
{"sessionId":"366302","runId":"pre-fix","hypothesisId":"H4","location":"FileViewFinder.php:find","message":"view find called","data":{"name":"laravel-exceptions-renderer::components.file-with-line"},"timestamp":1777118919538}
{"sessionId":"366302","runId":"pre-fix","hypothesisId":"H4","location":"FileViewFinder.php:find","message":"view find called","data":{"name":"laravel-exceptions-renderer::components.vendor-frame"},"timestamp":1777118919539}
{"sessionId":"366302","runId":"pre-fix","hypothesisId":"H4","location":"FileViewFinder.php:find","message":"view find called","data":{"name":"laravel-exceptions-renderer::components.formatted-source"},"timestamp":1777118919540}
{"sessionId":"366302","runId":"pre-fix","hypothesisId":"H4","location":"FileViewFinder.php:find","message":"view find called","data":{"name":"laravel-exceptions-renderer::components.syntax-highlight"},"timestamp":1777118919540}
{"sessionId":"366302","runId":"pre-fix","hypothesisId":"H4","location":"FileViewFinder.php:find","message":"view find called","data":{"name":"laravel-exceptions-renderer::components.file-with-line"},"timestamp":1777118919541}
{"sessionId":"366302","runId":"pre-fix","hypothesisId":"H4","location":"FileViewFinder.php:find","message":"view find called","data":{"name":"laravel-exceptions-renderer::components.vendor-frame"},"timestamp":1777118919542}
{"sessionId":"366302","runId":"pre-fix","hypothesisId":"H4","location":"FileViewFinder.php:find","message":"view find called","data":{"name":"laravel-exceptions-renderer::components.formatted-source"},"timestamp":1777118919542}
{"sessionId":"366302","runId":"pre-fix","hypothesisId":"H4","location":"FileViewFinder.php:find","message":"view find called","data":{"name":"laravel-exceptions-renderer::components.syntax-highlight"},"timestamp":1777118919543}
{"sessionId":"366302","runId":"pre-fix","hypothesisId":"H4","location":"FileViewFinder.php:find","message":"view find called","data":{"name":"laravel-exceptions-renderer::components.file-with-line"},"timestamp":1777118919543}
{"sessionId":"366302","runId":"pre-fix","hypothesisId":"H4","location":"FileViewFinder.php:find","message":"view find called","data":{"name":"laravel-exceptions-renderer::components.vendor-frame"},"timestamp":1777118919544}
{"sessionId":"366302","runId":"pre-fix","hypothesisId":"H4","location":"FileViewFinder.php:find","message":"view find called","data":{"name":"laravel-exceptions-renderer::components.formatted-source"},"timestamp":1777118919545}
{"sessionId":"366302","runId":"pre-fix","hypothesisId":"H4","location":"FileViewFinder.php:find","message":"view find called","data":{"name":"laravel-exceptions-renderer::components.syntax-highlight"},"timestamp":1777118919545}
{"sessionId":"366302","runId":"pre-fix","hypothesisId":"H4","location":"FileViewFinder.php:find","message":"view find called","data":{"name":"laravel-exceptions-renderer::components.file-with-line"},"timestamp":1777118919546}
{"sessionId":"366302","runId":"pre-fix","hypothesisId":"H4","location":"FileViewFinder.php:find","message":"view find called","data":{"name":"laravel-exceptions-renderer::components.vendor-frame"},"timestamp":1777118919546}
{"sessionId":"366302","runId":"pre-fix","hypothesisId":"H4","location":"FileViewFinder.php:find","message":"view find called","data":{"name":"laravel-exceptions-renderer::components.formatted-source"},"timestamp":1777118919547}
{"sessionId":"366302","runId":"pre-fix","hypothesisId":"H4","location":"FileViewFinder.php:find","message":"view find called","data":{"name":"laravel-exceptions-renderer::components.syntax-highlight"},"timestamp":1777118919548}
{"sessionId":"366302","runId":"pre-fix","hypothesisId":"H4","location":"FileViewFinder.php:find","message":"view find called","data":{"name":"laravel-exceptions-renderer::components.file-with-line"},"timestamp":1777118919548}
{"sessionId":"366302","runId":"pre-fix","hypothesisId":"H4","location":"FileViewFinder.php:find","message":"view find called","data":{"name":"laravel-exceptions-renderer::components.vendor-frame"},"timestamp":1777118919549}
{"sessionId":"366302","runId":"pre-fix","hypothesisId":"H4","location":"FileViewFinder.php:find","message":"view find called","data":{"name":"laravel-exceptions-renderer::components.formatted-source"},"timestamp":1777118919550}
{"sessionId":"366302","runId":"pre-fix","hypothesisId":"H4","location":"FileViewFinder.php:find","message":"view find called","data":{"name":"laravel-exceptions-renderer::components.syntax-highlight"},"timestamp":1777118919551}
{"sessionId":"366302","runId":"pre-fix","hypothesisId":"H4","location":"FileViewFinder.php:find","message":"view find called","data":{"name":"laravel-exceptions-renderer::components.file-with-line"},"timestamp":1777118919552}
{"sessionId":"366302","runId":"pre-fix","hypothesisId":"H4","location":"FileViewFinder.php:find","message":"view find called","data":{"name":"laravel-exceptions-renderer::components.vendor-frame"},"timestamp":1777118919553}
{"sessionId":"366302","runId":"pre-fix","hypothesisId":"H4","location":"FileViewFinder.php:find","message":"view find called","data":{"name":"laravel-exceptions-renderer::components.formatted-source"},"timestamp":1777118919553}
{"sessionId":"366302","runId":"pre-fix","hypothesisId":"H4","location":"FileViewFinder.php:find","message":"view find called","data":{"name":"laravel-exceptions-renderer::components.syntax-highlight"},"timestamp":1777118919554}
{"sessionId":"366302","runId":"pre-fix","hypothesisId":"H4","location":"FileViewFinder.php:find","message":"view find called","data":{"name":"laravel-exceptions-renderer::components.file-with-line"},"timestamp":1777118919554}
{"sessionId":"366302","runId":"pre-fix","hypothesisId":"H4","location":"FileViewFinder.php:find","message":"view find called","data":{"name":"laravel-exceptions-renderer::components.vendor-frame"},"timestamp":1777118919555}
{"sessionId":"366302","runId":"pre-fix","hypothesisId":"H4","location":"FileViewFinder.php:find","message":"view find called","data":{"name":"laravel-exceptions-renderer::components.formatted-source"},"timestamp":1777118919556}
{"sessionId":"366302","runId":"pre-fix","hypothesisId":"H4","location":"FileViewFinder.php:find","message":"view find called","data":{"name":"laravel-exceptions-renderer::components.syntax-highlight"},"timestamp":1777118919556}
{"sessionId":"366302","runId":"pre-fix","hypothesisId":"H4","location":"FileViewFinder.php:find","message":"view find called","data":{"name":"laravel-exceptions-renderer::components.file-with-line"},"timestamp":1777118919557}
{"sessionId":"366302","runId":"pre-fix","hypothesisId":"H4","location":"FileViewFinder.php:find","message":"view find called","data":{"name":"laravel-exceptions-renderer::components.vendor-frame"},"timestamp":1777118919558}
{"sessionId":"366302","runId":"pre-fix","hypothesisId":"H4","location":"FileViewFinder.php:find","message":"view find called","data":{"name":"laravel-exceptions-renderer::components.formatted-source"},"timestamp":1777118919558}
{"sessionId":"366302","runId":"pre-fix","hypothesisId":"H4","location":"FileViewFinder.php:find","message":"view find called","data":{"name":"laravel-exceptions-renderer::components.syntax-highlight"},"timestamp":1777118919559}
{"sessionId":"366302","runId":"pre-fix","hypothesisId":"H4","location":"FileViewFinder.php:find","message":"view find called","data":{"name":"laravel-exceptions-renderer::components.file-with-line"},"timestamp":1777118919560}
{"sessionId":"366302","runId":"pre-fix","hypothesisId":"H4","location":"FileViewFinder.php:find","message":"view find called","data":{"name":"laravel-exceptions-renderer::components.vendor-frame"},"timestamp":1777118919561}
{"sessionId":"366302","runId":"pre-fix","hypothesisId":"H4","location":"FileViewFinder.php:find","message":"view find called","data":{"name":"laravel-exceptions-renderer::components.formatted-source"},"timestamp":1777118919561}
{"sessionId":"366302","runId":"pre-fix","hypothesisId":"H4","location":"FileViewFinder.php:find","message":"view find called","data":{"name":"laravel-exceptions-renderer::components.syntax-highlight"},"timestamp":1777118919562}
{"sessionId":"366302","runId":"pre-fix","hypothesisId":"H4","location":"FileViewFinder.php:find","message":"view find called","data":{"name":"laravel-exceptions-renderer::components.file-with-line"},"timestamp":1777118919563}
{"sessionId":"366302","runId":"pre-fix","hypothesisId":"H4","location":"FileViewFinder.php:find","message":"view find called","data":{"name":"laravel-exceptions-renderer::components.vendor-frame"},"timestamp":1777118919564}
{"sessionId":"366302","runId":"pre-fix","hypothesisId":"H4","location":"FileViewFinder.php:find","message":"view find called","data":{"name":"laravel-exceptions-renderer::components.formatted-source"},"timestamp":1777118919564}
{"sessionId":"366302","runId":"pre-fix","hypothesisId":"H4","location":"FileViewFinder.php:find","message":"view find called","data":{"name":"laravel-exceptions-renderer::components.syntax-highlight"},"timestamp":1777118919565}
{"sessionId":"366302","runId":"pre-fix","hypothesisId":"H4","location":"FileViewFinder.php:find","message":"view find called","data":{"name":"laravel-exceptions-renderer::components.file-with-line"},"timestamp":1777118919566}
{"sessionId":"366302","runId":"pre-fix","hypothesisId":"H4","location":"FileViewFinder.php:find","message":"view find called","data":{"name":"laravel-exceptions-renderer::components.vendor-frame"},"timestamp":1777118919567}
{"sessionId":"366302","runId":"pre-fix","hypothesisId":"H4","location":"FileViewFinder.php:find","message":"view find called","data":{"name":"laravel-exceptions-renderer::components.formatted-source"},"timestamp":1777118919568}
{"sessionId":"366302","runId":"pre-fix","hypothesisId":"H4","location":"FileViewFinder.php:find","message":"view find called","data":{"name":"laravel-exceptions-renderer::components.syntax-highlight"},"timestamp":1777118919569}
{"sessionId":"366302","runId":"pre-fix","hypothesisId":"H4","location":"FileViewFinder.php:find","message":"view find called","data":{"name":"laravel-exceptions-renderer::components.file-with-line"},"timestamp":1777118919570}
{"sessionId":"366302","runId":"pre-fix","hypothesisId":"H4","location":"FileViewFinder.php:find","message":"view find called","data":{"name":"laravel-exceptions-renderer::components.vendor-frame"},"timestamp":1777118919571}
{"sessionId":"366302","runId":"pre-fix","hypothesisId":"H4","location":"FileViewFinder.php:find","message":"view find called","data":{"name":"laravel-exceptions-renderer::components.formatted-source"},"timestamp":1777118919571}
{"sessionId":"366302","runId":"pre-fix","hypothesisId":"H4","location":"FileViewFinder.php:find","message":"view find called","data":{"name":"laravel-exceptions-renderer::components.syntax-highlight"},"timestamp":1777118919572}
{"sessionId":"366302","runId":"pre-fix","hypothesisId":"H4","location":"FileViewFinder.php:find","message":"view find called","data":{"name":"laravel-exceptions-renderer::components.file-with-line"},"timestamp":1777118919573}
{"sessionId":"366302","runId":"pre-fix","hypothesisId":"H4","location":"FileViewFinder.php:find","message":"view find called","data":{"name":"laravel-exceptions-renderer::components.vendor-frame"},"timestamp":1777118919574}
{"sessionId":"366302","runId":"pre-fix","hypothesisId":"H4","location":"FileViewFinder.php:find","message":"view find called","data":{"name":"laravel-exceptions-renderer::components.formatted-source"},"timestamp":1777118919574}
{"sessionId":"366302","runId":"pre-fix","hypothesisId":"H4","location":"FileViewFinder.php:find","message":"view find called","data":{"name":"laravel-exceptions-renderer::components.syntax-highlight"},"timestamp":1777118919575}
{"sessionId":"366302","runId":"pre-fix","hypothesisId":"H4","location":"FileViewFinder.php:find","message":"view find called","data":{"name":"laravel-exceptions-renderer::components.file-with-line"},"timestamp":1777118919575}
{"sessionId":"366302","runId":"pre-fix","hypothesisId":"H4","location":"FileViewFinder.php:find","message":"view find called","data":{"name":"laravel-exceptions-renderer::components.vendor-frame"},"timestamp":1777118919576}
{"sessionId":"366302","runId":"pre-fix","hypothesisId":"H4","location":"FileViewFinder.php:find","message":"view find called","data":{"name":"laravel-exceptions-renderer::components.formatted-source"},"timestamp":1777118919577}
{"sessionId":"366302","runId":"pre-fix","hypothesisId":"H4","location":"FileViewFinder.php:find","message":"view find called","data":{"name":"laravel-exceptions-renderer::components.syntax-highlight"},"timestamp":1777118919577}
{"sessionId":"366302","runId":"pre-fix","hypothesisId":"H4","location":"FileViewFinder.php:find","message":"view find called","data":{"name":"laravel-exceptions-renderer::components.file-with-line"},"timestamp":1777118919578}
{"sessionId":"366302","runId":"pre-fix","hypothesisId":"H4","location":"FileViewFinder.php:find","message":"view find called","data":{"name":"laravel-exceptions-renderer::components.vendor-frame"},"timestamp":1777118919579}
{"sessionId":"366302","runId":"pre-fix","hypothesisId":"H4","location":"FileViewFinder.php:find","message":"view find called","data":{"name":"laravel-exceptions-renderer::components.formatted-source"},"timestamp":1777118919580}
{"sessionId":"366302","runId":"pre-fix","hypothesisId":"H4","location":"FileViewFinder.php:find","message":"view find called","data":{"name":"laravel-exceptions-renderer::components.syntax-highlight"},"timestamp":1777118919580}
{"sessionId":"366302","runId":"pre-fix","hypothesisId":"H4","location":"FileViewFinder.php:find","message":"view find called","data":{"name":"laravel-exceptions-renderer::components.file-with-line"},"timestamp":1777118919581}
{"sessionId":"366302","runId":"pre-fix","hypothesisId":"H4","location":"FileViewFinder.php:find","message":"view find called","data":{"name":"laravel-exceptions-renderer::components.vendor-frame"},"timestamp":1777118919582}
{"sessionId":"366302","runId":"pre-fix","hypothesisId":"H4","location":"FileViewFinder.php:find","message":"view find called","data":{"name":"laravel-exceptions-renderer::components.formatted-source"},"timestamp":1777118919582}
{"sessionId":"366302","runId":"pre-fix","hypothesisId":"H4","location":"FileViewFinder.php:find","message":"view find called","data":{"name":"laravel-exceptions-renderer::components.syntax-highlight"},"timestamp":1777118919583}
{"sessionId":"366302","runId":"pre-fix","hypothesisId":"H4","location":"FileViewFinder.php:find","message":"view find called","data":{"name":"laravel-exceptions-renderer::components.file-with-line"},"timestamp":1777118919584}
{"sessionId":"366302","runId":"pre-fix","hypothesisId":"H4","location":"FileViewFinder.php:find","message":"view find called","data":{"name":"laravel-exceptions-renderer::components.vendor-frame"},"timestamp":1777118919585}
{"sessionId":"366302","runId":"pre-fix","hypothesisId":"H4","location":"FileViewFinder.php:find","message":"view find called","data":{"name":"laravel-exceptions-renderer::components.formatted-source"},"timestamp":1777118919586}
{"sessionId":"366302","runId":"pre-fix","hypothesisId":"H4","location":"FileViewFinder.php:find","message":"view find called","data":{"name":"laravel-exceptions-renderer::components.syntax-highlight"},"timestamp":1777118919587}
{"sessionId":"366302","runId":"pre-fix","hypothesisId":"H4","location":"FileViewFinder.php:find","message":"view find called","data":{"name":"laravel-exceptions-renderer::components.file-with-line"},"timestamp":1777118919587}
{"sessionId":"366302","runId":"pre-fix","hypothesisId":"H4","location":"FileViewFinder.php:find","message":"view find called","data":{"name":"laravel-exceptions-renderer::components.vendor-frame"},"timestamp":1777118919588}
{"sessionId":"366302","runId":"pre-fix","hypothesisId":"H4","location":"FileViewFinder.php:find","message":"view find called","data":{"name":"laravel-exceptions-renderer::components.formatted-source"},"timestamp":1777118919589}
{"sessionId":"366302","runId":"pre-fix","hypothesisId":"H4","location":"FileViewFinder.php:find","message":"view find called","data":{"name":"laravel-exceptions-renderer::components.syntax-highlight"},"timestamp":1777118919590}
{"sessionId":"366302","runId":"pre-fix","hypothesisId":"H4","location":"FileViewFinder.php:find","message":"view find called","data":{"name":"laravel-exceptions-renderer::components.file-with-line"},"timestamp":1777118919590}
{"sessionId":"366302","runId":"pre-fix","hypothesisId":"H4","location":"FileViewFinder.php:find","message":"view find called","data":{"name":"laravel-exceptions-renderer::components.vendor-frame"},"timestamp":1777118919591}
{"sessionId":"366302","runId":"pre-fix","hypothesisId":"H4","location":"FileViewFinder.php:find","message":"view find called","data":{"name":"laravel-exceptions-renderer::components.formatted-source"},"timestamp":1777118919592}
{"sessionId":"366302","runId":"pre-fix","hypothesisId":"H4","location":"FileViewFinder.php:find","message":"view find called","data":{"name":"laravel-exceptions-renderer::components.syntax-highlight"},"timestamp":1777118919593}
{"sessionId":"366302","runId":"pre-fix","hypothesisId":"H4","location":"FileViewFinder.php:find","message":"view find called","data":{"name":"laravel-exceptions-renderer::components.file-with-line"},"timestamp":1777118919594}
{"sessionId":"366302","runId":"pre-fix","hypothesisId":"H4","location":"FileViewFinder.php:find","message":"view find called","data":{"name":"laravel-exceptions-renderer::components.vendor-frame"},"timestamp":1777118919595}
{"sessionId":"366302","runId":"pre-fix","hypothesisId":"H4","location":"FileViewFinder.php:find","message":"view find called","data":{"name":"laravel-exceptions-renderer::components.formatted-source"},"timestamp":1777118919595}
{"sessionId":"366302","runId":"pre-fix","hypothesisId":"H4","location":"FileViewFinder.php:find","message":"view find called","data":{"name":"laravel-exceptions-renderer::components.syntax-highlight"},"timestamp":1777118919596}
{"sessionId":"366302","runId":"pre-fix","hypothesisId":"H4","location":"FileViewFinder.php:find","message":"view find called","data":{"name":"laravel-exceptions-renderer::components.file-with-line"},"timestamp":1777118919596}
{"sessionId":"366302","runId":"pre-fix","hypothesisId":"H4","location":"FileViewFinder.php:find","message":"view find called","data":{"name":"laravel-exceptions-renderer::components.vendor-frame"},"timestamp":1777118919597}
{"sessionId":"366302","runId":"pre-fix","hypothesisId":"H4","location":"FileViewFinder.php:find","message":"view find called","data":{"name":"laravel-exceptions-renderer::components.formatted-source"},"timestamp":1777118919598}
{"sessionId":"366302","runId":"pre-fix","hypothesisId":"H4","location":"FileViewFinder.php:find","message":"view find called","data":{"name":"laravel-exceptions-renderer::components.syntax-highlight"},"timestamp":1777118919599}
{"sessionId":"366302","runId":"pre-fix","hypothesisId":"H4","location":"FileViewFinder.php:find","message":"view find called","data":{"name":"laravel-exceptions-renderer::components.file-with-line"},"timestamp":1777118919600}
{"sessionId":"366302","runId":"pre-fix","hypothesisId":"H4","location":"FileViewFinder.php:find","message":"view find called","data":{"name":"laravel-exceptions-renderer::components.vendor-frame"},"timestamp":1777118919601}
{"sessionId":"366302","runId":"pre-fix","hypothesisId":"H4","location":"FileViewFinder.php:find","message":"view find called","data":{"name":"laravel-exceptions-renderer::components.formatted-source"},"timestamp":1777118919602}
{"sessionId":"366302","runId":"pre-fix","hypothesisId":"H4","location":"FileViewFinder.php:find","message":"view find called","data":{"name":"laravel-exceptions-renderer::components.syntax-highlight"},"timestamp":1777118919602}
{"sessionId":"366302","runId":"pre-fix","hypothesisId":"H4","location":"FileViewFinder.php:find","message":"view find called","data":{"name":"laravel-exceptions-renderer::components.file-with-line"},"timestamp":1777118919603}
{"sessionId":"366302","runId":"pre-fix","hypothesisId":"H4","location":"FileViewFinder.php:find","message":"view find called","data":{"name":"laravel-exceptions-renderer::components.vendor-frame"},"timestamp":1777118919604}
{"sessionId":"366302","runId":"pre-fix","hypothesisId":"H4","location":"FileViewFinder.php:find","message":"view find called","data":{"name":"laravel-exceptions-renderer::components.formatted-source"},"timestamp":1777118919604}
{"sessionId":"366302","runId":"pre-fix","hypothesisId":"H4","location":"FileViewFinder.php:find","message":"view find called","data":{"name":"laravel-exceptions-renderer::components.syntax-highlight"},"timestamp":1777118919605}
{"sessionId":"366302","runId":"pre-fix","hypothesisId":"H4","location":"FileViewFinder.php:find","message":"view find called","data":{"name":"laravel-exceptions-renderer::components.file-with-line"},"timestamp":1777118919605}
{"sessionId":"366302","runId":"pre-fix","hypothesisId":"H4","location":"FileViewFinder.php:find","message":"view find called","data":{"name":"laravel-exceptions-renderer::components.vendor-frame"},"timestamp":1777118919606}
{"sessionId":"366302","runId":"pre-fix","hypothesisId":"H4","location":"FileViewFinder.php:find","message":"view find called","data":{"name":"laravel-exceptions-renderer::components.formatted-source"},"timestamp":1777118919607}
{"sessionId":"366302","runId":"pre-fix","hypothesisId":"H4","location":"FileViewFinder.php:find","message":"view find called","data":{"name":"laravel-exceptions-renderer::components.syntax-highlight"},"timestamp":1777118919608}
{"sessionId":"366302","runId":"pre-fix","hypothesisId":"H4","location":"FileViewFinder.php:find","message":"view find called","data":{"name":"laravel-exceptions-renderer::components.file-with-line"},"timestamp":1777118919608}
{"sessionId":"366302","runId":"pre-fix","hypothesisId":"H4","location":"FileViewFinder.php:find","message":"view find called","data":{"name":"laravel-exceptions-renderer::components.vendor-frame"},"timestamp":1777118919609}
{"sessionId":"366302","runId":"pre-fix","hypothesisId":"H4","location":"FileViewFinder.php:find","message":"view find called","data":{"name":"laravel-exceptions-renderer::components.formatted-source"},"timestamp":1777118919610}
{"sessionId":"366302","runId":"pre-fix","hypothesisId":"H4","location":"FileViewFinder.php:find","message":"view find called","data":{"name":"laravel-exceptions-renderer::components.syntax-highlight"},"timestamp":1777118919611}
{"sessionId":"366302","runId":"pre-fix","hypothesisId":"H4","location":"FileViewFinder.php:find","message":"view find called","data":{"name":"laravel-exceptions-renderer::components.file-with-line"},"timestamp":1777118919612}
{"sessionId":"366302","runId":"pre-fix","hypothesisId":"H4","location":"FileViewFinder.php:find","message":"view find called","data":{"name":"laravel-exceptions-renderer::components.vendor-frame"},"timestamp":1777118919612}
{"sessionId":"366302","runId":"pre-fix","hypothesisId":"H4","location":"FileViewFinder.php:find","message":"view find called","data":{"name":"laravel-exceptions-renderer::components.formatted-source"},"timestamp":1777118919613}
{"sessionId":"366302","runId":"pre-fix","hypothesisId":"H4","location":"FileViewFinder.php:find","message":"view find called","data":{"name":"laravel-exceptions-renderer::components.syntax-highlight"},"timestamp":1777118919614}
{"sessionId":"366302","runId":"pre-fix","hypothesisId":"H4","location":"FileViewFinder.php:find","message":"view find called","data":{"name":"laravel-exceptions-renderer::components.file-with-line"},"timestamp":1777118919614}
{"sessionId":"366302","runId":"pre-fix","hypothesisId":"H4","location":"FileViewFinder.php:find","message":"view find called","data":{"name":"laravel-exceptions-renderer::components.vendor-frame"},"timestamp":1777118919615}
{"sessionId":"366302","runId":"pre-fix","hypothesisId":"H4","location":"FileViewFinder.php:find","message":"view find called","data":{"name":"laravel-exceptions-renderer::components.formatted-source"},"timestamp":1777118919616}
{"sessionId":"366302","runId":"pre-fix","hypothesisId":"H4","location":"FileViewFinder.php:find","message":"view find called","data":{"name":"laravel-exceptions-renderer::components.syntax-highlight"},"timestamp":1777118919617}
{"sessionId":"366302","runId":"pre-fix","hypothesisId":"H4","location":"FileViewFinder.php:find","message":"view find called","data":{"name":"laravel-exceptions-renderer::components.file-with-line"},"timestamp":1777118919617}
{"sessionId":"366302","runId":"pre-fix","hypothesisId":"H4","location":"FileViewFinder.php:find","message":"view find called","data":{"name":"laravel-exceptions-renderer::components.vendor-frame"},"timestamp":1777118919618}
{"sessionId":"366302","runId":"pre-fix","hypothesisId":"H4","location":"FileViewFinder.php:find","message":"view find called","data":{"name":"laravel-exceptions-renderer::components.formatted-source"},"timestamp":1777118919619}
{"sessionId":"366302","runId":"pre-fix","hypothesisId":"H4","location":"FileViewFinder.php:find","message":"view find called","data":{"name":"laravel-exceptions-renderer::components.syntax-highlight"},"timestamp":1777118919620}
{"sessionId":"366302","runId":"pre-fix","hypothesisId":"H4","location":"FileViewFinder.php:find","message":"view find called","data":{"name":"laravel-exceptions-renderer::components.file-with-line"},"timestamp":1777118919620}
{"sessionId":"366302","runId":"pre-fix","hypothesisId":"H4","location":"FileViewFinder.php:find","message":"view find called","data":{"name":"laravel-exceptions-renderer::components.vendor-frame"},"timestamp":1777118919621}
{"sessionId":"366302","runId":"pre-fix","hypothesisId":"H4","location":"FileViewFinder.php:find","message":"view find called","data":{"name":"laravel-exceptions-renderer::components.formatted-source"},"timestamp":1777118919622}
{"sessionId":"366302","runId":"pre-fix","hypothesisId":"H4","location":"FileViewFinder.php:find","message":"view find called","data":{"name":"laravel-exceptions-renderer::components.syntax-highlight"},"timestamp":1777118919622}
{"sessionId":"366302","runId":"pre-fix","hypothesisId":"H4","location":"FileViewFinder.php:find","message":"view find called","data":{"name":"laravel-exceptions-renderer::components.file-with-line"},"timestamp":1777118919623}
{"sessionId":"366302","runId":"pre-fix","hypothesisId":"H4","location":"FileViewFinder.php:find","message":"view find called","data":{"name":"laravel-exceptions-renderer::components.vendor-frame"},"timestamp":1777118919624}
{"sessionId":"366302","runId":"pre-fix","hypothesisId":"H4","location":"FileViewFinder.php:find","message":"view find called","data":{"name":"laravel-exceptions-renderer::components.formatted-source"},"timestamp":1777118919625}
{"sessionId":"366302","runId":"pre-fix","hypothesisId":"H4","location":"FileViewFinder.php:find","message":"view find called","data":{"name":"laravel-exceptions-renderer::components.syntax-highlight"},"timestamp":1777118919625}
{"sessionId":"366302","runId":"pre-fix","hypothesisId":"H4","location":"FileViewFinder.php:find","message":"view find called","data":{"name":"laravel-exceptions-renderer::components.file-with-line"},"timestamp":1777118919626}
{"sessionId":"366302","runId":"pre-fix","hypothesisId":"H4","location":"FileViewFinder.php:find","message":"view find called","data":{"name":"laravel-exceptions-renderer::components.vendor-frame"},"timestamp":1777118919627}
{"sessionId":"366302","runId":"pre-fix","hypothesisId":"H4","location":"FileViewFinder.php:find","message":"view find called","data":{"name":"laravel-exceptions-renderer::components.formatted-source"},"timestamp":1777118919628}
{"sessionId":"366302","runId":"pre-fix","hypothesisId":"H4","location":"FileViewFinder.php:find","message":"view find called","data":{"name":"laravel-exceptions-renderer::components.syntax-highlight"},"timestamp":1777118919628}
{"sessionId":"366302","runId":"pre-fix","hypothesisId":"H4","location":"FileViewFinder.php:find","message":"view find called","data":{"name":"laravel-exceptions-renderer::components.file-with-line"},"timestamp":1777118919629}
{"sessionId":"366302","runId":"pre-fix","hypothesisId":"H4","location":"FileViewFinder.php:find","message":"view find called","data":{"name":"laravel-exceptions-renderer::components.vendor-frame"},"timestamp":1777118919630}
{"sessionId":"366302","runId":"pre-fix","hypothesisId":"H4","location":"FileViewFinder.php:find","message":"view find called","data":{"name":"laravel-exceptions-renderer::components.formatted-source"},"timestamp":1777118919631}
{"sessionId":"366302","runId":"pre-fix","hypothesisId":"H4","location":"FileViewFinder.php:find","message":"view find called","data":{"name":"laravel-exceptions-renderer::components.syntax-highlight"},"timestamp":1777118919632}
{"sessionId":"366302","runId":"pre-fix","hypothesisId":"H4","location":"FileViewFinder.php:find","message":"view find called","data":{"name":"laravel-exceptions-renderer::components.file-with-line"},"timestamp":1777118919632}
{"sessionId":"366302","runId":"pre-fix","hypothesisId":"H4","location":"FileViewFinder.php:find","message":"view find called","data":{"name":"laravel-exceptions-renderer::components.vendor-frame"},"timestamp":1777118919634}
{"sessionId":"366302","runId":"pre-fix","hypothesisId":"H4","location":"FileViewFinder.php:find","message":"view find called","data":{"name":"laravel-exceptions-renderer::components.formatted-source"},"timestamp":1777118919634}
{"sessionId":"366302","runId":"pre-fix","hypothesisId":"H4","location":"FileViewFinder.php:find","message":"view find called","data":{"name":"laravel-exceptions-renderer::components.syntax-highlight"},"timestamp":1777118919635}
{"sessionId":"366302","runId":"pre-fix","hypothesisId":"H4","location":"FileViewFinder.php:find","message":"view find called","data":{"name":"laravel-exceptions-renderer::components.file-with-line"},"timestamp":1777118919636}
{"sessionId":"366302","runId":"pre-fix","hypothesisId":"H4","location":"FileViewFinder.php:find","message":"view find called","data":{"name":"laravel-exceptions-renderer::components.vendor-frame"},"timestamp":1777118919637}
{"sessionId":"366302","runId":"pre-fix","hypothesisId":"H4","location":"FileViewFinder.php:find","message":"view find called","data":{"name":"laravel-exceptions-renderer::components.formatted-source"},"timestamp":1777118919638}
{"sessionId":"366302","runId":"pre-fix","hypothesisId":"H4","location":"FileViewFinder.php:find","message":"view find called","data":{"name":"laravel-exceptions-renderer::components.syntax-highlight"},"timestamp":1777118919638}
{"sessionId":"366302","runId":"pre-fix","hypothesisId":"H4","location":"FileViewFinder.php:find","message":"view find called","data":{"name":"laravel-exceptions-renderer::components.file-with-line"},"timestamp":1777118919639}
{"sessionId":"366302","runId":"pre-fix","hypothesisId":"H4","location":"FileViewFinder.php:find","message":"view find called","data":{"name":"laravel-exceptions-renderer::components.vendor-frame"},"timestamp":1777118919640}
{"sessionId":"366302","runId":"pre-fix","hypothesisId":"H4","location":"FileViewFinder.php:find","message":"view find called","data":{"name":"laravel-exceptions-renderer::components.formatted-source"},"timestamp":1777118919640}
{"sessionId":"366302","runId":"pre-fix","hypothesisId":"H4","location":"FileViewFinder.php:find","message":"view find called","data":{"name":"laravel-exceptions-renderer::components.syntax-highlight"},"timestamp":1777118919641}
{"sessionId":"366302","runId":"pre-fix","hypothesisId":"H4","location":"FileViewFinder.php:find","message":"view find called","data":{"name":"laravel-exceptions-renderer::components.file-with-line"},"timestamp":1777118919641}
{"sessionId":"366302","runId":"pre-fix","hypothesisId":"H4","location":"FileViewFinder.php:find","message":"view find called","data":{"name":"laravel-exceptions-renderer::components.vendor-frame"},"timestamp":1777118919643}
{"sessionId":"366302","runId":"pre-fix","hypothesisId":"H4","location":"FileViewFinder.php:find","message":"view find called","data":{"name":"laravel-exceptions-renderer::components.formatted-source"},"timestamp":1777118919643}
{"sessionId":"366302","runId":"pre-fix","hypothesisId":"H4","location":"FileViewFinder.php:find","message":"view find called","data":{"name":"laravel-exceptions-renderer::components.syntax-highlight"},"timestamp":1777118919644}
{"sessionId":"366302","runId":"pre-fix","hypothesisId":"H4","location":"FileViewFinder.php:find","message":"view find called","data":{"name":"laravel-exceptions-renderer::components.file-with-line"},"timestamp":1777118919645}
{"sessionId":"366302","runId":"pre-fix","hypothesisId":"H4","location":"FileViewFinder.php:find","message":"view find called","data":{"name":"laravel-exceptions-renderer::components.vendor-frame"},"timestamp":1777118919646}
{"sessionId":"366302","runId":"pre-fix","hypothesisId":"H4","location":"FileViewFinder.php:find","message":"view find called","data":{"name":"laravel-exceptions-renderer::components.formatted-source"},"timestamp":1777118919646}
{"sessionId":"366302","runId":"pre-fix","hypothesisId":"H4","location":"FileViewFinder.php:find","message":"view find called","data":{"name":"laravel-exceptions-renderer::components.syntax-highlight"},"timestamp":1777118919647}
{"sessionId":"366302","runId":"pre-fix","hypothesisId":"H4","location":"FileViewFinder.php:find","message":"view find called","data":{"name":"laravel-exceptions-renderer::components.file-with-line"},"timestamp":1777118919648}
{"sessionId":"366302","runId":"pre-fix","hypothesisId":"H4","location":"FileViewFinder.php:find","message":"view find called","data":{"name":"laravel-exceptions-renderer::components.vendor-frame"},"timestamp":1777118919648}
{"sessionId":"366302","runId":"pre-fix","hypothesisId":"H4","location":"FileViewFinder.php:find","message":"view find called","data":{"name":"laravel-exceptions-renderer::components.formatted-source"},"timestamp":1777118919649}
{"sessionId":"366302","runId":"pre-fix","hypothesisId":"H4","location":"FileViewFinder.php:find","message":"view find called","data":{"name":"laravel-exceptions-renderer::components.syntax-highlight"},"timestamp":1777118919650}
{"sessionId":"366302","runId":"pre-fix","hypothesisId":"H4","location":"FileViewFinder.php:find","message":"view find called","data":{"name":"laravel-exceptions-renderer::components.file-with-line"},"timestamp":1777118919651}
{"sessionId":"366302","runId":"pre-fix","hypothesisId":"H4","location":"FileViewFinder.php:find","message":"view find called","data":{"name":"laravel-exceptions-renderer::components.vendor-frame"},"timestamp":1777118919652}
{"sessionId":"366302","runId":"pre-fix","hypothesisId":"H4","location":"FileViewFinder.php:find","message":"view find called","data":{"name":"laravel-exceptions-renderer::components.formatted-source"},"timestamp":1777118919653}
{"sessionId":"366302","runId":"pre-fix","hypothesisId":"H4","location":"FileViewFinder.php:find","message":"view find called","data":{"name":"laravel-exceptions-renderer::components.syntax-highlight"},"timestamp":1777118919653}
{"sessionId":"366302","runId":"pre-fix","hypothesisId":"H4","location":"FileViewFinder.php:find","message":"view find called","data":{"name":"laravel-exceptions-renderer::components.file-with-line"},"timestamp":1777118919654}
{"sessionId":"366302","runId":"pre-fix","hypothesisId":"H4","location":"FileViewFinder.php:find","message":"view find called","data":{"name":"laravel-exceptions-renderer::components.vendor-frame"},"timestamp":1777118919655}
{"sessionId":"366302","runId":"pre-fix","hypothesisId":"H4","location":"FileViewFinder.php:find","message":"view find called","data":{"name":"laravel-exceptions-renderer::components.formatted-source"},"timestamp":1777118919655}
{"sessionId":"366302","runId":"pre-fix","hypothesisId":"H4","location":"FileViewFinder.php:find","message":"view find called","data":{"name":"laravel-exceptions-renderer::components.syntax-highlight"},"timestamp":1777118919656}
{"sessionId":"366302","runId":"pre-fix","hypothesisId":"H4","location":"FileViewFinder.php:find","message":"view find called","data":{"name":"laravel-exceptions-renderer::components.file-with-line"},"timestamp":1777118919656}
{"sessionId":"366302","runId":"pre-fix","hypothesisId":"H4","location":"FileViewFinder.php:find","message":"view find called","data":{"name":"laravel-exceptions-renderer::components.vendor-frame"},"timestamp":1777118919657}
{"sessionId":"366302","runId":"pre-fix","hypothesisId":"H4","location":"FileViewFinder.php:find","message":"view find called","data":{"name":"laravel-exceptions-renderer::components.formatted-source"},"timestamp":1777118919658}
{"sessionId":"366302","runId":"pre-fix","hypothesisId":"H4","location":"FileViewFinder.php:find","message":"view find called","data":{"name":"laravel-exceptions-renderer::components.syntax-highlight"},"timestamp":1777118919658}
{"sessionId":"366302","runId":"pre-fix","hypothesisId":"H4","location":"FileViewFinder.php:find","message":"view find called","data":{"name":"laravel-exceptions-renderer::components.file-with-line"},"timestamp":1777118919659}
{"sessionId":"366302","runId":"pre-fix","hypothesisId":"H4","location":"FileViewFinder.php:find","message":"view find called","data":{"name":"laravel-exceptions-renderer::components.vendor-frame"},"timestamp":1777118919660}
{"sessionId":"366302","runId":"pre-fix","hypothesisId":"H4","location":"FileViewFinder.php:find","message":"view find called","data":{"name":"laravel-exceptions-renderer::components.formatted-source"},"timestamp":1777118919660}
{"sessionId":"366302","runId":"pre-fix","hypothesisId":"H4","location":"FileViewFinder.php:find","message":"view find called","data":{"name":"laravel-exceptions-renderer::components.syntax-highlight"},"timestamp":1777118919661}
{"sessionId":"366302","runId":"pre-fix","hypothesisId":"H4","location":"FileViewFinder.php:find","message":"view find called","data":{"name":"laravel-exceptions-renderer::components.file-with-line"},"timestamp":1777118919661}
{"sessionId":"366302","runId":"pre-fix","hypothesisId":"H4","location":"FileViewFinder.php:find","message":"view find called","data":{"name":"laravel-exceptions-renderer::components.vendor-frame"},"timestamp":1777118919662}
{"sessionId":"366302","runId":"pre-fix","hypothesisId":"H4","location":"FileViewFinder.php:find","message":"view find called","data":{"name":"laravel-exceptions-renderer::components.formatted-source"},"timestamp":1777118919663}
{"sessionId":"366302","runId":"pre-fix","hypothesisId":"H4","location":"FileViewFinder.php:find","message":"view find called","data":{"name":"laravel-exceptions-renderer::components.syntax-highlight"},"timestamp":1777118919664}
{"sessionId":"366302","runId":"pre-fix","hypothesisId":"H4","location":"FileViewFinder.php:find","message":"view find called","data":{"name":"laravel-exceptions-renderer::components.file-with-line"},"timestamp":1777118919664}
{"sessionId":"366302","runId":"pre-fix","hypothesisId":"H4","location":"FileViewFinder.php:find","message":"view find called","data":{"name":"laravel-exceptions-renderer::components.vendor-frame"},"timestamp":1777118919665}
{"sessionId":"366302","runId":"pre-fix","hypothesisId":"H4","location":"FileViewFinder.php:find","message":"view find called","data":{"name":"laravel-exceptions-renderer::components.formatted-source"},"timestamp":1777118919666}
{"sessionId":"366302","runId":"pre-fix","hypothesisId":"H4","location":"FileViewFinder.php:find","message":"view find called","data":{"name":"laravel-exceptions-renderer::components.syntax-highlight"},"timestamp":1777118919667}
{"sessionId":"366302","runId":"pre-fix","hypothesisId":"H4","location":"FileViewFinder.php:find","message":"view find called","data":{"name":"laravel-exceptions-renderer::components.file-with-line"},"timestamp":1777118919668}
{"sessionId":"366302","runId":"pre-fix","hypothesisId":"H4","location":"FileViewFinder.php:find","message":"view find called","data":{"name":"laravel-exceptions-renderer::components.vendor-frame"},"timestamp":1777118919669}
{"sessionId":"366302","runId":"pre-fix","hypothesisId":"H4","location":"FileViewFinder.php:find","message":"view find called","data":{"name":"laravel-exceptions-renderer::components.formatted-source"},"timestamp":1777118919670}
{"sessionId":"366302","runId":"pre-fix","hypothesisId":"H4","location":"FileViewFinder.php:find","message":"view find called","data":{"name":"laravel-exceptions-renderer::components.syntax-highlight"},"timestamp":1777118919670}
{"sessionId":"366302","runId":"pre-fix","hypothesisId":"H4","location":"FileViewFinder.php:find","message":"view find called","data":{"name":"laravel-exceptions-renderer::components.file-with-line"},"timestamp":1777118919671}
{"sessionId":"366302","runId":"pre-fix","hypothesisId":"H4","location":"FileViewFinder.php:find","message":"view find called","data":{"name":"laravel-exceptions-renderer::components.vendor-frame"},"timestamp":1777118919672}
{"sessionId":"366302","runId":"pre-fix","hypothesisId":"H4","location":"FileViewFinder.php:find","message":"view find called","data":{"name":"laravel-exceptions-renderer::components.formatted-source"},"timestamp":1777118919672}
{"sessionId":"366302","runId":"pre-fix","hypothesisId":"H4","location":"FileViewFinder.php:find","message":"view find called","data":{"name":"laravel-exceptions-renderer::components.syntax-highlight"},"timestamp":1777118919673}
{"sessionId":"366302","runId":"pre-fix","hypothesisId":"H4","location":"FileViewFinder.php:find","message":"view find called","data":{"name":"laravel-exceptions-renderer::components.file-with-line"},"timestamp":1777118919674}
{"sessionId":"366302","runId":"pre-fix","hypothesisId":"H4","location":"FileViewFinder.php:find","message":"view find called","data":{"name":"laravel-exceptions-renderer::components.vendor-frame"},"timestamp":1777118919675}
{"sessionId":"366302","runId":"pre-fix","hypothesisId":"H4","location":"FileViewFinder.php:find","message":"view find called","data":{"name":"laravel-exceptions-renderer::components.formatted-source"},"timestamp":1777118919676}
{"sessionId":"366302","runId":"pre-fix","hypothesisId":"H4","location":"FileViewFinder.php:find","message":"view find called","data":{"name":"laravel-exceptions-renderer::components.syntax-highlight"},"timestamp":1777118919676}
{"sessionId":"366302","runId":"pre-fix","hypothesisId":"H4","location":"FileViewFinder.php:find","message":"view find called","data":{"name":"laravel-exceptions-renderer::components.file-with-line"},"timestamp":1777118919677}
{"sessionId":"366302","runId":"pre-fix","hypothesisId":"H4","location":"FileViewFinder.php:find","message":"view find called","data":{"name":"laravel-exceptions-renderer::components.vendor-frame"},"timestamp":1777118919678}
{"sessionId":"366302","runId":"pre-fix","hypothesisId":"H4","location":"FileViewFinder.php:find","message":"view find called","data":{"name":"laravel-exceptions-renderer::components.formatted-source"},"timestamp":1777118919679}
{"sessionId":"366302","runId":"pre-fix","hypothesisId":"H4","location":"FileViewFinder.php:find","message":"view find called","data":{"name":"laravel-exceptions-renderer::components.syntax-highlight"},"timestamp":1777118919679}
{"sessionId":"366302","runId":"pre-fix","hypothesisId":"H4","location":"FileViewFinder.php:find","message":"view find called","data":{"name":"laravel-exceptions-renderer::components.file-with-line"},"timestamp":1777118919680}
{"sessionId":"366302","runId":"pre-fix","hypothesisId":"H4","location":"FileViewFinder.php:find","message":"view find called","data":{"name":"laravel-exceptions-renderer::components.vendor-frame"},"timestamp":1777118919681}
{"sessionId":"366302","runId":"pre-fix","hypothesisId":"H4","location":"FileViewFinder.php:find","message":"view find called","data":{"name":"laravel-exceptions-renderer::components.formatted-source"},"timestamp":1777118919681}
{"sessionId":"366302","runId":"pre-fix","hypothesisId":"H4","location":"FileViewFinder.php:find","message":"view find called","data":{"name":"laravel-exceptions-renderer::components.syntax-highlight"},"timestamp":1777118919682}
{"sessionId":"366302","runId":"pre-fix","hypothesisId":"H4","location":"FileViewFinder.php:find","message":"view find called","data":{"name":"laravel-exceptions-renderer::components.file-with-line"},"timestamp":1777118919683}
{"sessionId":"366302","runId":"pre-fix","hypothesisId":"H4","location":"FileViewFinder.php:find","message":"view find called","data":{"name":"laravel-exceptions-renderer::components.vendor-frame"},"timestamp":1777118919684}
{"sessionId":"366302","runId":"pre-fix","hypothesisId":"H4","location":"FileViewFinder.php:find","message":"view find called","data":{"name":"laravel-exceptions-renderer::components.formatted-source"},"timestamp":1777118919685}
{"sessionId":"366302","runId":"pre-fix","hypothesisId":"H4","location":"FileViewFinder.php:find","message":"view find called","data":{"name":"laravel-exceptions-renderer::components.syntax-highlight"},"timestamp":1777118919686}
{"sessionId":"366302","runId":"pre-fix","hypothesisId":"H4","location":"FileViewFinder.php:find","message":"view find called","data":{"name":"laravel-exceptions-renderer::components.file-with-line"},"timestamp":1777118919687}
{"sessionId":"366302","runId":"pre-fix","hypothesisId":"H4","location":"FileViewFinder.php:find","message":"view find called","data":{"name":"laravel-exceptions-renderer::components.vendor-frame"},"timestamp":1777118919688}
{"sessionId":"366302","runId":"pre-fix","hypothesisId":"H4","location":"FileViewFinder.php:find","message":"view find called","data":{"name":"laravel-exceptions-renderer::components.formatted-source"},"timestamp":1777118919689}
{"sessionId":"366302","runId":"pre-fix","hypothesisId":"H4","location":"FileViewFinder.php:find","message":"view find called","data":{"name":"laravel-exceptions-renderer::components.syntax-highlight"},"timestamp":1777118919690}
{"sessionId":"366302","runId":"pre-fix","hypothesisId":"H4","location":"FileViewFinder.php:find","message":"view find called","data":{"name":"laravel-exceptions-renderer::components.file-with-line"},"timestamp":1777118919690}
{"sessionId":"366302","runId":"pre-fix","hypothesisId":"H4","location":"FileViewFinder.php:find","message":"view find called","data":{"name":"laravel-exceptions-renderer::components.vendor-frame"},"timestamp":1777118919691}
{"sessionId":"366302","runId":"pre-fix","hypothesisId":"H4","location":"FileViewFinder.php:find","message":"view find called","data":{"name":"laravel-exceptions-renderer::components.formatted-source"},"timestamp":1777118919692}
{"sessionId":"366302","runId":"pre-fix","hypothesisId":"H4","location":"FileViewFinder.php:find","message":"view find called","data":{"name":"laravel-exceptions-renderer::components.syntax-highlight"},"timestamp":1777118919693}
{"sessionId":"366302","runId":"pre-fix","hypothesisId":"H4","location":"FileViewFinder.php:find","message":"view find called","data":{"name":"laravel-exceptions-renderer::components.file-with-line"},"timestamp":1777118919693}
{"sessionId":"366302","runId":"pre-fix","hypothesisId":"H4","location":"FileViewFinder.php:find","message":"view find called","data":{"name":"laravel-exceptions-renderer::components.vendor-frame"},"timestamp":1777118919694}
{"sessionId":"366302","runId":"pre-fix","hypothesisId":"H4","location":"FileViewFinder.php:find","message":"view find called","data":{"name":"laravel-exceptions-renderer::components.formatted-source"},"timestamp":1777118919695}
{"sessionId":"366302","runId":"pre-fix","hypothesisId":"H4","location":"FileViewFinder.php:find","message":"view find called","data":{"name":"laravel-exceptions-renderer::components.syntax-highlight"},"timestamp":1777118919695}
{"sessionId":"366302","runId":"pre-fix","hypothesisId":"H4","location":"FileViewFinder.php:find","message":"view find called","data":{"name":"laravel-exceptions-renderer::components.file-with-line"},"timestamp":1777118919696}
{"sessionId":"366302","runId":"pre-fix","hypothesisId":"H4","location":"FileViewFinder.php:find","message":"view find called","data":{"name":"laravel-exceptions-renderer::components.vendor-frame"},"timestamp":1777118919697}
{"sessionId":"366302","runId":"pre-fix","hypothesisId":"H4","location":"FileViewFinder.php:find","message":"view find called","data":{"name":"laravel-exceptions-renderer::components.formatted-source"},"timestamp":1777118919698}
{"sessionId":"366302","runId":"pre-fix","hypothesisId":"H4","location":"FileViewFinder.php:find","message":"view find called","data":{"name":"laravel-exceptions-renderer::components.syntax-highlight"},"timestamp":1777118919698}
{"sessionId":"366302","runId":"pre-fix","hypothesisId":"H4","location":"FileViewFinder.php:find","message":"view find called","data":{"name":"laravel-exceptions-renderer::components.file-with-line"},"timestamp":1777118919699}
{"sessionId":"366302","runId":"pre-fix","hypothesisId":"H4","location":"FileViewFinder.php:find","message":"view find called","data":{"name":"laravel-exceptions-renderer::components.vendor-frame"},"timestamp":1777118919700}
{"sessionId":"366302","runId":"pre-fix","hypothesisId":"H4","location":"FileViewFinder.php:find","message":"view find called","data":{"name":"laravel-exceptions-renderer::components.formatted-source"},"timestamp":1777118919701}
{"sessionId":"366302","runId":"pre-fix","hypothesisId":"H4","location":"FileViewFinder.php:find","message":"view find called","data":{"name":"laravel-exceptions-renderer::components.syntax-highlight"},"timestamp":1777118919702}
{"sessionId":"366302","runId":"pre-fix","hypothesisId":"H4","location":"FileViewFinder.php:find","message":"view find called","data":{"name":"laravel-exceptions-renderer::components.file-with-line"},"timestamp":1777118919703}
{"sessionId":"366302","runId":"pre-fix","hypothesisId":"H4","location":"FileViewFinder.php:find","message":"view find called","data":{"name":"laravel-exceptions-renderer::components.vendor-frame"},"timestamp":1777118919703}
{"sessionId":"366302","runId":"pre-fix","hypothesisId":"H4","location":"FileViewFinder.php:find","message":"view find called","data":{"name":"laravel-exceptions-renderer::components.formatted-source"},"timestamp":1777118919704}
{"sessionId":"366302","runId":"pre-fix","hypothesisId":"H4","location":"FileViewFinder.php:find","message":"view find called","data":{"name":"laravel-exceptions-renderer::components.syntax-highlight"},"timestamp":1777118919705}
{"sessionId":"366302","runId":"pre-fix","hypothesisId":"H4","location":"FileViewFinder.php:find","message":"view find called","data":{"name":"laravel-exceptions-renderer::components.file-with-line"},"timestamp":1777118919705}
{"sessionId":"366302","runId":"pre-fix","hypothesisId":"H4","location":"FileViewFinder.php:find","message":"view find called","data":{"name":"laravel-exceptions-renderer::components.vendor-frame"},"timestamp":1777118919706}
{"sessionId":"366302","runId":"pre-fix","hypothesisId":"H4","location":"FileViewFinder.php:find","message":"view find called","data":{"name":"laravel-exceptions-renderer::components.formatted-source"},"timestamp":1777118919707}
{"sessionId":"366302","runId":"pre-fix","hypothesisId":"H4","location":"FileViewFinder.php:find","message":"view find called","data":{"name":"laravel-exceptions-renderer::components.syntax-highlight"},"timestamp":1777118919707}
{"sessionId":"366302","runId":"pre-fix","hypothesisId":"H4","location":"FileViewFinder.php:find","message":"view find called","data":{"name":"laravel-exceptions-renderer::components.file-with-line"},"timestamp":1777118919708}
{"sessionId":"366302","runId":"pre-fix","hypothesisId":"H4","location":"FileViewFinder.php:find","message":"view find called","data":{"name":"laravel-exceptions-renderer::components.vendor-frame"},"timestamp":1777118919709}
{"sessionId":"366302","runId":"pre-fix","hypothesisId":"H4","location":"FileViewFinder.php:find","message":"view find called","data":{"name":"laravel-exceptions-renderer::components.formatted-source"},"timestamp":1777118919710}
{"sessionId":"366302","runId":"pre-fix","hypothesisId":"H4","location":"FileViewFinder.php:find","message":"view find called","data":{"name":"laravel-exceptions-renderer::components.syntax-highlight"},"timestamp":1777118919710}
{"sessionId":"366302","runId":"pre-fix","hypothesisId":"H4","location":"FileViewFinder.php:find","message":"view find called","data":{"name":"laravel-exceptions-renderer::components.file-with-line"},"timestamp":1777118919711}
{"sessionId":"366302","runId":"pre-fix","hypothesisId":"H4","location":"FileViewFinder.php:find","message":"view find called","data":{"name":"laravel-exceptions-renderer::components.frame"},"timestamp":1777118919712}
{"sessionId":"366302","runId":"pre-fix","hypothesisId":"H4","location":"FileViewFinder.php:find","message":"view find called","data":{"name":"laravel-exceptions-renderer::components.formatted-source"},"timestamp":1777118919713}
{"sessionId":"366302","runId":"pre-fix","hypothesisId":"H4","location":"FileViewFinder.php:find","message":"view find called","data":{"name":"laravel-exceptions-renderer::components.syntax-highlight"},"timestamp":1777118919713}
{"sessionId":"366302","runId":"pre-fix","hypothesisId":"H4","location":"FileViewFinder.php:find","message":"view find called","data":{"name":"laravel-exceptions-renderer::components.file-with-line"},"timestamp":1777118919714}
{"sessionId":"366302","runId":"pre-fix","hypothesisId":"H4","location":"FileViewFinder.php:find","message":"view find called","data":{"name":"laravel-exceptions-renderer::components.icons.chevrons-down-up"},"timestamp":1777118919715}
{"sessionId":"366302","runId":"pre-fix","hypothesisId":"H4","location":"FileViewFinder.php:find","message":"view find called","data":{"name":"laravel-exceptions-renderer::components.icons.chevrons-up-down"},"timestamp":1777118919715}
{"sessionId":"366302","runId":"pre-fix","hypothesisId":"H4","location":"FileViewFinder.php:find","message":"view find called","data":{"name":"laravel-exceptions-renderer::components.frame-code"},"timestamp":1777118919717}
{"sessionId":"366302","runId":"pre-fix","hypothesisId":"H4","location":"FileViewFinder.php:find","message":"view find called","data":{"name":"laravel-exceptions-renderer::components.syntax-highlight"},"timestamp":1777118919718}
{"sessionId":"366302","runId":"pre-fix","hypothesisId":"H4","location":"FileViewFinder.php:find","message":"view find called","data":{"name":"laravel-exceptions-renderer::components.vendor-frames"},"timestamp":1777118919718}
{"sessionId":"366302","runId":"pre-fix","hypothesisId":"H4","location":"FileViewFinder.php:find","message":"view find called","data":{"name":"laravel-exceptions-renderer::components.icons.folder"},"timestamp":1777118919719}
{"sessionId":"366302","runId":"pre-fix","hypothesisId":"H4","location":"FileViewFinder.php:find","message":"view find called","data":{"name":"laravel-exceptions-renderer::components.icons.folder-open"},"timestamp":1777118919720}
{"sessionId":"366302","runId":"pre-fix","hypothesisId":"H4","location":"FileViewFinder.php:find","message":"view find called","data":{"name":"laravel-exceptions-renderer::components.icons.chevrons-down-up"},"timestamp":1777118919721}
{"sessionId":"366302","runId":"pre-fix","hypothesisId":"H4","location":"FileViewFinder.php:find","message":"view find called","data":{"name":"laravel-exceptions-renderer::components.icons.chevrons-up-down"},"timestamp":1777118919721}
{"sessionId":"366302","runId":"pre-fix","hypothesisId":"H4","location":"FileViewFinder.php:find","message":"view find called","data":{"name":"laravel-exceptions-renderer::components.vendor-frame"},"timestamp":1777118919722}
{"sessionId":"366302","runId":"pre-fix","hypothesisId":"H4","location":"FileViewFinder.php:find","message":"view find called","data":{"name":"laravel-exceptions-renderer::components.file-with-line"},"timestamp":1777118919722}
{"sessionId":"366302","runId":"pre-fix","hypothesisId":"H4","location":"FileViewFinder.php:find","message":"view find called","data":{"name":"laravel-exceptions-renderer::components.query"},"timestamp":1777118919723}
{"sessionId":"366302","runId":"pre-fix","hypothesisId":"H4","location":"FileViewFinder.php:find","message":"view find called","data":{"name":"laravel-exceptions-renderer::components.query"},"timestamp":1777118919724}
{"sessionId":"366302","runId":"pre-fix","hypothesisId":"H4","location":"FileViewFinder.php:find","message":"view find called","data":{"name":"laravel-exceptions-renderer::components.icons.database"},"timestamp":1777118919725}
{"sessionId":"366302","runId":"pre-fix","hypothesisId":"H4","location":"FileViewFinder.php:find","message":"view find called","data":{"name":"laravel-exceptions-renderer::components.icons.database"},"timestamp":1777118919725}
{"sessionId":"366302","runId":"pre-fix","hypothesisId":"H4","location":"FileViewFinder.php:find","message":"view find called","data":{"name":"laravel-exceptions-renderer::components.icons.database"},"timestamp":1777118919726}
{"sessionId":"366302","runId":"pre-fix","hypothesisId":"H4","location":"FileViewFinder.php:find","message":"view find called","data":{"name":"laravel-exceptions-renderer::components.syntax-highlight"},"timestamp":1777118919727}
{"sessionId":"366302","runId":"pre-fix","hypothesisId":"H4","location":"FileViewFinder.php:find","message":"view find called","data":{"name":"laravel-exceptions-renderer::components.icons.database"},"timestamp":1777118919727}
{"sessionId":"366302","runId":"pre-fix","hypothesisId":"H4","location":"FileViewFinder.php:find","message":"view find called","data":{"name":"laravel-exceptions-renderer::components.syntax-highlight"},"timestamp":1777118919728}
{"sessionId":"366302","runId":"pre-fix","hypothesisId":"H4","location":"FileViewFinder.php:find","message":"view find called","data":{"name":"laravel-exceptions-renderer::components.icons.database"},"timestamp":1777118919728}
{"sessionId":"366302","runId":"pre-fix","hypothesisId":"H4","location":"FileViewFinder.php:find","message":"view find called","data":{"name":"laravel-exceptions-renderer::components.syntax-highlight"},"timestamp":1777118919729}
{"sessionId":"366302","runId":"pre-fix","hypothesisId":"H4","location":"FileViewFinder.php:find","message":"view find called","data":{"name":"laravel-exceptions-renderer::components.icons.database"},"timestamp":1777118919730}
{"sessionId":"366302","runId":"pre-fix","hypothesisId":"H4","location":"FileViewFinder.php:find","message":"view find called","data":{"name":"laravel-exceptions-renderer::components.syntax-highlight"},"timestamp":1777118919730}
{"sessionId":"366302","runId":"pre-fix","hypothesisId":"H4","location":"FileViewFinder.php:find","message":"view find called","data":{"name":"laravel-exceptions-renderer::components.icons.database"},"timestamp":1777118919731}
{"sessionId":"366302","runId":"pre-fix","hypothesisId":"H4","location":"FileViewFinder.php:find","message":"view find called","data":{"name":"laravel-exceptions-renderer::components.syntax-highlight"},"timestamp":1777118919731}
{"sessionId":"366302","runId":"pre-fix","hypothesisId":"H4","location":"FileViewFinder.php:find","message":"view find called","data":{"name":"laravel-exceptions-renderer::components.icons.chevrons-left"},"timestamp":1777118919732}
{"sessionId":"366302","runId":"pre-fix","hypothesisId":"H4","location":"FileViewFinder.php:find","message":"view find called","data":{"name":"laravel-exceptions-renderer::components.icons.chevrons-left"},"timestamp":1777118919733}
{"sessionId":"366302","runId":"pre-fix","hypothesisId":"H4","location":"FileViewFinder.php:find","message":"view find called","data":{"name":"laravel-exceptions-renderer::components.icons.chevron-left"},"timestamp":1777118919734}
{"sessionId":"366302","runId":"pre-fix","hypothesisId":"H4","location":"FileViewFinder.php:find","message":"view find called","data":{"name":"laravel-exceptions-renderer::components.icons.chevron-left"},"timestamp":1777118919734}
{"sessionId":"366302","runId":"pre-fix","hypothesisId":"H4","location":"FileViewFinder.php:find","message":"view find called","data":{"name":"laravel-exceptions-renderer::components.icons.chevron-right"},"timestamp":1777118919735}
{"sessionId":"366302","runId":"pre-fix","hypothesisId":"H4","location":"FileViewFinder.php:find","message":"view find called","data":{"name":"laravel-exceptions-renderer::components.icons.chevron-right"},"timestamp":1777118919736}
{"sessionId":"366302","runId":"pre-fix","hypothesisId":"H4","location":"FileViewFinder.php:find","message":"view find called","data":{"name":"laravel-exceptions-renderer::components.icons.chevrons-right"},"timestamp":1777118919737}
{"sessionId":"366302","runId":"pre-fix","hypothesisId":"H4","location":"FileViewFinder.php:find","message":"view find called","data":{"name":"laravel-exceptions-renderer::components.icons.chevrons-right"},"timestamp":1777118919737}
{"sessionId":"366302","runId":"pre-fix","hypothesisId":"H4","location":"FileViewFinder.php:find","message":"view find called","data":{"name":"laravel-exceptions-renderer::components.section-container"},"timestamp":1777118919738}
{"sessionId":"366302","runId":"pre-fix","hypothesisId":"H4","location":"FileViewFinder.php:find","message":"view find called","data":{"name":"laravel-exceptions-renderer::components.separator"},"timestamp":1777118919739}
{"sessionId":"366302","runId":"pre-fix","hypothesisId":"H4","location":"FileViewFinder.php:find","message":"view find called","data":{"name":"laravel-exceptions-renderer::components.request-header"},"timestamp":1777118919740}
{"sessionId":"366302","runId":"pre-fix","hypothesisId":"H4","location":"FileViewFinder.php:find","message":"view find called","data":{"name":"laravel-exceptions-renderer::components.request-header"},"timestamp":1777118919740}
{"sessionId":"366302","runId":"pre-fix","hypothesisId":"H4","location":"FileViewFinder.php:find","message":"view find called","data":{"name":"laravel-exceptions-renderer::components.request-body"},"timestamp":1777118919741}
{"sessionId":"366302","runId":"pre-fix","hypothesisId":"H4","location":"FileViewFinder.php:find","message":"view find called","data":{"name":"laravel-exceptions-renderer::components.request-body"},"timestamp":1777118919741}
{"sessionId":"366302","runId":"pre-fix","hypothesisId":"H4","location":"FileViewFinder.php:find","message":"view find called","data":{"name":"laravel-exceptions-renderer::components.empty-state"},"timestamp":1777118919742}
{"sessionId":"366302","runId":"pre-fix","hypothesisId":"H4","location":"FileViewFinder.php:find","message":"view find called","data":{"name":"laravel-exceptions-renderer::components.empty-state"},"timestamp":1777118919743}
{"sessionId":"366302","runId":"pre-fix","hypothesisId":"H4","location":"FileViewFinder.php:find","message":"view find called","data":{"name":"laravel-exceptions-renderer::components.routing"},"timestamp":1777118919743}
{"sessionId":"366302","runId":"pre-fix","hypothesisId":"H4","location":"FileViewFinder.php:find","message":"view find called","data":{"name":"laravel-exceptions-renderer::components.routing"},"timestamp":1777118919744}
{"sessionId":"366302","runId":"pre-fix","hypothesisId":"H4","location":"FileViewFinder.php:find","message":"view find called","data":{"name":"laravel-exceptions-renderer::components.routing-parameter"},"timestamp":1777118919745}
{"sessionId":"366302","runId":"pre-fix","hypothesisId":"H4","location":"FileViewFinder.php:find","message":"view find called","data":{"name":"laravel-exceptions-renderer::components.routing-parameter"},"timestamp":1777118919746}
{"sessionId":"366302","runId":"pre-fix","hypothesisId":"H4","location":"FileViewFinder.php:find","message":"view find called","data":{"name":"laravel-exceptions-renderer::components.syntax-highlight"},"timestamp":1777118919747}
{"sessionId":"366302","runId":"pre-fix","hypothesisId":"H4","location":"FileViewFinder.php:find","message":"view find called","data":{"name":"laravel-exceptions-renderer::components.section-container"},"timestamp":1777118919747}
{"sessionId":"366302","runId":"pre-fix","hypothesisId":"H4","location":"FileViewFinder.php:find","message":"view find called","data":{"name":"laravel-exceptions-renderer::components.separator"},"timestamp":1777118919748}
{"sessionId":"366302","runId":"pre-fix","hypothesisId":"H4","location":"FileViewFinder.php:find","message":"view find called","data":{"name":"laravel-exceptions-renderer::components.laravel-ascii-spotlight"},"timestamp":1777118919749}
{"sessionId":"366302","runId":"pre-fix","hypothesisId":"H4","location":"FileViewFinder.php:find","message":"view find called","data":{"name":"laravel-exceptions-renderer::components.laravel-ascii-spotlight"},"timestamp":1777118919749}
{"sessionId":"366302","runId":"pre-fix","hypothesisId":"H4","location":"FileViewFinder.php:find","message":"view find called","data":{"name":"laravel-exceptions-renderer::components.icons.laravel-ascii"},"timestamp":1777118919750}
{"sessionId":"366302","runId":"pre-fix","hypothesisId":"H4","location":"FileViewFinder.php:find","message":"view find called","data":{"name":"laravel-exceptions-renderer::components.icons.laravel-ascii"},"timestamp":1777118919751}
{"sessionId":"366302","runId":"pre-fix","hypothesisId":"H4","location":"FileViewFinder.php:find","message":"view find called","data":{"name":"laravel-exceptions-renderer::components.icons.laravel-ascii"},"timestamp":1777118919752}
{"sessionId":"366302","runId":"pre-fix","hypothesisId":"H4","location":"FileViewFinder.php:find","message":"view find called","data":{"name":"laravel-exceptions-renderer::components.section-container"},"timestamp":1777118919753}
{"sessionId":"366302","runId":"pre-fix","hypothesisId":"H4","location":"FileViewFinder.php:find","message":"view find called","data":{"name":"laravel-exceptions-renderer::components.layout"},"timestamp":1777118919754}
{"sessionId":"366302","runId":"pre-fix","hypothesisId":"H4","location":"FileViewFinder.php:find","message":"view find called","data":{"name":"product.show"},"timestamp":1777119182964}
{"sessionId":"366302","runId":"pre-fix","hypothesisId":"H2","location":"ComponentTagCompiler.php:componentString","message":"component tag compiled","data":{"component":"layouts.app"},"timestamp":1777119182966}
{"sessionId":"366302","runId":"pre-fix","hypothesisId":"H3","location":"ComponentTagCompiler.php:guessAnonymousComponentUsingNamespaces","message":"checking anonymous component namespaces","data":{"component":"layouts.app","registeredNamespaces":[]},"timestamp":1777119182967}
{"sessionId":"366302","runId":"pre-fix","hypothesisId":"H4","location":"FileViewFinder.php:find","message":"view find called","data":{"name":"components.layouts.app"},"timestamp":1777119182968}
{"sessionId":"366302","runId":"pre-fix","hypothesisId":"H4","location":"FileViewFinder.php:find","message":"view find called","data":{"name":"components.layouts.app"},"timestamp":1777119183191}
{"sessionId":"366302","runId":"pre-fix","hypothesisId":"H4","location":"FileViewFinder.php:find","message":"view find called","data":{"name":"components.layouts.app"},"timestamp":1777119183192}
{"sessionId":"366302","runId":"pre-fix","hypothesisId":"H4","location":"FileViewFinder.php:find","message":"view find called","data":{"name":"components.navigation"},"timestamp":1777119183195}
{"sessionId":"366302","runId":"pre-fix","hypothesisId":"H4","location":"FileViewFinder.php:find","message":"view find called","data":{"name":"components.navigation"},"timestamp":1777119183196}
{"sessionId":"366302","runId":"pre-fix","hypothesisId":"H4","location":"FileViewFinder.php:find","message":"view find called","data":{"name":"components.footer"},"timestamp":1777119183197}
{"sessionId":"366302","runId":"pre-fix","hypothesisId":"H4","location":"FileViewFinder.php:find","message":"view find called","data":{"name":"components.footer"},"timestamp":1777119183197}
{"sessionId":"366302","runId":"pre-fix","hypothesisId":"H4","location":"FileViewFinder.php:find","message":"view find called","data":{"name":"product.show"},"timestamp":1777119244491}
{"sessionId":"366302","runId":"pre-fix","hypothesisId":"H2","location":"ComponentTagCompiler.php:componentString","message":"component tag compiled","data":{"component":"layouts.app"},"timestamp":1777119244495}
{"sessionId":"366302","runId":"pre-fix","hypothesisId":"H3","location":"ComponentTagCompiler.php:guessAnonymousComponentUsingNamespaces","message":"checking anonymous component namespaces","data":{"component":"layouts.app","registeredNamespaces":[]},"timestamp":1777119244496}
{"sessionId":"366302","runId":"pre-fix","hypothesisId":"H4","location":"FileViewFinder.php:find","message":"view find called","data":{"name":"components.layouts.app"},"timestamp":1777119244497}
{"sessionId":"366302","runId":"pre-fix","hypothesisId":"H4","location":"FileViewFinder.php:find","message":"view find called","data":{"name":"components.layouts.app"},"timestamp":1777119244701}
{"sessionId":"366302","runId":"pre-fix","hypothesisId":"H4","location":"FileViewFinder.php:find","message":"view find called","data":{"name":"components.layouts.app"},"timestamp":1777119248651}
{"sessionId":"366302","runId":"pre-fix","hypothesisId":"H4","location":"FileViewFinder.php:find","message":"view find called","data":{"name":"components.navigation"},"timestamp":1777119248654}
{"sessionId":"366302","runId":"pre-fix","hypothesisId":"H4","location":"FileViewFinder.php:find","message":"view find called","data":{"name":"components.navigation"},"timestamp":1777119248654}
{"sessionId":"366302","runId":"pre-fix","hypothesisId":"H4","location":"FileViewFinder.php:find","message":"view find called","data":{"name":"components.footer"},"timestamp":1777119248656}
{"sessionId":"366302","runId":"pre-fix","hypothesisId":"H4","location":"FileViewFinder.php:find","message":"view find called","data":{"name":"components.footer"},"timestamp":1777119248657}
{"sessionId":"366302","runId":"pre-fix","hypothesisId":"H4","location":"FileViewFinder.php:find","message":"view find called","data":{"name":"pages.homepage"},"timestamp":1777119298753}
{"sessionId":"366302","runId":"pre-fix","hypothesisId":"H2","location":"ComponentTagCompiler.php:componentString","message":"component tag compiled","data":{"component":"product-sections"},"timestamp":1777119298756}
{"sessionId":"366302","runId":"pre-fix","hypothesisId":"H3","location":"ComponentTagCompiler.php:guessAnonymousComponentUsingNamespaces","message":"checking anonymous component namespaces","data":{"component":"product-sections","registeredNamespaces":[]},"timestamp":1777119298757}
{"sessionId":"366302","runId":"pre-fix","hypothesisId":"H4","location":"FileViewFinder.php:find","message":"view find called","data":{"name":"components.product-sections"},"timestamp":1777119298758}
{"sessionId":"366302","runId":"pre-fix","hypothesisId":"H2","location":"ComponentTagCompiler.php:componentString","message":"component tag compiled","data":{"component":"featured-icon"},"timestamp":1777119298758}
{"sessionId":"366302","runId":"pre-fix","hypothesisId":"H3","location":"ComponentTagCompiler.php:guessAnonymousComponentUsingNamespaces","message":"checking anonymous component namespaces","data":{"component":"featured-icon","registeredNamespaces":[]},"timestamp":1777119298759}
{"sessionId":"366302","runId":"pre-fix","hypothesisId":"H4","location":"FileViewFinder.php:find","message":"view find called","data":{"name":"components.featured-icon"},"timestamp":1777119298760}
{"sessionId":"366302","runId":"pre-fix","hypothesisId":"H2","location":"ComponentTagCompiler.php:componentString","message":"component tag compiled","data":{"component":"product-sections"},"timestamp":1777119298760}
{"sessionId":"366302","runId":"pre-fix","hypothesisId":"H3","location":"ComponentTagCompiler.php:guessAnonymousComponentUsingNamespaces","message":"checking anonymous component namespaces","data":{"component":"product-sections","registeredNamespaces":[]},"timestamp":1777119298761}
{"sessionId":"366302","runId":"pre-fix","hypothesisId":"H4","location":"FileViewFinder.php:find","message":"view find called","data":{"name":"components.product-sections"},"timestamp":1777119298761}
{"sessionId":"366302","runId":"pre-fix","hypothesisId":"H2","location":"ComponentTagCompiler.php:componentString","message":"component tag compiled","data":{"component":"store-layout"},"timestamp":1777119298762}
{"sessionId":"366302","runId":"pre-fix","hypothesisId":"H3","location":"ComponentTagCompiler.php:guessAnonymousComponentUsingNamespaces","message":"checking anonymous component namespaces","data":{"component":"store-layout","registeredNamespaces":[]},"timestamp":1777119298763}
{"sessionId":"366302","runId":"pre-fix","hypothesisId":"H4","location":"FileViewFinder.php:find","message":"view find called","data":{"name":"components.store-layout"},"timestamp":1777119298763}
{"sessionId":"366302","runId":"pre-fix","hypothesisId":"H4","location":"FileViewFinder.php:find","message":"view find called","data":{"name":"components.store-layout"},"timestamp":1777119299143}
{"sessionId":"366302","runId":"pre-fix","hypothesisId":"H4","location":"FileViewFinder.php:find","message":"view find called","data":{"name":"components.product-sections"},"timestamp":1777119299144}
{"sessionId":"366302","runId":"pre-fix","hypothesisId":"H4","location":"FileViewFinder.php:find","message":"view find called","data":{"name":"components.product-sections"},"timestamp":1777119299145}
{"sessionId":"366302","runId":"pre-fix","hypothesisId":"H2","location":"ComponentTagCompiler.php:componentString","message":"component tag compiled","data":{"component":"single-product-card"},"timestamp":1777119299146}
{"sessionId":"366302","runId":"pre-fix","hypothesisId":"H3","location":"ComponentTagCompiler.php:guessAnonymousComponentUsingNamespaces","message":"checking anonymous component namespaces","data":{"component":"single-product-card","registeredNamespaces":[]},"timestamp":1777119299147}
{"sessionId":"366302","runId":"pre-fix","hypothesisId":"H4","location":"FileViewFinder.php:find","message":"view find called","data":{"name":"components.single-product-card"},"timestamp":1777119299148}
{"sessionId":"366302","runId":"pre-fix","hypothesisId":"H4","location":"FileViewFinder.php:find","message":"view find called","data":{"name":"components.single-product-card"},"timestamp":1777119299312}
{"sessionId":"366302","runId":"pre-fix","hypothesisId":"H4","location":"FileViewFinder.php:find","message":"view find called","data":{"name":"components.single-product-card"},"timestamp":1777119299313}
{"sessionId":"366302","runId":"pre-fix","hypothesisId":"H2","location":"ComponentTagCompiler.php:componentString","message":"component tag compiled","data":{"component":"single-product-card"},"timestamp":1777119299790}
{"sessionId":"366302","runId":"pre-fix","hypothesisId":"H3","location":"ComponentTagCompiler.php:guessAnonymousComponentUsingNamespaces","message":"checking anonymous component namespaces","data":{"component":"single-product-card","registeredNamespaces":[]},"timestamp":1777119299791}
{"sessionId":"366302","runId":"pre-fix","hypothesisId":"H4","location":"FileViewFinder.php:find","message":"view find called","data":{"name":"components.single-product-card"},"timestamp":1777119299792}
{"sessionId":"366302","runId":"pre-fix","hypothesisId":"H2","location":"ComponentTagCompiler.php:componentString","message":"component tag compiled","data":{"component":"product-sections"},"timestamp":1777119299794}
{"sessionId":"366302","runId":"pre-fix","hypothesisId":"H3","location":"ComponentTagCompiler.php:guessAnonymousComponentUsingNamespaces","message":"checking anonymous component namespaces","data":{"component":"product-sections","registeredNamespaces":[]},"timestamp":1777119299794}
{"sessionId":"366302","runId":"pre-fix","hypothesisId":"H4","location":"FileViewFinder.php:find","message":"view find called","data":{"name":"components.product-sections"},"timestamp":1777119299795}
{"sessionId":"366302","runId":"pre-fix","hypothesisId":"H2","location":"ComponentTagCompiler.php:componentString","message":"component tag compiled","data":{"component":"featured-icon"},"timestamp":1777119299795}
{"sessionId":"366302","runId":"pre-fix","hypothesisId":"H3","location":"ComponentTagCompiler.php:guessAnonymousComponentUsingNamespaces","message":"checking anonymous component namespaces","data":{"component":"featured-icon","registeredNamespaces":[]},"timestamp":1777119299795}
{"sessionId":"366302","runId":"pre-fix","hypothesisId":"H4","location":"FileViewFinder.php:find","message":"view find called","data":{"name":"components.featured-icon"},"timestamp":1777119299796}
{"sessionId":"366302","runId":"pre-fix","hypothesisId":"H2","location":"ComponentTagCompiler.php:componentString","message":"component tag compiled","data":{"component":"product-sections"},"timestamp":1777119299796}
{"sessionId":"366302","runId":"pre-fix","hypothesisId":"H3","location":"ComponentTagCompiler.php:guessAnonymousComponentUsingNamespaces","message":"checking anonymous component namespaces","data":{"component":"product-sections","registeredNamespaces":[]},"timestamp":1777119299797}
{"sessionId":"366302","runId":"pre-fix","hypothesisId":"H4","location":"FileViewFinder.php:find","message":"view find called","data":{"name":"components.product-sections"},"timestamp":1777119299797}
{"sessionId":"366302","runId":"pre-fix","hypothesisId":"H2","location":"ComponentTagCompiler.php:componentString","message":"component tag compiled","data":{"component":"store-layout"},"timestamp":1777119299798}
{"sessionId":"366302","runId":"pre-fix","hypothesisId":"H3","location":"ComponentTagCompiler.php:guessAnonymousComponentUsingNamespaces","message":"checking anonymous component namespaces","data":{"component":"store-layout","registeredNamespaces":[]},"timestamp":1777119299798}
{"sessionId":"366302","runId":"pre-fix","hypothesisId":"H4","location":"FileViewFinder.php:find","message":"view find called","data":{"name":"components.store-layout"},"timestamp":1777119299799}
{"sessionId":"366302","runId":"pre-fix","hypothesisId":"H4","location":"FileViewFinder.php:find","message":"view find called","data":{"name":"laravel-exceptions-renderer::markdown"},"timestamp":1777119299801}
{"sessionId":"366302","runId":"pre-fix","hypothesisId":"H4","location":"FileViewFinder.php:find","message":"view find called","data":{"name":"laravel-exceptions-renderer::show"},"timestamp":1777119300355}
{"sessionId":"366302","runId":"pre-fix","hypothesisId":"H4","location":"FileViewFinder.php:find","message":"view find called","data":{"name":"laravel-exceptions-renderer::components.layout"},"timestamp":1777119300356}
{"sessionId":"366302","runId":"pre-fix","hypothesisId":"H4","location":"FileViewFinder.php:find","message":"view find called","data":{"name":"laravel-exceptions-renderer::components.section-container"},"timestamp":1777119300357}
{"sessionId":"366302","runId":"pre-fix","hypothesisId":"H4","location":"FileViewFinder.php:find","message":"view find called","data":{"name":"laravel-exceptions-renderer::components.topbar"},"timestamp":1777119300357}
{"sessionId":"366302","runId":"pre-fix","hypothesisId":"H4","location":"FileViewFinder.php:find","message":"view find called","data":{"name":"laravel-exceptions-renderer::components.topbar"},"timestamp":1777119300358}
{"sessionId":"366302","runId":"pre-fix","hypothesisId":"H4","location":"FileViewFinder.php:find","message":"view find called","data":{"name":"laravel-exceptions-renderer::components.icons.copy"},"timestamp":1777119300360}
{"sessionId":"366302","runId":"pre-fix","hypothesisId":"H4","location":"FileViewFinder.php:find","message":"view find called","data":{"name":"laravel-exceptions-renderer::components.icons.copy"},"timestamp":1777119300361}
{"sessionId":"366302","runId":"pre-fix","hypothesisId":"H4","location":"FileViewFinder.php:find","message":"view find called","data":{"name":"laravel-exceptions-renderer::components.icons.check"},"timestamp":1777119300362}
{"sessionId":"366302","runId":"pre-fix","hypothesisId":"H4","location":"FileViewFinder.php:find","message":"view find called","data":{"name":"laravel-exceptions-renderer::components.icons.check"},"timestamp":1777119300363}
{"sessionId":"366302","runId":"pre-fix","hypothesisId":"H4","location":"FileViewFinder.php:find","message":"view find called","data":{"name":"laravel-exceptions-renderer::components.section-container"},"timestamp":1777119300364}
{"sessionId":"366302","runId":"pre-fix","hypothesisId":"H4","location":"FileViewFinder.php:find","message":"view find called","data":{"name":"laravel-exceptions-renderer::components.separator"},"timestamp":1777119300365}
{"sessionId":"366302","runId":"pre-fix","hypothesisId":"H4","location":"FileViewFinder.php:find","message":"view find called","data":{"name":"laravel-exceptions-renderer::components.separator"},"timestamp":1777119300366}
{"sessionId":"366302","runId":"pre-fix","hypothesisId":"H4","location":"FileViewFinder.php:find","message":"view find called","data":{"name":"laravel-exceptions-renderer::components.header"},"timestamp":1777119300367}
{"sessionId":"366302","runId":"pre-fix","hypothesisId":"H4","location":"FileViewFinder.php:find","message":"view find called","data":{"name":"laravel-exceptions-renderer::components.header"},"timestamp":1777119300368}
{"sessionId":"366302","runId":"pre-fix","hypothesisId":"H4","location":"FileViewFinder.php:find","message":"view find called","data":{"name":"laravel-exceptions-renderer::components.file-with-line"},"timestamp":1777119300369}
{"sessionId":"366302","runId":"pre-fix","hypothesisId":"H4","location":"FileViewFinder.php:find","message":"view find called","data":{"name":"laravel-exceptions-renderer::components.file-with-line"},"timestamp":1777119300370}
{"sessionId":"366302","runId":"pre-fix","hypothesisId":"H4","location":"FileViewFinder.php:find","message":"view find called","data":{"name":"laravel-exceptions-renderer::components.badge"},"timestamp":1777119300372}
{"sessionId":"366302","runId":"pre-fix","hypothesisId":"H4","location":"FileViewFinder.php:find","message":"view find called","data":{"name":"laravel-exceptions-renderer::components.icons.alert"},"timestamp":1777119300372}
{"sessionId":"366302","runId":"pre-fix","hypothesisId":"H4","location":"FileViewFinder.php:find","message":"view find called","data":{"name":"laravel-exceptions-renderer::components.icons.alert"},"timestamp":1777119300373}
{"sessionId":"366302","runId":"pre-fix","hypothesisId":"H4","location":"FileViewFinder.php:find","message":"view find called","data":{"name":"laravel-exceptions-renderer::components.badge"},"timestamp":1777119300374}
{"sessionId":"366302","runId":"pre-fix","hypothesisId":"H4","location":"FileViewFinder.php:find","message":"view find called","data":{"name":"laravel-exceptions-renderer::components.badge"},"timestamp":1777119300375}
{"sessionId":"366302","runId":"pre-fix","hypothesisId":"H4","location":"FileViewFinder.php:find","message":"view find called","data":{"name":"laravel-exceptions-renderer::components.request-url"},"timestamp":1777119300376}
{"sessionId":"366302","runId":"pre-fix","hypothesisId":"H4","location":"FileViewFinder.php:find","message":"view find called","data":{"name":"laravel-exceptions-renderer::components.request-url"},"timestamp":1777119300376}
{"sessionId":"366302","runId":"pre-fix","hypothesisId":"H4","location":"FileViewFinder.php:find","message":"view find called","data":{"name":"laravel-exceptions-renderer::components.icons.alert"},"timestamp":1777119300378}
{"sessionId":"366302","runId":"pre-fix","hypothesisId":"H4","location":"FileViewFinder.php:find","message":"view find called","data":{"name":"laravel-exceptions-renderer::components.badge"},"timestamp":1777119300379}
{"sessionId":"366302","runId":"pre-fix","hypothesisId":"H4","location":"FileViewFinder.php:find","message":"view find called","data":{"name":"laravel-exceptions-renderer::components.http-method"},"timestamp":1777119300379}
{"sessionId":"366302","runId":"pre-fix","hypothesisId":"H4","location":"FileViewFinder.php:find","message":"view find called","data":{"name":"laravel-exceptions-renderer::components.http-method"},"timestamp":1777119300380}
{"sessionId":"366302","runId":"pre-fix","hypothesisId":"H4","location":"FileViewFinder.php:find","message":"view find called","data":{"name":"laravel-exceptions-renderer::components.icons.globe"},"timestamp":1777119300381}
{"sessionId":"366302","runId":"pre-fix","hypothesisId":"H4","location":"FileViewFinder.php:find","message":"view find called","data":{"name":"laravel-exceptions-renderer::components.icons.globe"},"timestamp":1777119300382}
{"sessionId":"366302","runId":"pre-fix","hypothesisId":"H4","location":"FileViewFinder.php:find","message":"view find called","data":{"name":"laravel-exceptions-renderer::components.badge"},"timestamp":1777119300383}
{"sessionId":"366302","runId":"pre-fix","hypothesisId":"H4","location":"FileViewFinder.php:find","message":"view find called","data":{"name":"laravel-exceptions-renderer::components.icons.copy"},"timestamp":1777119300383}
{"sessionId":"366302","runId":"pre-fix","hypothesisId":"H4","location":"FileViewFinder.php:find","message":"view find called","data":{"name":"laravel-exceptions-renderer::components.icons.check"},"timestamp":1777119300384}
{"sessionId":"366302","runId":"pre-fix","hypothesisId":"H4","location":"FileViewFinder.php:find","message":"view find called","data":{"name":"laravel-exceptions-renderer::components.section-container"},"timestamp":1777119300385}
{"sessionId":"366302","runId":"pre-fix","hypothesisId":"H4","location":"FileViewFinder.php:find","message":"view find called","data":{"name":"laravel-exceptions-renderer::components.separator"},"timestamp":1777119300386}
{"sessionId":"366302","runId":"pre-fix","hypothesisId":"H4","location":"FileViewFinder.php:find","message":"view find called","data":{"name":"laravel-exceptions-renderer::components.trace"},"timestamp":1777119300387}
{"sessionId":"366302","runId":"pre-fix","hypothesisId":"H4","location":"FileViewFinder.php:find","message":"view find called","data":{"name":"laravel-exceptions-renderer::components.trace"},"timestamp":1777119300387}
{"sessionId":"366302","runId":"pre-fix","hypothesisId":"H4","location":"FileViewFinder.php:find","message":"view find called","data":{"name":"laravel-exceptions-renderer::components.icons.alert"},"timestamp":1777119300388}
{"sessionId":"366302","runId":"pre-fix","hypothesisId":"H4","location":"FileViewFinder.php:find","message":"view find called","data":{"name":"laravel-exceptions-renderer::components.frame"},"timestamp":1777119300389}
{"sessionId":"366302","runId":"pre-fix","hypothesisId":"H4","location":"FileViewFinder.php:find","message":"view find called","data":{"name":"laravel-exceptions-renderer::components.frame"},"timestamp":1777119300389}
{"sessionId":"366302","runId":"pre-fix","hypothesisId":"H4","location":"FileViewFinder.php:find","message":"view find called","data":{"name":"laravel-exceptions-renderer::components.formatted-source"},"timestamp":1777119300390}
{"sessionId":"366302","runId":"pre-fix","hypothesisId":"H4","location":"FileViewFinder.php:find","message":"view find called","data":{"name":"laravel-exceptions-renderer::components.formatted-source"},"timestamp":1777119300391}
{"sessionId":"366302","runId":"pre-fix","hypothesisId":"H4","location":"FileViewFinder.php:find","message":"view find called","data":{"name":"laravel-exceptions-renderer::components.syntax-highlight"},"timestamp":1777119300392}
{"sessionId":"366302","runId":"pre-fix","hypothesisId":"H4","location":"FileViewFinder.php:find","message":"view find called","data":{"name":"laravel-exceptions-renderer::components.syntax-highlight"},"timestamp":1777119300392}
{"sessionId":"366302","runId":"pre-fix","hypothesisId":"H4","location":"FileViewFinder.php:find","message":"view find called","data":{"name":"laravel-exceptions-renderer::components.file-with-line"},"timestamp":1777119300393}
{"sessionId":"366302","runId":"pre-fix","hypothesisId":"H4","location":"FileViewFinder.php:find","message":"view find called","data":{"name":"laravel-exceptions-renderer::components.icons.chevrons-down-up"},"timestamp":1777119300394}
{"sessionId":"366302","runId":"pre-fix","hypothesisId":"H4","location":"FileViewFinder.php:find","message":"view find called","data":{"name":"laravel-exceptions-renderer::components.icons.chevrons-down-up"},"timestamp":1777119300394}
{"sessionId":"366302","runId":"pre-fix","hypothesisId":"H4","location":"FileViewFinder.php:find","message":"view find called","data":{"name":"laravel-exceptions-renderer::components.icons.chevrons-up-down"},"timestamp":1777119300395}
{"sessionId":"366302","runId":"pre-fix","hypothesisId":"H4","location":"FileViewFinder.php:find","message":"view find called","data":{"name":"laravel-exceptions-renderer::components.icons.chevrons-up-down"},"timestamp":1777119300396}
{"sessionId":"366302","runId":"pre-fix","hypothesisId":"H4","location":"FileViewFinder.php:find","message":"view find called","data":{"name":"laravel-exceptions-renderer::components.frame-code"},"timestamp":1777119300397}
{"sessionId":"366302","runId":"pre-fix","hypothesisId":"H4","location":"FileViewFinder.php:find","message":"view find called","data":{"name":"laravel-exceptions-renderer::components.frame-code"},"timestamp":1777119300398}
{"sessionId":"366302","runId":"pre-fix","hypothesisId":"H4","location":"FileViewFinder.php:find","message":"view find called","data":{"name":"laravel-exceptions-renderer::components.syntax-highlight"},"timestamp":1777119300399}
{"sessionId":"366302","runId":"pre-fix","hypothesisId":"H4","location":"FileViewFinder.php:find","message":"view find called","data":{"name":"laravel-exceptions-renderer::components.vendor-frames"},"timestamp":1777119300400}
{"sessionId":"366302","runId":"pre-fix","hypothesisId":"H4","location":"FileViewFinder.php:find","message":"view find called","data":{"name":"laravel-exceptions-renderer::components.vendor-frames"},"timestamp":1777119300400}
{"sessionId":"366302","runId":"pre-fix","hypothesisId":"H4","location":"FileViewFinder.php:find","message":"view find called","data":{"name":"laravel-exceptions-renderer::components.icons.folder"},"timestamp":1777119300401}
{"sessionId":"366302","runId":"pre-fix","hypothesisId":"H4","location":"FileViewFinder.php:find","message":"view find called","data":{"name":"laravel-exceptions-renderer::components.icons.folder"},"timestamp":1777119300402}
{"sessionId":"366302","runId":"pre-fix","hypothesisId":"H4","location":"FileViewFinder.php:find","message":"view find called","data":{"name":"laravel-exceptions-renderer::components.icons.folder-open"},"timestamp":1777119300403}
{"sessionId":"366302","runId":"pre-fix","hypothesisId":"H4","location":"FileViewFinder.php:find","message":"view find called","data":{"name":"laravel-exceptions-renderer::components.icons.folder-open"},"timestamp":1777119300403}
{"sessionId":"366302","runId":"pre-fix","hypothesisId":"H4","location":"FileViewFinder.php:find","message":"view find called","data":{"name":"laravel-exceptions-renderer::components.icons.chevrons-down-up"},"timestamp":1777119300405}
{"sessionId":"366302","runId":"pre-fix","hypothesisId":"H4","location":"FileViewFinder.php:find","message":"view find called","data":{"name":"laravel-exceptions-renderer::components.icons.chevrons-up-down"},"timestamp":1777119300405}
{"sessionId":"366302","runId":"pre-fix","hypothesisId":"H4","location":"FileViewFinder.php:find","message":"view find called","data":{"name":"laravel-exceptions-renderer::components.vendor-frame"},"timestamp":1777119300406}
{"sessionId":"366302","runId":"pre-fix","hypothesisId":"H4","location":"FileViewFinder.php:find","message":"view find called","data":{"name":"laravel-exceptions-renderer::components.vendor-frame"},"timestamp":1777119300406}
{"sessionId":"366302","runId":"pre-fix","hypothesisId":"H4","location":"FileViewFinder.php:find","message":"view find called","data":{"name":"laravel-exceptions-renderer::components.formatted-source"},"timestamp":1777119300407}
{"sessionId":"366302","runId":"pre-fix","hypothesisId":"H4","location":"FileViewFinder.php:find","message":"view find called","data":{"name":"laravel-exceptions-renderer::components.syntax-highlight"},"timestamp":1777119300408}
{"sessionId":"366302","runId":"pre-fix","hypothesisId":"H4","location":"FileViewFinder.php:find","message":"view find called","data":{"name":"laravel-exceptions-renderer::components.file-with-line"},"timestamp":1777119300408}
{"sessionId":"366302","runId":"pre-fix","hypothesisId":"H4","location":"FileViewFinder.php:find","message":"view find called","data":{"name":"laravel-exceptions-renderer::components.vendor-frame"},"timestamp":1777119300409}
{"sessionId":"366302","runId":"pre-fix","hypothesisId":"H4","location":"FileViewFinder.php:find","message":"view find called","data":{"name":"laravel-exceptions-renderer::components.formatted-source"},"timestamp":1777119300410}
{"sessionId":"366302","runId":"pre-fix","hypothesisId":"H4","location":"FileViewFinder.php:find","message":"view find called","data":{"name":"laravel-exceptions-renderer::components.syntax-highlight"},"timestamp":1777119300411}
{"sessionId":"366302","runId":"pre-fix","hypothesisId":"H4","location":"FileViewFinder.php:find","message":"view find called","data":{"name":"laravel-exceptions-renderer::components.file-with-line"},"timestamp":1777119300411}
{"sessionId":"366302","runId":"pre-fix","hypothesisId":"H4","location":"FileViewFinder.php:find","message":"view find called","data":{"name":"laravel-exceptions-renderer::components.vendor-frame"},"timestamp":1777119300413}
{"sessionId":"366302","runId":"pre-fix","hypothesisId":"H4","location":"FileViewFinder.php:find","message":"view find called","data":{"name":"laravel-exceptions-renderer::components.formatted-source"},"timestamp":1777119300413}
{"sessionId":"366302","runId":"pre-fix","hypothesisId":"H4","location":"FileViewFinder.php:find","message":"view find called","data":{"name":"laravel-exceptions-renderer::components.syntax-highlight"},"timestamp":1777119300414}
{"sessionId":"366302","runId":"pre-fix","hypothesisId":"H4","location":"FileViewFinder.php:find","message":"view find called","data":{"name":"laravel-exceptions-renderer::components.file-with-line"},"timestamp":1777119300414}
{"sessionId":"366302","runId":"pre-fix","hypothesisId":"H4","location":"FileViewFinder.php:find","message":"view find called","data":{"name":"laravel-exceptions-renderer::components.vendor-frame"},"timestamp":1777119300416}
{"sessionId":"366302","runId":"pre-fix","hypothesisId":"H4","location":"FileViewFinder.php:find","message":"view find called","data":{"name":"laravel-exceptions-renderer::components.formatted-source"},"timestamp":1777119300416}
{"sessionId":"366302","runId":"pre-fix","hypothesisId":"H4","location":"FileViewFinder.php:find","message":"view find called","data":{"name":"laravel-exceptions-renderer::components.syntax-highlight"},"timestamp":1777119300417}
{"sessionId":"366302","runId":"pre-fix","hypothesisId":"H4","location":"FileViewFinder.php:find","message":"view find called","data":{"name":"laravel-exceptions-renderer::components.file-with-line"},"timestamp":1777119300418}
{"sessionId":"366302","runId":"pre-fix","hypothesisId":"H4","location":"FileViewFinder.php:find","message":"view find called","data":{"name":"laravel-exceptions-renderer::components.vendor-frame"},"timestamp":1777119300419}
{"sessionId":"366302","runId":"pre-fix","hypothesisId":"H4","location":"FileViewFinder.php:find","message":"view find called","data":{"name":"laravel-exceptions-renderer::components.formatted-source"},"timestamp":1777119300419}
{"sessionId":"366302","runId":"pre-fix","hypothesisId":"H4","location":"FileViewFinder.php:find","message":"view find called","data":{"name":"laravel-exceptions-renderer::components.syntax-highlight"},"timestamp":1777119300420}
{"sessionId":"366302","runId":"pre-fix","hypothesisId":"H4","location":"FileViewFinder.php:find","message":"view find called","data":{"name":"laravel-exceptions-renderer::components.file-with-line"},"timestamp":1777119300421}
{"sessionId":"366302","runId":"pre-fix","hypothesisId":"H4","location":"FileViewFinder.php:find","message":"view find called","data":{"name":"laravel-exceptions-renderer::components.vendor-frame"},"timestamp":1777119300423}
{"sessionId":"366302","runId":"pre-fix","hypothesisId":"H4","location":"FileViewFinder.php:find","message":"view find called","data":{"name":"laravel-exceptions-renderer::components.formatted-source"},"timestamp":1777119300423}
{"sessionId":"366302","runId":"pre-fix","hypothesisId":"H4","location":"FileViewFinder.php:find","message":"view find called","data":{"name":"laravel-exceptions-renderer::components.syntax-highlight"},"timestamp":1777119300424}
{"sessionId":"366302","runId":"pre-fix","hypothesisId":"H4","location":"FileViewFinder.php:find","message":"view find called","data":{"name":"laravel-exceptions-renderer::components.file-with-line"},"timestamp":1777119300425}
{"sessionId":"366302","runId":"pre-fix","hypothesisId":"H4","location":"FileViewFinder.php:find","message":"view find called","data":{"name":"laravel-exceptions-renderer::components.vendor-frame"},"timestamp":1777119300426}
{"sessionId":"366302","runId":"pre-fix","hypothesisId":"H4","location":"FileViewFinder.php:find","message":"view find called","data":{"name":"laravel-exceptions-renderer::components.formatted-source"},"timestamp":1777119300427}
{"sessionId":"366302","runId":"pre-fix","hypothesisId":"H4","location":"FileViewFinder.php:find","message":"view find called","data":{"name":"laravel-exceptions-renderer::components.syntax-highlight"},"timestamp":1777119300427}
{"sessionId":"366302","runId":"pre-fix","hypothesisId":"H4","location":"FileViewFinder.php:find","message":"view find called","data":{"name":"laravel-exceptions-renderer::components.file-with-line"},"timestamp":1777119300428}
{"sessionId":"366302","runId":"pre-fix","hypothesisId":"H4","location":"FileViewFinder.php:find","message":"view find called","data":{"name":"laravel-exceptions-renderer::components.vendor-frame"},"timestamp":1777119300429}
{"sessionId":"366302","runId":"pre-fix","hypothesisId":"H4","location":"FileViewFinder.php:find","message":"view find called","data":{"name":"laravel-exceptions-renderer::components.formatted-source"},"timestamp":1777119300430}
{"sessionId":"366302","runId":"pre-fix","hypothesisId":"H4","location":"FileViewFinder.php:find","message":"view find called","data":{"name":"laravel-exceptions-renderer::components.syntax-highlight"},"timestamp":1777119300430}
{"sessionId":"366302","runId":"pre-fix","hypothesisId":"H4","location":"FileViewFinder.php:find","message":"view find called","data":{"name":"laravel-exceptions-renderer::components.file-with-line"},"timestamp":1777119300431}
{"sessionId":"366302","runId":"pre-fix","hypothesisId":"H4","location":"FileViewFinder.php:find","message":"view find called","data":{"name":"laravel-exceptions-renderer::components.vendor-frame"},"timestamp":1777119300432}
{"sessionId":"366302","runId":"pre-fix","hypothesisId":"H4","location":"FileViewFinder.php:find","message":"view find called","data":{"name":"laravel-exceptions-renderer::components.formatted-source"},"timestamp":1777119300433}
{"sessionId":"366302","runId":"pre-fix","hypothesisId":"H4","location":"FileViewFinder.php:find","message":"view find called","data":{"name":"laravel-exceptions-renderer::components.syntax-highlight"},"timestamp":1777119300434}
{"sessionId":"366302","runId":"pre-fix","hypothesisId":"H4","location":"FileViewFinder.php:find","message":"view find called","data":{"name":"laravel-exceptions-renderer::components.file-with-line"},"timestamp":1777119300434}
{"sessionId":"366302","runId":"pre-fix","hypothesisId":"H4","location":"FileViewFinder.php:find","message":"view find called","data":{"name":"laravel-exceptions-renderer::components.vendor-frame"},"timestamp":1777119300436}
{"sessionId":"366302","runId":"pre-fix","hypothesisId":"H4","location":"FileViewFinder.php:find","message":"view find called","data":{"name":"laravel-exceptions-renderer::components.formatted-source"},"timestamp":1777119300437}
{"sessionId":"366302","runId":"pre-fix","hypothesisId":"H4","location":"FileViewFinder.php:find","message":"view find called","data":{"name":"laravel-exceptions-renderer::components.syntax-highlight"},"timestamp":1777119300438}
{"sessionId":"366302","runId":"pre-fix","hypothesisId":"H4","location":"FileViewFinder.php:find","message":"view find called","data":{"name":"laravel-exceptions-renderer::components.file-with-line"},"timestamp":1777119300438}
{"sessionId":"366302","runId":"pre-fix","hypothesisId":"H4","location":"FileViewFinder.php:find","message":"view find called","data":{"name":"laravel-exceptions-renderer::components.frame"},"timestamp":1777119300439}
{"sessionId":"366302","runId":"pre-fix","hypothesisId":"H4","location":"FileViewFinder.php:find","message":"view find called","data":{"name":"laravel-exceptions-renderer::components.formatted-source"},"timestamp":1777119300441}
{"sessionId":"366302","runId":"pre-fix","hypothesisId":"H4","location":"FileViewFinder.php:find","message":"view find called","data":{"name":"laravel-exceptions-renderer::components.syntax-highlight"},"timestamp":1777119300441}
{"sessionId":"366302","runId":"pre-fix","hypothesisId":"H4","location":"FileViewFinder.php:find","message":"view find called","data":{"name":"laravel-exceptions-renderer::components.file-with-line"},"timestamp":1777119300442}
{"sessionId":"366302","runId":"pre-fix","hypothesisId":"H4","location":"FileViewFinder.php:find","message":"view find called","data":{"name":"laravel-exceptions-renderer::components.icons.chevrons-down-up"},"timestamp":1777119300443}
{"sessionId":"366302","runId":"pre-fix","hypothesisId":"H4","location":"FileViewFinder.php:find","message":"view find called","data":{"name":"laravel-exceptions-renderer::components.icons.chevrons-up-down"},"timestamp":1777119300444}
{"sessionId":"366302","runId":"pre-fix","hypothesisId":"H4","location":"FileViewFinder.php:find","message":"view find called","data":{"name":"laravel-exceptions-renderer::components.frame-code"},"timestamp":1777119300445}
{"sessionId":"366302","runId":"pre-fix","hypothesisId":"H4","location":"FileViewFinder.php:find","message":"view find called","data":{"name":"laravel-exceptions-renderer::components.syntax-highlight"},"timestamp":1777119300446}
{"sessionId":"366302","runId":"pre-fix","hypothesisId":"H4","location":"FileViewFinder.php:find","message":"view find called","data":{"name":"laravel-exceptions-renderer::components.vendor-frames"},"timestamp":1777119300447}
{"sessionId":"366302","runId":"pre-fix","hypothesisId":"H4","location":"FileViewFinder.php:find","message":"view find called","data":{"name":"laravel-exceptions-renderer::components.icons.folder"},"timestamp":1777119300448}
{"sessionId":"366302","runId":"pre-fix","hypothesisId":"H4","location":"FileViewFinder.php:find","message":"view find called","data":{"name":"laravel-exceptions-renderer::components.icons.folder-open"},"timestamp":1777119300449}
{"sessionId":"366302","runId":"pre-fix","hypothesisId":"H4","location":"FileViewFinder.php:find","message":"view find called","data":{"name":"laravel-exceptions-renderer::components.icons.chevrons-down-up"},"timestamp":1777119300450}
{"sessionId":"366302","runId":"pre-fix","hypothesisId":"H4","location":"FileViewFinder.php:find","message":"view find called","data":{"name":"laravel-exceptions-renderer::components.icons.chevrons-up-down"},"timestamp":1777119300450}
{"sessionId":"366302","runId":"pre-fix","hypothesisId":"H4","location":"FileViewFinder.php:find","message":"view find called","data":{"name":"laravel-exceptions-renderer::components.vendor-frame"},"timestamp":1777119300451}
{"sessionId":"366302","runId":"pre-fix","hypothesisId":"H4","location":"FileViewFinder.php:find","message":"view find called","data":{"name":"laravel-exceptions-renderer::components.formatted-source"},"timestamp":1777119300453}
{"sessionId":"366302","runId":"pre-fix","hypothesisId":"H4","location":"FileViewFinder.php:find","message":"view find called","data":{"name":"laravel-exceptions-renderer::components.syntax-highlight"},"timestamp":1777119300453}
{"sessionId":"366302","runId":"pre-fix","hypothesisId":"H4","location":"FileViewFinder.php:find","message":"view find called","data":{"name":"laravel-exceptions-renderer::components.file-with-line"},"timestamp":1777119300454}
{"sessionId":"366302","runId":"pre-fix","hypothesisId":"H4","location":"FileViewFinder.php:find","message":"view find called","data":{"name":"laravel-exceptions-renderer::components.vendor-frame"},"timestamp":1777119300455}
{"sessionId":"366302","runId":"pre-fix","hypothesisId":"H4","location":"FileViewFinder.php:find","message":"view find called","data":{"name":"laravel-exceptions-renderer::components.formatted-source"},"timestamp":1777119300456}
{"sessionId":"366302","runId":"pre-fix","hypothesisId":"H4","location":"FileViewFinder.php:find","message":"view find called","data":{"name":"laravel-exceptions-renderer::components.syntax-highlight"},"timestamp":1777119300457}
{"sessionId":"366302","runId":"pre-fix","hypothesisId":"H4","location":"FileViewFinder.php:find","message":"view find called","data":{"name":"laravel-exceptions-renderer::components.file-with-line"},"timestamp":1777119300457}
{"sessionId":"366302","runId":"pre-fix","hypothesisId":"H4","location":"FileViewFinder.php:find","message":"view find called","data":{"name":"laravel-exceptions-renderer::components.vendor-frame"},"timestamp":1777119300458}
{"sessionId":"366302","runId":"pre-fix","hypothesisId":"H4","location":"FileViewFinder.php:find","message":"view find called","data":{"name":"laravel-exceptions-renderer::components.formatted-source"},"timestamp":1777119300459}
{"sessionId":"366302","runId":"pre-fix","hypothesisId":"H4","location":"FileViewFinder.php:find","message":"view find called","data":{"name":"laravel-exceptions-renderer::components.syntax-highlight"},"timestamp":1777119300460}
{"sessionId":"366302","runId":"pre-fix","hypothesisId":"H4","location":"FileViewFinder.php:find","message":"view find called","data":{"name":"laravel-exceptions-renderer::components.file-with-line"},"timestamp":1777119300460}
{"sessionId":"366302","runId":"pre-fix","hypothesisId":"H4","location":"FileViewFinder.php:find","message":"view find called","data":{"name":"laravel-exceptions-renderer::components.vendor-frame"},"timestamp":1777119300462}
{"sessionId":"366302","runId":"pre-fix","hypothesisId":"H4","location":"FileViewFinder.php:find","message":"view find called","data":{"name":"laravel-exceptions-renderer::components.formatted-source"},"timestamp":1777119300462}
{"sessionId":"366302","runId":"pre-fix","hypothesisId":"H4","location":"FileViewFinder.php:find","message":"view find called","data":{"name":"laravel-exceptions-renderer::components.syntax-highlight"},"timestamp":1777119300463}
{"sessionId":"366302","runId":"pre-fix","hypothesisId":"H4","location":"FileViewFinder.php:find","message":"view find called","data":{"name":"laravel-exceptions-renderer::components.file-with-line"},"timestamp":1777119300464}
{"sessionId":"366302","runId":"pre-fix","hypothesisId":"H4","location":"FileViewFinder.php:find","message":"view find called","data":{"name":"laravel-exceptions-renderer::components.vendor-frame"},"timestamp":1777119300465}
{"sessionId":"366302","runId":"pre-fix","hypothesisId":"H4","location":"FileViewFinder.php:find","message":"view find called","data":{"name":"laravel-exceptions-renderer::components.formatted-source"},"timestamp":1777119300467}
{"sessionId":"366302","runId":"pre-fix","hypothesisId":"H4","location":"FileViewFinder.php:find","message":"view find called","data":{"name":"laravel-exceptions-renderer::components.syntax-highlight"},"timestamp":1777119300467}
{"sessionId":"366302","runId":"pre-fix","hypothesisId":"H4","location":"FileViewFinder.php:find","message":"view find called","data":{"name":"laravel-exceptions-renderer::components.file-with-line"},"timestamp":1777119300468}
{"sessionId":"366302","runId":"pre-fix","hypothesisId":"H4","location":"FileViewFinder.php:find","message":"view find called","data":{"name":"laravel-exceptions-renderer::components.vendor-frame"},"timestamp":1777119300470}
{"sessionId":"366302","runId":"pre-fix","hypothesisId":"H4","location":"FileViewFinder.php:find","message":"view find called","data":{"name":"laravel-exceptions-renderer::components.formatted-source"},"timestamp":1777119300470}
{"sessionId":"366302","runId":"pre-fix","hypothesisId":"H4","location":"FileViewFinder.php:find","message":"view find called","data":{"name":"laravel-exceptions-renderer::components.syntax-highlight"},"timestamp":1777119300471}
{"sessionId":"366302","runId":"pre-fix","hypothesisId":"H4","location":"FileViewFinder.php:find","message":"view find called","data":{"name":"laravel-exceptions-renderer::components.file-with-line"},"timestamp":1777119300472}
{"sessionId":"366302","runId":"pre-fix","hypothesisId":"H4","location":"FileViewFinder.php:find","message":"view find called","data":{"name":"laravel-exceptions-renderer::components.vendor-frame"},"timestamp":1777119300473}
{"sessionId":"366302","runId":"pre-fix","hypothesisId":"H4","location":"FileViewFinder.php:find","message":"view find called","data":{"name":"laravel-exceptions-renderer::components.formatted-source"},"timestamp":1777119300474}
{"sessionId":"366302","runId":"pre-fix","hypothesisId":"H4","location":"FileViewFinder.php:find","message":"view find called","data":{"name":"laravel-exceptions-renderer::components.syntax-highlight"},"timestamp":1777119300474}
{"sessionId":"366302","runId":"pre-fix","hypothesisId":"H4","location":"FileViewFinder.php:find","message":"view find called","data":{"name":"laravel-exceptions-renderer::components.file-with-line"},"timestamp":1777119300475}
{"sessionId":"366302","runId":"pre-fix","hypothesisId":"H4","location":"FileViewFinder.php:find","message":"view find called","data":{"name":"laravel-exceptions-renderer::components.vendor-frame"},"timestamp":1777119300476}
{"sessionId":"366302","runId":"pre-fix","hypothesisId":"H4","location":"FileViewFinder.php:find","message":"view find called","data":{"name":"laravel-exceptions-renderer::components.formatted-source"},"timestamp":1777119300476}
{"sessionId":"366302","runId":"pre-fix","hypothesisId":"H4","location":"FileViewFinder.php:find","message":"view find called","data":{"name":"laravel-exceptions-renderer::components.syntax-highlight"},"timestamp":1777119300477}
{"sessionId":"366302","runId":"pre-fix","hypothesisId":"H4","location":"FileViewFinder.php:find","message":"view find called","data":{"name":"laravel-exceptions-renderer::components.file-with-line"},"timestamp":1777119300477}
{"sessionId":"366302","runId":"pre-fix","hypothesisId":"H4","location":"FileViewFinder.php:find","message":"view find called","data":{"name":"laravel-exceptions-renderer::components.vendor-frame"},"timestamp":1777119300478}
{"sessionId":"366302","runId":"pre-fix","hypothesisId":"H4","location":"FileViewFinder.php:find","message":"view find called","data":{"name":"laravel-exceptions-renderer::components.formatted-source"},"timestamp":1777119300479}
{"sessionId":"366302","runId":"pre-fix","hypothesisId":"H4","location":"FileViewFinder.php:find","message":"view find called","data":{"name":"laravel-exceptions-renderer::components.syntax-highlight"},"timestamp":1777119300480}
{"sessionId":"366302","runId":"pre-fix","hypothesisId":"H4","location":"FileViewFinder.php:find","message":"view find called","data":{"name":"laravel-exceptions-renderer::components.file-with-line"},"timestamp":1777119300480}
{"sessionId":"366302","runId":"pre-fix","hypothesisId":"H4","location":"FileViewFinder.php:find","message":"view find called","data":{"name":"laravel-exceptions-renderer::components.vendor-frame"},"timestamp":1777119300482}
{"sessionId":"366302","runId":"pre-fix","hypothesisId":"H4","location":"FileViewFinder.php:find","message":"view find called","data":{"name":"laravel-exceptions-renderer::components.formatted-source"},"timestamp":1777119300482}
{"sessionId":"366302","runId":"pre-fix","hypothesisId":"H4","location":"FileViewFinder.php:find","message":"view find called","data":{"name":"laravel-exceptions-renderer::components.syntax-highlight"},"timestamp":1777119300483}
{"sessionId":"366302","runId":"pre-fix","hypothesisId":"H4","location":"FileViewFinder.php:find","message":"view find called","data":{"name":"laravel-exceptions-renderer::components.file-with-line"},"timestamp":1777119300484}
{"sessionId":"366302","runId":"pre-fix","hypothesisId":"H4","location":"FileViewFinder.php:find","message":"view find called","data":{"name":"laravel-exceptions-renderer::components.frame"},"timestamp":1777119300485}
{"sessionId":"366302","runId":"pre-fix","hypothesisId":"H4","location":"FileViewFinder.php:find","message":"view find called","data":{"name":"laravel-exceptions-renderer::components.formatted-source"},"timestamp":1777119300486}
{"sessionId":"366302","runId":"pre-fix","hypothesisId":"H4","location":"FileViewFinder.php:find","message":"view find called","data":{"name":"laravel-exceptions-renderer::components.syntax-highlight"},"timestamp":1777119300486}
{"sessionId":"366302","runId":"pre-fix","hypothesisId":"H4","location":"FileViewFinder.php:find","message":"view find called","data":{"name":"laravel-exceptions-renderer::components.file-with-line"},"timestamp":1777119300487}
{"sessionId":"366302","runId":"pre-fix","hypothesisId":"H4","location":"FileViewFinder.php:find","message":"view find called","data":{"name":"laravel-exceptions-renderer::components.icons.chevrons-down-up"},"timestamp":1777119300488}
{"sessionId":"366302","runId":"pre-fix","hypothesisId":"H4","location":"FileViewFinder.php:find","message":"view find called","data":{"name":"laravel-exceptions-renderer::components.icons.chevrons-up-down"},"timestamp":1777119300489}
{"sessionId":"366302","runId":"pre-fix","hypothesisId":"H4","location":"FileViewFinder.php:find","message":"view find called","data":{"name":"laravel-exceptions-renderer::components.frame-code"},"timestamp":1777119300490}
{"sessionId":"366302","runId":"pre-fix","hypothesisId":"H4","location":"FileViewFinder.php:find","message":"view find called","data":{"name":"laravel-exceptions-renderer::components.syntax-highlight"},"timestamp":1777119300491}
{"sessionId":"366302","runId":"pre-fix","hypothesisId":"H4","location":"FileViewFinder.php:find","message":"view find called","data":{"name":"laravel-exceptions-renderer::components.vendor-frames"},"timestamp":1777119300492}
{"sessionId":"366302","runId":"pre-fix","hypothesisId":"H4","location":"FileViewFinder.php:find","message":"view find called","data":{"name":"laravel-exceptions-renderer::components.icons.folder"},"timestamp":1777119300492}
{"sessionId":"366302","runId":"pre-fix","hypothesisId":"H4","location":"FileViewFinder.php:find","message":"view find called","data":{"name":"laravel-exceptions-renderer::components.icons.folder-open"},"timestamp":1777119300493}
{"sessionId":"366302","runId":"pre-fix","hypothesisId":"H4","location":"FileViewFinder.php:find","message":"view find called","data":{"name":"laravel-exceptions-renderer::components.icons.chevrons-down-up"},"timestamp":1777119300493}
{"sessionId":"366302","runId":"pre-fix","hypothesisId":"H4","location":"FileViewFinder.php:find","message":"view find called","data":{"name":"laravel-exceptions-renderer::components.icons.chevrons-up-down"},"timestamp":1777119300493}
{"sessionId":"366302","runId":"pre-fix","hypothesisId":"H4","location":"FileViewFinder.php:find","message":"view find called","data":{"name":"laravel-exceptions-renderer::components.vendor-frame"},"timestamp":1777119300494}
{"sessionId":"366302","runId":"pre-fix","hypothesisId":"H4","location":"FileViewFinder.php:find","message":"view find called","data":{"name":"laravel-exceptions-renderer::components.formatted-source"},"timestamp":1777119300495}
{"sessionId":"366302","runId":"pre-fix","hypothesisId":"H4","location":"FileViewFinder.php:find","message":"view find called","data":{"name":"laravel-exceptions-renderer::components.syntax-highlight"},"timestamp":1777119300495}
{"sessionId":"366302","runId":"pre-fix","hypothesisId":"H4","location":"FileViewFinder.php:find","message":"view find called","data":{"name":"laravel-exceptions-renderer::components.file-with-line"},"timestamp":1777119300496}
{"sessionId":"366302","runId":"pre-fix","hypothesisId":"H4","location":"FileViewFinder.php:find","message":"view find called","data":{"name":"laravel-exceptions-renderer::components.vendor-frame"},"timestamp":1777119300497}
{"sessionId":"366302","runId":"pre-fix","hypothesisId":"H4","location":"FileViewFinder.php:find","message":"view find called","data":{"name":"laravel-exceptions-renderer::components.formatted-source"},"timestamp":1777119300498}
{"sessionId":"366302","runId":"pre-fix","hypothesisId":"H4","location":"FileViewFinder.php:find","message":"view find called","data":{"name":"laravel-exceptions-renderer::components.syntax-highlight"},"timestamp":1777119300499}
{"sessionId":"366302","runId":"pre-fix","hypothesisId":"H4","location":"FileViewFinder.php:find","message":"view find called","data":{"name":"laravel-exceptions-renderer::components.file-with-line"},"timestamp":1777119300500}
{"sessionId":"366302","runId":"pre-fix","hypothesisId":"H4","location":"FileViewFinder.php:find","message":"view find called","data":{"name":"laravel-exceptions-renderer::components.vendor-frame"},"timestamp":1777119300501}
{"sessionId":"366302","runId":"pre-fix","hypothesisId":"H4","location":"FileViewFinder.php:find","message":"view find called","data":{"name":"laravel-exceptions-renderer::components.formatted-source"},"timestamp":1777119300501}
{"sessionId":"366302","runId":"pre-fix","hypothesisId":"H4","location":"FileViewFinder.php:find","message":"view find called","data":{"name":"laravel-exceptions-renderer::components.syntax-highlight"},"timestamp":1777119300502}
{"sessionId":"366302","runId":"pre-fix","hypothesisId":"H4","location":"FileViewFinder.php:find","message":"view find called","data":{"name":"laravel-exceptions-renderer::components.file-with-line"},"timestamp":1777119300504}
{"sessionId":"366302","runId":"pre-fix","hypothesisId":"H4","location":"FileViewFinder.php:find","message":"view find called","data":{"name":"laravel-exceptions-renderer::components.vendor-frame"},"timestamp":1777119300505}
{"sessionId":"366302","runId":"pre-fix","hypothesisId":"H4","location":"FileViewFinder.php:find","message":"view find called","data":{"name":"laravel-exceptions-renderer::components.formatted-source"},"timestamp":1777119300506}
{"sessionId":"366302","runId":"pre-fix","hypothesisId":"H4","location":"FileViewFinder.php:find","message":"view find called","data":{"name":"laravel-exceptions-renderer::components.syntax-highlight"},"timestamp":1777119300506}
{"sessionId":"366302","runId":"pre-fix","hypothesisId":"H4","location":"FileViewFinder.php:find","message":"view find called","data":{"name":"laravel-exceptions-renderer::components.file-with-line"},"timestamp":1777119300507}
{"sessionId":"366302","runId":"pre-fix","hypothesisId":"H4","location":"FileViewFinder.php:find","message":"view find called","data":{"name":"laravel-exceptions-renderer::components.vendor-frame"},"timestamp":1777119300508}
{"sessionId":"366302","runId":"pre-fix","hypothesisId":"H4","location":"FileViewFinder.php:find","message":"view find called","data":{"name":"laravel-exceptions-renderer::components.formatted-source"},"timestamp":1777119300509}
{"sessionId":"366302","runId":"pre-fix","hypothesisId":"H4","location":"FileViewFinder.php:find","message":"view find called","data":{"name":"laravel-exceptions-renderer::components.syntax-highlight"},"timestamp":1777119300510}
{"sessionId":"366302","runId":"pre-fix","hypothesisId":"H4","location":"FileViewFinder.php:find","message":"view find called","data":{"name":"laravel-exceptions-renderer::components.file-with-line"},"timestamp":1777119300510}
{"sessionId":"366302","runId":"pre-fix","hypothesisId":"H4","location":"FileViewFinder.php:find","message":"view find called","data":{"name":"laravel-exceptions-renderer::components.vendor-frame"},"timestamp":1777119300512}
{"sessionId":"366302","runId":"pre-fix","hypothesisId":"H4","location":"FileViewFinder.php:find","message":"view find called","data":{"name":"laravel-exceptions-renderer::components.formatted-source"},"timestamp":1777119300512}
{"sessionId":"366302","runId":"pre-fix","hypothesisId":"H4","location":"FileViewFinder.php:find","message":"view find called","data":{"name":"laravel-exceptions-renderer::components.syntax-highlight"},"timestamp":1777119300513}
{"sessionId":"366302","runId":"pre-fix","hypothesisId":"H4","location":"FileViewFinder.php:find","message":"view find called","data":{"name":"laravel-exceptions-renderer::components.file-with-line"},"timestamp":1777119300514}
{"sessionId":"366302","runId":"pre-fix","hypothesisId":"H4","location":"FileViewFinder.php:find","message":"view find called","data":{"name":"laravel-exceptions-renderer::components.vendor-frame"},"timestamp":1777119300515}
{"sessionId":"366302","runId":"pre-fix","hypothesisId":"H4","location":"FileViewFinder.php:find","message":"view find called","data":{"name":"laravel-exceptions-renderer::components.formatted-source"},"timestamp":1777119300515}
{"sessionId":"366302","runId":"pre-fix","hypothesisId":"H4","location":"FileViewFinder.php:find","message":"view find called","data":{"name":"laravel-exceptions-renderer::components.syntax-highlight"},"timestamp":1777119300516}
{"sessionId":"366302","runId":"pre-fix","hypothesisId":"H4","location":"FileViewFinder.php:find","message":"view find called","data":{"name":"laravel-exceptions-renderer::components.file-with-line"},"timestamp":1777119300517}
{"sessionId":"366302","runId":"pre-fix","hypothesisId":"H4","location":"FileViewFinder.php:find","message":"view find called","data":{"name":"laravel-exceptions-renderer::components.vendor-frame"},"timestamp":1777119300518}
{"sessionId":"366302","runId":"pre-fix","hypothesisId":"H4","location":"FileViewFinder.php:find","message":"view find called","data":{"name":"laravel-exceptions-renderer::components.formatted-source"},"timestamp":1777119300519}
{"sessionId":"366302","runId":"pre-fix","hypothesisId":"H4","location":"FileViewFinder.php:find","message":"view find called","data":{"name":"laravel-exceptions-renderer::components.syntax-highlight"},"timestamp":1777119300519}
{"sessionId":"366302","runId":"pre-fix","hypothesisId":"H4","location":"FileViewFinder.php:find","message":"view find called","data":{"name":"laravel-exceptions-renderer::components.file-with-line"},"timestamp":1777119300520}
{"sessionId":"366302","runId":"pre-fix","hypothesisId":"H4","location":"FileViewFinder.php:find","message":"view find called","data":{"name":"laravel-exceptions-renderer::components.vendor-frame"},"timestamp":1777119300521}
{"sessionId":"366302","runId":"pre-fix","hypothesisId":"H4","location":"FileViewFinder.php:find","message":"view find called","data":{"name":"laravel-exceptions-renderer::components.formatted-source"},"timestamp":1777119300521}
{"sessionId":"366302","runId":"pre-fix","hypothesisId":"H4","location":"FileViewFinder.php:find","message":"view find called","data":{"name":"laravel-exceptions-renderer::components.syntax-highlight"},"timestamp":1777119300522}
{"sessionId":"366302","runId":"pre-fix","hypothesisId":"H4","location":"FileViewFinder.php:find","message":"view find called","data":{"name":"laravel-exceptions-renderer::components.file-with-line"},"timestamp":1777119300522}
{"sessionId":"366302","runId":"pre-fix","hypothesisId":"H4","location":"FileViewFinder.php:find","message":"view find called","data":{"name":"laravel-exceptions-renderer::components.vendor-frame"},"timestamp":1777119300524}
{"sessionId":"366302","runId":"pre-fix","hypothesisId":"H4","location":"FileViewFinder.php:find","message":"view find called","data":{"name":"laravel-exceptions-renderer::components.formatted-source"},"timestamp":1777119300524}
{"sessionId":"366302","runId":"pre-fix","hypothesisId":"H4","location":"FileViewFinder.php:find","message":"view find called","data":{"name":"laravel-exceptions-renderer::components.syntax-highlight"},"timestamp":1777119300525}
{"sessionId":"366302","runId":"pre-fix","hypothesisId":"H4","location":"FileViewFinder.php:find","message":"view find called","data":{"name":"laravel-exceptions-renderer::components.file-with-line"},"timestamp":1777119300526}
{"sessionId":"366302","runId":"pre-fix","hypothesisId":"H4","location":"FileViewFinder.php:find","message":"view find called","data":{"name":"laravel-exceptions-renderer::components.vendor-frame"},"timestamp":1777119300527}
{"sessionId":"366302","runId":"pre-fix","hypothesisId":"H4","location":"FileViewFinder.php:find","message":"view find called","data":{"name":"laravel-exceptions-renderer::components.formatted-source"},"timestamp":1777119300527}
{"sessionId":"366302","runId":"pre-fix","hypothesisId":"H4","location":"FileViewFinder.php:find","message":"view find called","data":{"name":"laravel-exceptions-renderer::components.syntax-highlight"},"timestamp":1777119300528}
{"sessionId":"366302","runId":"pre-fix","hypothesisId":"H4","location":"FileViewFinder.php:find","message":"view find called","data":{"name":"laravel-exceptions-renderer::components.file-with-line"},"timestamp":1777119300528}
{"sessionId":"366302","runId":"pre-fix","hypothesisId":"H4","location":"FileViewFinder.php:find","message":"view find called","data":{"name":"laravel-exceptions-renderer::components.vendor-frame"},"timestamp":1777119300529}
{"sessionId":"366302","runId":"pre-fix","hypothesisId":"H4","location":"FileViewFinder.php:find","message":"view find called","data":{"name":"laravel-exceptions-renderer::components.formatted-source"},"timestamp":1777119300530}
{"sessionId":"366302","runId":"pre-fix","hypothesisId":"H4","location":"FileViewFinder.php:find","message":"view find called","data":{"name":"laravel-exceptions-renderer::components.syntax-highlight"},"timestamp":1777119300531}
{"sessionId":"366302","runId":"pre-fix","hypothesisId":"H4","location":"FileViewFinder.php:find","message":"view find called","data":{"name":"laravel-exceptions-renderer::components.file-with-line"},"timestamp":1777119300531}
{"sessionId":"366302","runId":"pre-fix","hypothesisId":"H4","location":"FileViewFinder.php:find","message":"view find called","data":{"name":"laravel-exceptions-renderer::components.vendor-frame"},"timestamp":1777119300532}
{"sessionId":"366302","runId":"pre-fix","hypothesisId":"H4","location":"FileViewFinder.php:find","message":"view find called","data":{"name":"laravel-exceptions-renderer::components.formatted-source"},"timestamp":1777119300533}
{"sessionId":"366302","runId":"pre-fix","hypothesisId":"H4","location":"FileViewFinder.php:find","message":"view find called","data":{"name":"laravel-exceptions-renderer::components.syntax-highlight"},"timestamp":1777119300534}
{"sessionId":"366302","runId":"pre-fix","hypothesisId":"H4","location":"FileViewFinder.php:find","message":"view find called","data":{"name":"laravel-exceptions-renderer::components.file-with-line"},"timestamp":1777119300535}
{"sessionId":"366302","runId":"pre-fix","hypothesisId":"H4","location":"FileViewFinder.php:find","message":"view find called","data":{"name":"laravel-exceptions-renderer::components.vendor-frame"},"timestamp":1777119300535}
{"sessionId":"366302","runId":"pre-fix","hypothesisId":"H4","location":"FileViewFinder.php:find","message":"view find called","data":{"name":"laravel-exceptions-renderer::components.formatted-source"},"timestamp":1777119300536}
{"sessionId":"366302","runId":"pre-fix","hypothesisId":"H4","location":"FileViewFinder.php:find","message":"view find called","data":{"name":"laravel-exceptions-renderer::components.syntax-highlight"},"timestamp":1777119300537}
{"sessionId":"366302","runId":"pre-fix","hypothesisId":"H4","location":"FileViewFinder.php:find","message":"view find called","data":{"name":"laravel-exceptions-renderer::components.file-with-line"},"timestamp":1777119300537}
{"sessionId":"366302","runId":"pre-fix","hypothesisId":"H4","location":"FileViewFinder.php:find","message":"view find called","data":{"name":"laravel-exceptions-renderer::components.vendor-frame"},"timestamp":1777119300538}
{"sessionId":"366302","runId":"pre-fix","hypothesisId":"H4","location":"FileViewFinder.php:find","message":"view find called","data":{"name":"laravel-exceptions-renderer::components.formatted-source"},"timestamp":1777119300539}
{"sessionId":"366302","runId":"pre-fix","hypothesisId":"H4","location":"FileViewFinder.php:find","message":"view find called","data":{"name":"laravel-exceptions-renderer::components.syntax-highlight"},"timestamp":1777119300539}
{"sessionId":"366302","runId":"pre-fix","hypothesisId":"H4","location":"FileViewFinder.php:find","message":"view find called","data":{"name":"laravel-exceptions-renderer::components.file-with-line"},"timestamp":1777119300540}
{"sessionId":"366302","runId":"pre-fix","hypothesisId":"H4","location":"FileViewFinder.php:find","message":"view find called","data":{"name":"laravel-exceptions-renderer::components.vendor-frame"},"timestamp":1777119300541}
{"sessionId":"366302","runId":"pre-fix","hypothesisId":"H4","location":"FileViewFinder.php:find","message":"view find called","data":{"name":"laravel-exceptions-renderer::components.formatted-source"},"timestamp":1777119300542}
{"sessionId":"366302","runId":"pre-fix","hypothesisId":"H4","location":"FileViewFinder.php:find","message":"view find called","data":{"name":"laravel-exceptions-renderer::components.syntax-highlight"},"timestamp":1777119300542}
{"sessionId":"366302","runId":"pre-fix","hypothesisId":"H4","location":"FileViewFinder.php:find","message":"view find called","data":{"name":"laravel-exceptions-renderer::components.file-with-line"},"timestamp":1777119300543}
{"sessionId":"366302","runId":"pre-fix","hypothesisId":"H4","location":"FileViewFinder.php:find","message":"view find called","data":{"name":"laravel-exceptions-renderer::components.vendor-frame"},"timestamp":1777119300544}
{"sessionId":"366302","runId":"pre-fix","hypothesisId":"H4","location":"FileViewFinder.php:find","message":"view find called","data":{"name":"laravel-exceptions-renderer::components.formatted-source"},"timestamp":1777119300545}
{"sessionId":"366302","runId":"pre-fix","hypothesisId":"H4","location":"FileViewFinder.php:find","message":"view find called","data":{"name":"laravel-exceptions-renderer::components.syntax-highlight"},"timestamp":1777119300545}
{"sessionId":"366302","runId":"pre-fix","hypothesisId":"H4","location":"FileViewFinder.php:find","message":"view find called","data":{"name":"laravel-exceptions-renderer::components.file-with-line"},"timestamp":1777119300546}
{"sessionId":"366302","runId":"pre-fix","hypothesisId":"H4","location":"FileViewFinder.php:find","message":"view find called","data":{"name":"laravel-exceptions-renderer::components.vendor-frame"},"timestamp":1777119300547}
{"sessionId":"366302","runId":"pre-fix","hypothesisId":"H4","location":"FileViewFinder.php:find","message":"view find called","data":{"name":"laravel-exceptions-renderer::components.formatted-source"},"timestamp":1777119300548}
{"sessionId":"366302","runId":"pre-fix","hypothesisId":"H4","location":"FileViewFinder.php:find","message":"view find called","data":{"name":"laravel-exceptions-renderer::components.syntax-highlight"},"timestamp":1777119300549}
{"sessionId":"366302","runId":"pre-fix","hypothesisId":"H4","location":"FileViewFinder.php:find","message":"view find called","data":{"name":"laravel-exceptions-renderer::components.file-with-line"},"timestamp":1777119300550}
{"sessionId":"366302","runId":"pre-fix","hypothesisId":"H4","location":"FileViewFinder.php:find","message":"view find called","data":{"name":"laravel-exceptions-renderer::components.vendor-frame"},"timestamp":1777119300551}
{"sessionId":"366302","runId":"pre-fix","hypothesisId":"H4","location":"FileViewFinder.php:find","message":"view find called","data":{"name":"laravel-exceptions-renderer::components.formatted-source"},"timestamp":1777119300551}
{"sessionId":"366302","runId":"pre-fix","hypothesisId":"H4","location":"FileViewFinder.php:find","message":"view find called","data":{"name":"laravel-exceptions-renderer::components.syntax-highlight"},"timestamp":1777119300552}
{"sessionId":"366302","runId":"pre-fix","hypothesisId":"H4","location":"FileViewFinder.php:find","message":"view find called","data":{"name":"laravel-exceptions-renderer::components.file-with-line"},"timestamp":1777119300553}
{"sessionId":"366302","runId":"pre-fix","hypothesisId":"H4","location":"FileViewFinder.php:find","message":"view find called","data":{"name":"laravel-exceptions-renderer::components.vendor-frame"},"timestamp":1777119300554}
{"sessionId":"366302","runId":"pre-fix","hypothesisId":"H4","location":"FileViewFinder.php:find","message":"view find called","data":{"name":"laravel-exceptions-renderer::components.formatted-source"},"timestamp":1777119300555}
{"sessionId":"366302","runId":"pre-fix","hypothesisId":"H4","location":"FileViewFinder.php:find","message":"view find called","data":{"name":"laravel-exceptions-renderer::components.syntax-highlight"},"timestamp":1777119300555}
{"sessionId":"366302","runId":"pre-fix","hypothesisId":"H4","location":"FileViewFinder.php:find","message":"view find called","data":{"name":"laravel-exceptions-renderer::components.file-with-line"},"timestamp":1777119300556}
{"sessionId":"366302","runId":"pre-fix","hypothesisId":"H4","location":"FileViewFinder.php:find","message":"view find called","data":{"name":"laravel-exceptions-renderer::components.vendor-frame"},"timestamp":1777119300557}
{"sessionId":"366302","runId":"pre-fix","hypothesisId":"H4","location":"FileViewFinder.php:find","message":"view find called","data":{"name":"laravel-exceptions-renderer::components.formatted-source"},"timestamp":1777119300557}
{"sessionId":"366302","runId":"pre-fix","hypothesisId":"H4","location":"FileViewFinder.php:find","message":"view find called","data":{"name":"laravel-exceptions-renderer::components.syntax-highlight"},"timestamp":1777119300558}
{"sessionId":"366302","runId":"pre-fix","hypothesisId":"H4","location":"FileViewFinder.php:find","message":"view find called","data":{"name":"laravel-exceptions-renderer::components.file-with-line"},"timestamp":1777119300559}
{"sessionId":"366302","runId":"pre-fix","hypothesisId":"H4","location":"FileViewFinder.php:find","message":"view find called","data":{"name":"laravel-exceptions-renderer::components.vendor-frame"},"timestamp":1777119300560}
{"sessionId":"366302","runId":"pre-fix","hypothesisId":"H4","location":"FileViewFinder.php:find","message":"view find called","data":{"name":"laravel-exceptions-renderer::components.formatted-source"},"timestamp":1777119300560}
{"sessionId":"366302","runId":"pre-fix","hypothesisId":"H4","location":"FileViewFinder.php:find","message":"view find called","data":{"name":"laravel-exceptions-renderer::components.syntax-highlight"},"timestamp":1777119300561}
{"sessionId":"366302","runId":"pre-fix","hypothesisId":"H4","location":"FileViewFinder.php:find","message":"view find called","data":{"name":"laravel-exceptions-renderer::components.file-with-line"},"timestamp":1777119300562}
{"sessionId":"366302","runId":"pre-fix","hypothesisId":"H4","location":"FileViewFinder.php:find","message":"view find called","data":{"name":"laravel-exceptions-renderer::components.vendor-frame"},"timestamp":1777119300563}
{"sessionId":"366302","runId":"pre-fix","hypothesisId":"H4","location":"FileViewFinder.php:find","message":"view find called","data":{"name":"laravel-exceptions-renderer::components.formatted-source"},"timestamp":1777119300563}
{"sessionId":"366302","runId":"pre-fix","hypothesisId":"H4","location":"FileViewFinder.php:find","message":"view find called","data":{"name":"laravel-exceptions-renderer::components.syntax-highlight"},"timestamp":1777119300564}
{"sessionId":"366302","runId":"pre-fix","hypothesisId":"H4","location":"FileViewFinder.php:find","message":"view find called","data":{"name":"laravel-exceptions-renderer::components.file-with-line"},"timestamp":1777119300565}
{"sessionId":"366302","runId":"pre-fix","hypothesisId":"H4","location":"FileViewFinder.php:find","message":"view find called","data":{"name":"laravel-exceptions-renderer::components.vendor-frame"},"timestamp":1777119300566}
{"sessionId":"366302","runId":"pre-fix","hypothesisId":"H4","location":"FileViewFinder.php:find","message":"view find called","data":{"name":"laravel-exceptions-renderer::components.formatted-source"},"timestamp":1777119300567}
{"sessionId":"366302","runId":"pre-fix","hypothesisId":"H4","location":"FileViewFinder.php:find","message":"view find called","data":{"name":"laravel-exceptions-renderer::components.syntax-highlight"},"timestamp":1777119300568}
{"sessionId":"366302","runId":"pre-fix","hypothesisId":"H4","location":"FileViewFinder.php:find","message":"view find called","data":{"name":"laravel-exceptions-renderer::components.file-with-line"},"timestamp":1777119300569}
{"sessionId":"366302","runId":"pre-fix","hypothesisId":"H4","location":"FileViewFinder.php:find","message":"view find called","data":{"name":"laravel-exceptions-renderer::components.vendor-frame"},"timestamp":1777119300570}
{"sessionId":"366302","runId":"pre-fix","hypothesisId":"H4","location":"FileViewFinder.php:find","message":"view find called","data":{"name":"laravel-exceptions-renderer::components.formatted-source"},"timestamp":1777119300570}
{"sessionId":"366302","runId":"pre-fix","hypothesisId":"H4","location":"FileViewFinder.php:find","message":"view find called","data":{"name":"laravel-exceptions-renderer::components.syntax-highlight"},"timestamp":1777119300571}
{"sessionId":"366302","runId":"pre-fix","hypothesisId":"H4","location":"FileViewFinder.php:find","message":"view find called","data":{"name":"laravel-exceptions-renderer::components.file-with-line"},"timestamp":1777119300571}
{"sessionId":"366302","runId":"pre-fix","hypothesisId":"H4","location":"FileViewFinder.php:find","message":"view find called","data":{"name":"laravel-exceptions-renderer::components.vendor-frame"},"timestamp":1777119300572}
{"sessionId":"366302","runId":"pre-fix","hypothesisId":"H4","location":"FileViewFinder.php:find","message":"view find called","data":{"name":"laravel-exceptions-renderer::components.formatted-source"},"timestamp":1777119300573}
{"sessionId":"366302","runId":"pre-fix","hypothesisId":"H4","location":"FileViewFinder.php:find","message":"view find called","data":{"name":"laravel-exceptions-renderer::components.syntax-highlight"},"timestamp":1777119300574}
{"sessionId":"366302","runId":"pre-fix","hypothesisId":"H4","location":"FileViewFinder.php:find","message":"view find called","data":{"name":"laravel-exceptions-renderer::components.file-with-line"},"timestamp":1777119300574}
{"sessionId":"366302","runId":"pre-fix","hypothesisId":"H4","location":"FileViewFinder.php:find","message":"view find called","data":{"name":"laravel-exceptions-renderer::components.vendor-frame"},"timestamp":1777119300575}
{"sessionId":"366302","runId":"pre-fix","hypothesisId":"H4","location":"FileViewFinder.php:find","message":"view find called","data":{"name":"laravel-exceptions-renderer::components.formatted-source"},"timestamp":1777119300576}
{"sessionId":"366302","runId":"pre-fix","hypothesisId":"H4","location":"FileViewFinder.php:find","message":"view find called","data":{"name":"laravel-exceptions-renderer::components.syntax-highlight"},"timestamp":1777119300576}
{"sessionId":"366302","runId":"pre-fix","hypothesisId":"H4","location":"FileViewFinder.php:find","message":"view find called","data":{"name":"laravel-exceptions-renderer::components.file-with-line"},"timestamp":1777119300577}
{"sessionId":"366302","runId":"pre-fix","hypothesisId":"H4","location":"FileViewFinder.php:find","message":"view find called","data":{"name":"laravel-exceptions-renderer::components.vendor-frame"},"timestamp":1777119300578}
{"sessionId":"366302","runId":"pre-fix","hypothesisId":"H4","location":"FileViewFinder.php:find","message":"view find called","data":{"name":"laravel-exceptions-renderer::components.formatted-source"},"timestamp":1777119300579}
{"sessionId":"366302","runId":"pre-fix","hypothesisId":"H4","location":"FileViewFinder.php:find","message":"view find called","data":{"name":"laravel-exceptions-renderer::components.syntax-highlight"},"timestamp":1777119300579}
{"sessionId":"366302","runId":"pre-fix","hypothesisId":"H4","location":"FileViewFinder.php:find","message":"view find called","data":{"name":"laravel-exceptions-renderer::components.file-with-line"},"timestamp":1777119300580}
{"sessionId":"366302","runId":"pre-fix","hypothesisId":"H4","location":"FileViewFinder.php:find","message":"view find called","data":{"name":"laravel-exceptions-renderer::components.vendor-frame"},"timestamp":1777119300581}
{"sessionId":"366302","runId":"pre-fix","hypothesisId":"H4","location":"FileViewFinder.php:find","message":"view find called","data":{"name":"laravel-exceptions-renderer::components.formatted-source"},"timestamp":1777119300582}
{"sessionId":"366302","runId":"pre-fix","hypothesisId":"H4","location":"FileViewFinder.php:find","message":"view find called","data":{"name":"laravel-exceptions-renderer::components.syntax-highlight"},"timestamp":1777119300583}
{"sessionId":"366302","runId":"pre-fix","hypothesisId":"H4","location":"FileViewFinder.php:find","message":"view find called","data":{"name":"laravel-exceptions-renderer::components.file-with-line"},"timestamp":1777119300584}
{"sessionId":"366302","runId":"pre-fix","hypothesisId":"H4","location":"FileViewFinder.php:find","message":"view find called","data":{"name":"laravel-exceptions-renderer::components.vendor-frame"},"timestamp":1777119300585}
{"sessionId":"366302","runId":"pre-fix","hypothesisId":"H4","location":"FileViewFinder.php:find","message":"view find called","data":{"name":"laravel-exceptions-renderer::components.formatted-source"},"timestamp":1777119300585}
{"sessionId":"366302","runId":"pre-fix","hypothesisId":"H4","location":"FileViewFinder.php:find","message":"view find called","data":{"name":"laravel-exceptions-renderer::components.syntax-highlight"},"timestamp":1777119300586}
{"sessionId":"366302","runId":"pre-fix","hypothesisId":"H4","location":"FileViewFinder.php:find","message":"view find called","data":{"name":"laravel-exceptions-renderer::components.file-with-line"},"timestamp":1777119300586}
{"sessionId":"366302","runId":"pre-fix","hypothesisId":"H4","location":"FileViewFinder.php:find","message":"view find called","data":{"name":"laravel-exceptions-renderer::components.vendor-frame"},"timestamp":1777119300587}
{"sessionId":"366302","runId":"pre-fix","hypothesisId":"H4","location":"FileViewFinder.php:find","message":"view find called","data":{"name":"laravel-exceptions-renderer::components.formatted-source"},"timestamp":1777119300588}
{"sessionId":"366302","runId":"pre-fix","hypothesisId":"H4","location":"FileViewFinder.php:find","message":"view find called","data":{"name":"laravel-exceptions-renderer::components.syntax-highlight"},"timestamp":1777119300588}
{"sessionId":"366302","runId":"pre-fix","hypothesisId":"H4","location":"FileViewFinder.php:find","message":"view find called","data":{"name":"laravel-exceptions-renderer::components.file-with-line"},"timestamp":1777119300589}
{"sessionId":"366302","runId":"pre-fix","hypothesisId":"H4","location":"FileViewFinder.php:find","message":"view find called","data":{"name":"laravel-exceptions-renderer::components.vendor-frame"},"timestamp":1777119300590}
{"sessionId":"366302","runId":"pre-fix","hypothesisId":"H4","location":"FileViewFinder.php:find","message":"view find called","data":{"name":"laravel-exceptions-renderer::components.formatted-source"},"timestamp":1777119300590}
{"sessionId":"366302","runId":"pre-fix","hypothesisId":"H4","location":"FileViewFinder.php:find","message":"view find called","data":{"name":"laravel-exceptions-renderer::components.syntax-highlight"},"timestamp":1777119300591}
{"sessionId":"366302","runId":"pre-fix","hypothesisId":"H4","location":"FileViewFinder.php:find","message":"view find called","data":{"name":"laravel-exceptions-renderer::components.file-with-line"},"timestamp":1777119300592}
{"sessionId":"366302","runId":"pre-fix","hypothesisId":"H4","location":"FileViewFinder.php:find","message":"view find called","data":{"name":"laravel-exceptions-renderer::components.vendor-frame"},"timestamp":1777119300593}
{"sessionId":"366302","runId":"pre-fix","hypothesisId":"H4","location":"FileViewFinder.php:find","message":"view find called","data":{"name":"laravel-exceptions-renderer::components.formatted-source"},"timestamp":1777119300594}
{"sessionId":"366302","runId":"pre-fix","hypothesisId":"H4","location":"FileViewFinder.php:find","message":"view find called","data":{"name":"laravel-exceptions-renderer::components.syntax-highlight"},"timestamp":1777119300594}
{"sessionId":"366302","runId":"pre-fix","hypothesisId":"H4","location":"FileViewFinder.php:find","message":"view find called","data":{"name":"laravel-exceptions-renderer::components.file-with-line"},"timestamp":1777119300595}
{"sessionId":"366302","runId":"pre-fix","hypothesisId":"H4","location":"FileViewFinder.php:find","message":"view find called","data":{"name":"laravel-exceptions-renderer::components.vendor-frame"},"timestamp":1777119300595}
{"sessionId":"366302","runId":"pre-fix","hypothesisId":"H4","location":"FileViewFinder.php:find","message":"view find called","data":{"name":"laravel-exceptions-renderer::components.formatted-source"},"timestamp":1777119300596}
{"sessionId":"366302","runId":"pre-fix","hypothesisId":"H4","location":"FileViewFinder.php:find","message":"view find called","data":{"name":"laravel-exceptions-renderer::components.syntax-highlight"},"timestamp":1777119300597}
{"sessionId":"366302","runId":"pre-fix","hypothesisId":"H4","location":"FileViewFinder.php:find","message":"view find called","data":{"name":"laravel-exceptions-renderer::components.file-with-line"},"timestamp":1777119300597}
{"sessionId":"366302","runId":"pre-fix","hypothesisId":"H4","location":"FileViewFinder.php:find","message":"view find called","data":{"name":"laravel-exceptions-renderer::components.vendor-frame"},"timestamp":1777119300599}
{"sessionId":"366302","runId":"pre-fix","hypothesisId":"H4","location":"FileViewFinder.php:find","message":"view find called","data":{"name":"laravel-exceptions-renderer::components.formatted-source"},"timestamp":1777119300599}
{"sessionId":"366302","runId":"pre-fix","hypothesisId":"H4","location":"FileViewFinder.php:find","message":"view find called","data":{"name":"laravel-exceptions-renderer::components.syntax-highlight"},"timestamp":1777119300600}
{"sessionId":"366302","runId":"pre-fix","hypothesisId":"H4","location":"FileViewFinder.php:find","message":"view find called","data":{"name":"laravel-exceptions-renderer::components.file-with-line"},"timestamp":1777119300601}
{"sessionId":"366302","runId":"pre-fix","hypothesisId":"H4","location":"FileViewFinder.php:find","message":"view find called","data":{"name":"laravel-exceptions-renderer::components.vendor-frame"},"timestamp":1777119300602}
{"sessionId":"366302","runId":"pre-fix","hypothesisId":"H4","location":"FileViewFinder.php:find","message":"view find called","data":{"name":"laravel-exceptions-renderer::components.formatted-source"},"timestamp":1777119300602}
{"sessionId":"366302","runId":"pre-fix","hypothesisId":"H4","location":"FileViewFinder.php:find","message":"view find called","data":{"name":"laravel-exceptions-renderer::components.syntax-highlight"},"timestamp":1777119300603}
{"sessionId":"366302","runId":"pre-fix","hypothesisId":"H4","location":"FileViewFinder.php:find","message":"view find called","data":{"name":"laravel-exceptions-renderer::components.file-with-line"},"timestamp":1777119300603}
{"sessionId":"366302","runId":"pre-fix","hypothesisId":"H4","location":"FileViewFinder.php:find","message":"view find called","data":{"name":"laravel-exceptions-renderer::components.vendor-frame"},"timestamp":1777119300604}
{"sessionId":"366302","runId":"pre-fix","hypothesisId":"H4","location":"FileViewFinder.php:find","message":"view find called","data":{"name":"laravel-exceptions-renderer::components.formatted-source"},"timestamp":1777119300605}
{"sessionId":"366302","runId":"pre-fix","hypothesisId":"H4","location":"FileViewFinder.php:find","message":"view find called","data":{"name":"laravel-exceptions-renderer::components.syntax-highlight"},"timestamp":1777119300606}
{"sessionId":"366302","runId":"pre-fix","hypothesisId":"H4","location":"FileViewFinder.php:find","message":"view find called","data":{"name":"laravel-exceptions-renderer::components.file-with-line"},"timestamp":1777119300606}
{"sessionId":"366302","runId":"pre-fix","hypothesisId":"H4","location":"FileViewFinder.php:find","message":"view find called","data":{"name":"laravel-exceptions-renderer::components.vendor-frame"},"timestamp":1777119300607}
{"sessionId":"366302","runId":"pre-fix","hypothesisId":"H4","location":"FileViewFinder.php:find","message":"view find called","data":{"name":"laravel-exceptions-renderer::components.formatted-source"},"timestamp":1777119300608}
{"sessionId":"366302","runId":"pre-fix","hypothesisId":"H4","location":"FileViewFinder.php:find","message":"view find called","data":{"name":"laravel-exceptions-renderer::components.syntax-highlight"},"timestamp":1777119300609}
{"sessionId":"366302","runId":"pre-fix","hypothesisId":"H4","location":"FileViewFinder.php:find","message":"view find called","data":{"name":"laravel-exceptions-renderer::components.file-with-line"},"timestamp":1777119300609}
{"sessionId":"366302","runId":"pre-fix","hypothesisId":"H4","location":"FileViewFinder.php:find","message":"view find called","data":{"name":"laravel-exceptions-renderer::components.vendor-frame"},"timestamp":1777119300610}
{"sessionId":"366302","runId":"pre-fix","hypothesisId":"H4","location":"FileViewFinder.php:find","message":"view find called","data":{"name":"laravel-exceptions-renderer::components.formatted-source"},"timestamp":1777119300611}
{"sessionId":"366302","runId":"pre-fix","hypothesisId":"H4","location":"FileViewFinder.php:find","message":"view find called","data":{"name":"laravel-exceptions-renderer::components.syntax-highlight"},"timestamp":1777119300611}
{"sessionId":"366302","runId":"pre-fix","hypothesisId":"H4","location":"FileViewFinder.php:find","message":"view find called","data":{"name":"laravel-exceptions-renderer::components.file-with-line"},"timestamp":1777119300612}
{"sessionId":"366302","runId":"pre-fix","hypothesisId":"H4","location":"FileViewFinder.php:find","message":"view find called","data":{"name":"laravel-exceptions-renderer::components.vendor-frame"},"timestamp":1777119300613}
{"sessionId":"366302","runId":"pre-fix","hypothesisId":"H4","location":"FileViewFinder.php:find","message":"view find called","data":{"name":"laravel-exceptions-renderer::components.formatted-source"},"timestamp":1777119300614}
{"sessionId":"366302","runId":"pre-fix","hypothesisId":"H4","location":"FileViewFinder.php:find","message":"view find called","data":{"name":"laravel-exceptions-renderer::components.syntax-highlight"},"timestamp":1777119300615}
{"sessionId":"366302","runId":"pre-fix","hypothesisId":"H4","location":"FileViewFinder.php:find","message":"view find called","data":{"name":"laravel-exceptions-renderer::components.file-with-line"},"timestamp":1777119300615}
{"sessionId":"366302","runId":"pre-fix","hypothesisId":"H4","location":"FileViewFinder.php:find","message":"view find called","data":{"name":"laravel-exceptions-renderer::components.vendor-frame"},"timestamp":1777119300616}
{"sessionId":"366302","runId":"pre-fix","hypothesisId":"H4","location":"FileViewFinder.php:find","message":"view find called","data":{"name":"laravel-exceptions-renderer::components.formatted-source"},"timestamp":1777119300617}
{"sessionId":"366302","runId":"pre-fix","hypothesisId":"H4","location":"FileViewFinder.php:find","message":"view find called","data":{"name":"laravel-exceptions-renderer::components.syntax-highlight"},"timestamp":1777119300618}
{"sessionId":"366302","runId":"pre-fix","hypothesisId":"H4","location":"FileViewFinder.php:find","message":"view find called","data":{"name":"laravel-exceptions-renderer::components.file-with-line"},"timestamp":1777119300619}
{"sessionId":"366302","runId":"pre-fix","hypothesisId":"H4","location":"FileViewFinder.php:find","message":"view find called","data":{"name":"laravel-exceptions-renderer::components.vendor-frame"},"timestamp":1777119300620}
{"sessionId":"366302","runId":"pre-fix","hypothesisId":"H4","location":"FileViewFinder.php:find","message":"view find called","data":{"name":"laravel-exceptions-renderer::components.formatted-source"},"timestamp":1777119300620}
{"sessionId":"366302","runId":"pre-fix","hypothesisId":"H4","location":"FileViewFinder.php:find","message":"view find called","data":{"name":"laravel-exceptions-renderer::components.syntax-highlight"},"timestamp":1777119300621}
{"sessionId":"366302","runId":"pre-fix","hypothesisId":"H4","location":"FileViewFinder.php:find","message":"view find called","data":{"name":"laravel-exceptions-renderer::components.file-with-line"},"timestamp":1777119300621}
{"sessionId":"366302","runId":"pre-fix","hypothesisId":"H4","location":"FileViewFinder.php:find","message":"view find called","data":{"name":"laravel-exceptions-renderer::components.vendor-frame"},"timestamp":1777119300622}
{"sessionId":"366302","runId":"pre-fix","hypothesisId":"H4","location":"FileViewFinder.php:find","message":"view find called","data":{"name":"laravel-exceptions-renderer::components.formatted-source"},"timestamp":1777119300623}
{"sessionId":"366302","runId":"pre-fix","hypothesisId":"H4","location":"FileViewFinder.php:find","message":"view find called","data":{"name":"laravel-exceptions-renderer::components.syntax-highlight"},"timestamp":1777119300624}
{"sessionId":"366302","runId":"pre-fix","hypothesisId":"H4","location":"FileViewFinder.php:find","message":"view find called","data":{"name":"laravel-exceptions-renderer::components.file-with-line"},"timestamp":1777119300624}
{"sessionId":"366302","runId":"pre-fix","hypothesisId":"H4","location":"FileViewFinder.php:find","message":"view find called","data":{"name":"laravel-exceptions-renderer::components.vendor-frame"},"timestamp":1777119300625}
{"sessionId":"366302","runId":"pre-fix","hypothesisId":"H4","location":"FileViewFinder.php:find","message":"view find called","data":{"name":"laravel-exceptions-renderer::components.formatted-source"},"timestamp":1777119300626}
{"sessionId":"366302","runId":"pre-fix","hypothesisId":"H4","location":"FileViewFinder.php:find","message":"view find called","data":{"name":"laravel-exceptions-renderer::components.syntax-highlight"},"timestamp":1777119300626}
{"sessionId":"366302","runId":"pre-fix","hypothesisId":"H4","location":"FileViewFinder.php:find","message":"view find called","data":{"name":"laravel-exceptions-renderer::components.file-with-line"},"timestamp":1777119300627}
{"sessionId":"366302","runId":"pre-fix","hypothesisId":"H4","location":"FileViewFinder.php:find","message":"view find called","data":{"name":"laravel-exceptions-renderer::components.vendor-frame"},"timestamp":1777119300628}
{"sessionId":"366302","runId":"pre-fix","hypothesisId":"H4","location":"FileViewFinder.php:find","message":"view find called","data":{"name":"laravel-exceptions-renderer::components.formatted-source"},"timestamp":1777119300629}
{"sessionId":"366302","runId":"pre-fix","hypothesisId":"H4","location":"FileViewFinder.php:find","message":"view find called","data":{"name":"laravel-exceptions-renderer::components.syntax-highlight"},"timestamp":1777119300629}
{"sessionId":"366302","runId":"pre-fix","hypothesisId":"H4","location":"FileViewFinder.php:find","message":"view find called","data":{"name":"laravel-exceptions-renderer::components.file-with-line"},"timestamp":1777119300629}
{"sessionId":"366302","runId":"pre-fix","hypothesisId":"H4","location":"FileViewFinder.php:find","message":"view find called","data":{"name":"laravel-exceptions-renderer::components.vendor-frame"},"timestamp":1777119300630}
{"sessionId":"366302","runId":"pre-fix","hypothesisId":"H4","location":"FileViewFinder.php:find","message":"view find called","data":{"name":"laravel-exceptions-renderer::components.formatted-source"},"timestamp":1777119300631}
{"sessionId":"366302","runId":"pre-fix","hypothesisId":"H4","location":"FileViewFinder.php:find","message":"view find called","data":{"name":"laravel-exceptions-renderer::components.syntax-highlight"},"timestamp":1777119300632}
{"sessionId":"366302","runId":"pre-fix","hypothesisId":"H4","location":"FileViewFinder.php:find","message":"view find called","data":{"name":"laravel-exceptions-renderer::components.file-with-line"},"timestamp":1777119300633}
{"sessionId":"366302","runId":"pre-fix","hypothesisId":"H4","location":"FileViewFinder.php:find","message":"view find called","data":{"name":"laravel-exceptions-renderer::components.vendor-frame"},"timestamp":1777119300634}
{"sessionId":"366302","runId":"pre-fix","hypothesisId":"H4","location":"FileViewFinder.php:find","message":"view find called","data":{"name":"laravel-exceptions-renderer::components.formatted-source"},"timestamp":1777119300635}
{"sessionId":"366302","runId":"pre-fix","hypothesisId":"H4","location":"FileViewFinder.php:find","message":"view find called","data":{"name":"laravel-exceptions-renderer::components.syntax-highlight"},"timestamp":1777119300635}
{"sessionId":"366302","runId":"pre-fix","hypothesisId":"H4","location":"FileViewFinder.php:find","message":"view find called","data":{"name":"laravel-exceptions-renderer::components.file-with-line"},"timestamp":1777119300636}
{"sessionId":"366302","runId":"pre-fix","hypothesisId":"H4","location":"FileViewFinder.php:find","message":"view find called","data":{"name":"laravel-exceptions-renderer::components.vendor-frame"},"timestamp":1777119300637}
{"sessionId":"366302","runId":"pre-fix","hypothesisId":"H4","location":"FileViewFinder.php:find","message":"view find called","data":{"name":"laravel-exceptions-renderer::components.formatted-source"},"timestamp":1777119300637}
{"sessionId":"366302","runId":"pre-fix","hypothesisId":"H4","location":"FileViewFinder.php:find","message":"view find called","data":{"name":"laravel-exceptions-renderer::components.syntax-highlight"},"timestamp":1777119300638}
{"sessionId":"366302","runId":"pre-fix","hypothesisId":"H4","location":"FileViewFinder.php:find","message":"view find called","data":{"name":"laravel-exceptions-renderer::components.file-with-line"},"timestamp":1777119300639}
{"sessionId":"366302","runId":"pre-fix","hypothesisId":"H4","location":"FileViewFinder.php:find","message":"view find called","data":{"name":"laravel-exceptions-renderer::components.vendor-frame"},"timestamp":1777119300640}
{"sessionId":"366302","runId":"pre-fix","hypothesisId":"H4","location":"FileViewFinder.php:find","message":"view find called","data":{"name":"laravel-exceptions-renderer::components.formatted-source"},"timestamp":1777119300641}
{"sessionId":"366302","runId":"pre-fix","hypothesisId":"H4","location":"FileViewFinder.php:find","message":"view find called","data":{"name":"laravel-exceptions-renderer::components.syntax-highlight"},"timestamp":1777119300641}
{"sessionId":"366302","runId":"pre-fix","hypothesisId":"H4","location":"FileViewFinder.php:find","message":"view find called","data":{"name":"laravel-exceptions-renderer::components.file-with-line"},"timestamp":1777119300642}
{"sessionId":"366302","runId":"pre-fix","hypothesisId":"H4","location":"FileViewFinder.php:find","message":"view find called","data":{"name":"laravel-exceptions-renderer::components.vendor-frame"},"timestamp":1777119300643}
{"sessionId":"366302","runId":"pre-fix","hypothesisId":"H4","location":"FileViewFinder.php:find","message":"view find called","data":{"name":"laravel-exceptions-renderer::components.formatted-source"},"timestamp":1777119300643}
{"sessionId":"366302","runId":"pre-fix","hypothesisId":"H4","location":"FileViewFinder.php:find","message":"view find called","data":{"name":"laravel-exceptions-renderer::components.syntax-highlight"},"timestamp":1777119300644}
{"sessionId":"366302","runId":"pre-fix","hypothesisId":"H4","location":"FileViewFinder.php:find","message":"view find called","data":{"name":"laravel-exceptions-renderer::components.file-with-line"},"timestamp":1777119300644}
{"sessionId":"366302","runId":"pre-fix","hypothesisId":"H4","location":"FileViewFinder.php:find","message":"view find called","data":{"name":"laravel-exceptions-renderer::components.vendor-frame"},"timestamp":1777119300645}
{"sessionId":"366302","runId":"pre-fix","hypothesisId":"H4","location":"FileViewFinder.php:find","message":"view find called","data":{"name":"laravel-exceptions-renderer::components.formatted-source"},"timestamp":1777119300646}
{"sessionId":"366302","runId":"pre-fix","hypothesisId":"H4","location":"FileViewFinder.php:find","message":"view find called","data":{"name":"laravel-exceptions-renderer::components.syntax-highlight"},"timestamp":1777119300646}
{"sessionId":"366302","runId":"pre-fix","hypothesisId":"H4","location":"FileViewFinder.php:find","message":"view find called","data":{"name":"laravel-exceptions-renderer::components.file-with-line"},"timestamp":1777119300647}
{"sessionId":"366302","runId":"pre-fix","hypothesisId":"H4","location":"FileViewFinder.php:find","message":"view find called","data":{"name":"laravel-exceptions-renderer::components.vendor-frame"},"timestamp":1777119300649}
{"sessionId":"366302","runId":"pre-fix","hypothesisId":"H4","location":"FileViewFinder.php:find","message":"view find called","data":{"name":"laravel-exceptions-renderer::components.formatted-source"},"timestamp":1777119300649}
{"sessionId":"366302","runId":"pre-fix","hypothesisId":"H4","location":"FileViewFinder.php:find","message":"view find called","data":{"name":"laravel-exceptions-renderer::components.syntax-highlight"},"timestamp":1777119300650}
{"sessionId":"366302","runId":"pre-fix","hypothesisId":"H4","location":"FileViewFinder.php:find","message":"view find called","data":{"name":"laravel-exceptions-renderer::components.file-with-line"},"timestamp":1777119300651}
{"sessionId":"366302","runId":"pre-fix","hypothesisId":"H4","location":"FileViewFinder.php:find","message":"view find called","data":{"name":"laravel-exceptions-renderer::components.vendor-frame"},"timestamp":1777119300651}
{"sessionId":"366302","runId":"pre-fix","hypothesisId":"H4","location":"FileViewFinder.php:find","message":"view find called","data":{"name":"laravel-exceptions-renderer::components.formatted-source"},"timestamp":1777119300652}
{"sessionId":"366302","runId":"pre-fix","hypothesisId":"H4","location":"FileViewFinder.php:find","message":"view find called","data":{"name":"laravel-exceptions-renderer::components.syntax-highlight"},"timestamp":1777119300653}
{"sessionId":"366302","runId":"pre-fix","hypothesisId":"H4","location":"FileViewFinder.php:find","message":"view find called","data":{"name":"laravel-exceptions-renderer::components.file-with-line"},"timestamp":1777119300653}
{"sessionId":"366302","runId":"pre-fix","hypothesisId":"H4","location":"FileViewFinder.php:find","message":"view find called","data":{"name":"laravel-exceptions-renderer::components.vendor-frame"},"timestamp":1777119300654}
{"sessionId":"366302","runId":"pre-fix","hypothesisId":"H4","location":"FileViewFinder.php:find","message":"view find called","data":{"name":"laravel-exceptions-renderer::components.formatted-source"},"timestamp":1777119300655}
{"sessionId":"366302","runId":"pre-fix","hypothesisId":"H4","location":"FileViewFinder.php:find","message":"view find called","data":{"name":"laravel-exceptions-renderer::components.syntax-highlight"},"timestamp":1777119300655}
{"sessionId":"366302","runId":"pre-fix","hypothesisId":"H4","location":"FileViewFinder.php:find","message":"view find called","data":{"name":"laravel-exceptions-renderer::components.file-with-line"},"timestamp":1777119300656}
{"sessionId":"366302","runId":"pre-fix","hypothesisId":"H4","location":"FileViewFinder.php:find","message":"view find called","data":{"name":"laravel-exceptions-renderer::components.vendor-frame"},"timestamp":1777119300657}
{"sessionId":"366302","runId":"pre-fix","hypothesisId":"H4","location":"FileViewFinder.php:find","message":"view find called","data":{"name":"laravel-exceptions-renderer::components.formatted-source"},"timestamp":1777119300657}
{"sessionId":"366302","runId":"pre-fix","hypothesisId":"H4","location":"FileViewFinder.php:find","message":"view find called","data":{"name":"laravel-exceptions-renderer::components.syntax-highlight"},"timestamp":1777119300658}
{"sessionId":"366302","runId":"pre-fix","hypothesisId":"H4","location":"FileViewFinder.php:find","message":"view find called","data":{"name":"laravel-exceptions-renderer::components.file-with-line"},"timestamp":1777119300659}
{"sessionId":"366302","runId":"pre-fix","hypothesisId":"H4","location":"FileViewFinder.php:find","message":"view find called","data":{"name":"laravel-exceptions-renderer::components.vendor-frame"},"timestamp":1777119300659}
{"sessionId":"366302","runId":"pre-fix","hypothesisId":"H4","location":"FileViewFinder.php:find","message":"view find called","data":{"name":"laravel-exceptions-renderer::components.formatted-source"},"timestamp":1777119300660}
{"sessionId":"366302","runId":"pre-fix","hypothesisId":"H4","location":"FileViewFinder.php:find","message":"view find called","data":{"name":"laravel-exceptions-renderer::components.syntax-highlight"},"timestamp":1777119300661}
{"sessionId":"366302","runId":"pre-fix","hypothesisId":"H4","location":"FileViewFinder.php:find","message":"view find called","data":{"name":"laravel-exceptions-renderer::components.file-with-line"},"timestamp":1777119300661}
{"sessionId":"366302","runId":"pre-fix","hypothesisId":"H4","location":"FileViewFinder.php:find","message":"view find called","data":{"name":"laravel-exceptions-renderer::components.vendor-frame"},"timestamp":1777119300662}
{"sessionId":"366302","runId":"pre-fix","hypothesisId":"H4","location":"FileViewFinder.php:find","message":"view find called","data":{"name":"laravel-exceptions-renderer::components.formatted-source"},"timestamp":1777119300663}
{"sessionId":"366302","runId":"pre-fix","hypothesisId":"H4","location":"FileViewFinder.php:find","message":"view find called","data":{"name":"laravel-exceptions-renderer::components.syntax-highlight"},"timestamp":1777119300663}
{"sessionId":"366302","runId":"pre-fix","hypothesisId":"H4","location":"FileViewFinder.php:find","message":"view find called","data":{"name":"laravel-exceptions-renderer::components.file-with-line"},"timestamp":1777119300664}
{"sessionId":"366302","runId":"pre-fix","hypothesisId":"H4","location":"FileViewFinder.php:find","message":"view find called","data":{"name":"laravel-exceptions-renderer::components.vendor-frame"},"timestamp":1777119300665}
{"sessionId":"366302","runId":"pre-fix","hypothesisId":"H4","location":"FileViewFinder.php:find","message":"view find called","data":{"name":"laravel-exceptions-renderer::components.formatted-source"},"timestamp":1777119300666}
{"sessionId":"366302","runId":"pre-fix","hypothesisId":"H4","location":"FileViewFinder.php:find","message":"view find called","data":{"name":"laravel-exceptions-renderer::components.syntax-highlight"},"timestamp":1777119300666}
{"sessionId":"366302","runId":"pre-fix","hypothesisId":"H4","location":"FileViewFinder.php:find","message":"view find called","data":{"name":"laravel-exceptions-renderer::components.file-with-line"},"timestamp":1777119300667}
{"sessionId":"366302","runId":"pre-fix","hypothesisId":"H4","location":"FileViewFinder.php:find","message":"view find called","data":{"name":"laravel-exceptions-renderer::components.vendor-frame"},"timestamp":1777119300668}
{"sessionId":"366302","runId":"pre-fix","hypothesisId":"H4","location":"FileViewFinder.php:find","message":"view find called","data":{"name":"laravel-exceptions-renderer::components.formatted-source"},"timestamp":1777119300669}
{"sessionId":"366302","runId":"pre-fix","hypothesisId":"H4","location":"FileViewFinder.php:find","message":"view find called","data":{"name":"laravel-exceptions-renderer::components.syntax-highlight"},"timestamp":1777119300669}
{"sessionId":"366302","runId":"pre-fix","hypothesisId":"H4","location":"FileViewFinder.php:find","message":"view find called","data":{"name":"laravel-exceptions-renderer::components.file-with-line"},"timestamp":1777119300670}
{"sessionId":"366302","runId":"pre-fix","hypothesisId":"H4","location":"FileViewFinder.php:find","message":"view find called","data":{"name":"laravel-exceptions-renderer::components.vendor-frame"},"timestamp":1777119300671}
{"sessionId":"366302","runId":"pre-fix","hypothesisId":"H4","location":"FileViewFinder.php:find","message":"view find called","data":{"name":"laravel-exceptions-renderer::components.formatted-source"},"timestamp":1777119300672}
{"sessionId":"366302","runId":"pre-fix","hypothesisId":"H4","location":"FileViewFinder.php:find","message":"view find called","data":{"name":"laravel-exceptions-renderer::components.syntax-highlight"},"timestamp":1777119300673}
{"sessionId":"366302","runId":"pre-fix","hypothesisId":"H4","location":"FileViewFinder.php:find","message":"view find called","data":{"name":"laravel-exceptions-renderer::components.file-with-line"},"timestamp":1777119300673}
{"sessionId":"366302","runId":"pre-fix","hypothesisId":"H4","location":"FileViewFinder.php:find","message":"view find called","data":{"name":"laravel-exceptions-renderer::components.vendor-frame"},"timestamp":1777119300674}
{"sessionId":"366302","runId":"pre-fix","hypothesisId":"H4","location":"FileViewFinder.php:find","message":"view find called","data":{"name":"laravel-exceptions-renderer::components.formatted-source"},"timestamp":1777119300675}
{"sessionId":"366302","runId":"pre-fix","hypothesisId":"H4","location":"FileViewFinder.php:find","message":"view find called","data":{"name":"laravel-exceptions-renderer::components.syntax-highlight"},"timestamp":1777119300675}
{"sessionId":"366302","runId":"pre-fix","hypothesisId":"H4","location":"FileViewFinder.php:find","message":"view find called","data":{"name":"laravel-exceptions-renderer::components.file-with-line"},"timestamp":1777119300676}
{"sessionId":"366302","runId":"pre-fix","hypothesisId":"H4","location":"FileViewFinder.php:find","message":"view find called","data":{"name":"laravel-exceptions-renderer::components.vendor-frame"},"timestamp":1777119300677}
{"sessionId":"366302","runId":"pre-fix","hypothesisId":"H4","location":"FileViewFinder.php:find","message":"view find called","data":{"name":"laravel-exceptions-renderer::components.formatted-source"},"timestamp":1777119300677}
{"sessionId":"366302","runId":"pre-fix","hypothesisId":"H4","location":"FileViewFinder.php:find","message":"view find called","data":{"name":"laravel-exceptions-renderer::components.syntax-highlight"},"timestamp":1777119300678}
{"sessionId":"366302","runId":"pre-fix","hypothesisId":"H4","location":"FileViewFinder.php:find","message":"view find called","data":{"name":"laravel-exceptions-renderer::components.file-with-line"},"timestamp":1777119300679}
{"sessionId":"366302","runId":"pre-fix","hypothesisId":"H4","location":"FileViewFinder.php:find","message":"view find called","data":{"name":"laravel-exceptions-renderer::components.vendor-frame"},"timestamp":1777119300680}
{"sessionId":"366302","runId":"pre-fix","hypothesisId":"H4","location":"FileViewFinder.php:find","message":"view find called","data":{"name":"laravel-exceptions-renderer::components.formatted-source"},"timestamp":1777119300680}
{"sessionId":"366302","runId":"pre-fix","hypothesisId":"H4","location":"FileViewFinder.php:find","message":"view find called","data":{"name":"laravel-exceptions-renderer::components.syntax-highlight"},"timestamp":1777119300681}
{"sessionId":"366302","runId":"pre-fix","hypothesisId":"H4","location":"FileViewFinder.php:find","message":"view find called","data":{"name":"laravel-exceptions-renderer::components.file-with-line"},"timestamp":1777119300681}
{"sessionId":"366302","runId":"pre-fix","hypothesisId":"H4","location":"FileViewFinder.php:find","message":"view find called","data":{"name":"laravel-exceptions-renderer::components.vendor-frame"},"timestamp":1777119300683}
{"sessionId":"366302","runId":"pre-fix","hypothesisId":"H4","location":"FileViewFinder.php:find","message":"view find called","data":{"name":"laravel-exceptions-renderer::components.formatted-source"},"timestamp":1777119300683}
{"sessionId":"366302","runId":"pre-fix","hypothesisId":"H4","location":"FileViewFinder.php:find","message":"view find called","data":{"name":"laravel-exceptions-renderer::components.syntax-highlight"},"timestamp":1777119300684}
{"sessionId":"366302","runId":"pre-fix","hypothesisId":"H4","location":"FileViewFinder.php:find","message":"view find called","data":{"name":"laravel-exceptions-renderer::components.file-with-line"},"timestamp":1777119300684}
{"sessionId":"366302","runId":"pre-fix","hypothesisId":"H4","location":"FileViewFinder.php:find","message":"view find called","data":{"name":"laravel-exceptions-renderer::components.frame"},"timestamp":1777119300686}
{"sessionId":"366302","runId":"pre-fix","hypothesisId":"H4","location":"FileViewFinder.php:find","message":"view find called","data":{"name":"laravel-exceptions-renderer::components.formatted-source"},"timestamp":1777119300687}
{"sessionId":"366302","runId":"pre-fix","hypothesisId":"H4","location":"FileViewFinder.php:find","message":"view find called","data":{"name":"laravel-exceptions-renderer::components.syntax-highlight"},"timestamp":1777119300687}
{"sessionId":"366302","runId":"pre-fix","hypothesisId":"H4","location":"FileViewFinder.php:find","message":"view find called","data":{"name":"laravel-exceptions-renderer::components.file-with-line"},"timestamp":1777119300688}
{"sessionId":"366302","runId":"pre-fix","hypothesisId":"H4","location":"FileViewFinder.php:find","message":"view find called","data":{"name":"laravel-exceptions-renderer::components.icons.chevrons-down-up"},"timestamp":1777119300689}
{"sessionId":"366302","runId":"pre-fix","hypothesisId":"H4","location":"FileViewFinder.php:find","message":"view find called","data":{"name":"laravel-exceptions-renderer::components.icons.chevrons-up-down"},"timestamp":1777119300689}
{"sessionId":"366302","runId":"pre-fix","hypothesisId":"H4","location":"FileViewFinder.php:find","message":"view find called","data":{"name":"laravel-exceptions-renderer::components.frame-code"},"timestamp":1777119300690}
{"sessionId":"366302","runId":"pre-fix","hypothesisId":"H4","location":"FileViewFinder.php:find","message":"view find called","data":{"name":"laravel-exceptions-renderer::components.syntax-highlight"},"timestamp":1777119300691}
{"sessionId":"366302","runId":"pre-fix","hypothesisId":"H4","location":"FileViewFinder.php:find","message":"view find called","data":{"name":"laravel-exceptions-renderer::components.vendor-frames"},"timestamp":1777119300691}
{"sessionId":"366302","runId":"pre-fix","hypothesisId":"H4","location":"FileViewFinder.php:find","message":"view find called","data":{"name":"laravel-exceptions-renderer::components.icons.folder"},"timestamp":1777119300692}
{"sessionId":"366302","runId":"pre-fix","hypothesisId":"H4","location":"FileViewFinder.php:find","message":"view find called","data":{"name":"laravel-exceptions-renderer::components.icons.folder-open"},"timestamp":1777119300692}
{"sessionId":"366302","runId":"pre-fix","hypothesisId":"H4","location":"FileViewFinder.php:find","message":"view find called","data":{"name":"laravel-exceptions-renderer::components.icons.chevrons-down-up"},"timestamp":1777119300693}
{"sessionId":"366302","runId":"pre-fix","hypothesisId":"H4","location":"FileViewFinder.php:find","message":"view find called","data":{"name":"laravel-exceptions-renderer::components.icons.chevrons-up-down"},"timestamp":1777119300693}
{"sessionId":"366302","runId":"pre-fix","hypothesisId":"H4","location":"FileViewFinder.php:find","message":"view find called","data":{"name":"laravel-exceptions-renderer::components.vendor-frame"},"timestamp":1777119300694}
{"sessionId":"366302","runId":"pre-fix","hypothesisId":"H4","location":"FileViewFinder.php:find","message":"view find called","data":{"name":"laravel-exceptions-renderer::components.file-with-line"},"timestamp":1777119300694}
{"sessionId":"366302","runId":"pre-fix","hypothesisId":"H4","location":"FileViewFinder.php:find","message":"view find called","data":{"name":"laravel-exceptions-renderer::components.query"},"timestamp":1777119300695}
{"sessionId":"366302","runId":"pre-fix","hypothesisId":"H4","location":"FileViewFinder.php:find","message":"view find called","data":{"name":"laravel-exceptions-renderer::components.query"},"timestamp":1777119300696}
{"sessionId":"366302","runId":"pre-fix","hypothesisId":"H4","location":"FileViewFinder.php:find","message":"view find called","data":{"name":"laravel-exceptions-renderer::components.icons.database"},"timestamp":1777119300697}
{"sessionId":"366302","runId":"pre-fix","hypothesisId":"H4","location":"FileViewFinder.php:find","message":"view find called","data":{"name":"laravel-exceptions-renderer::components.icons.database"},"timestamp":1777119300697}
{"sessionId":"366302","runId":"pre-fix","hypothesisId":"H4","location":"FileViewFinder.php:find","message":"view find called","data":{"name":"laravel-exceptions-renderer::components.icons.database"},"timestamp":1777119300698}
{"sessionId":"366302","runId":"pre-fix","hypothesisId":"H4","location":"FileViewFinder.php:find","message":"view find called","data":{"name":"laravel-exceptions-renderer::components.syntax-highlight"},"timestamp":1777119300699}
{"sessionId":"366302","runId":"pre-fix","hypothesisId":"H4","location":"FileViewFinder.php:find","message":"view find called","data":{"name":"laravel-exceptions-renderer::components.icons.database"},"timestamp":1777119300700}
{"sessionId":"366302","runId":"pre-fix","hypothesisId":"H4","location":"FileViewFinder.php:find","message":"view find called","data":{"name":"laravel-exceptions-renderer::components.syntax-highlight"},"timestamp":1777119300701}
{"sessionId":"366302","runId":"pre-fix","hypothesisId":"H4","location":"FileViewFinder.php:find","message":"view find called","data":{"name":"laravel-exceptions-renderer::components.icons.chevrons-left"},"timestamp":1777119300701}
{"sessionId":"366302","runId":"pre-fix","hypothesisId":"H4","location":"FileViewFinder.php:find","message":"view find called","data":{"name":"laravel-exceptions-renderer::components.icons.chevrons-left"},"timestamp":1777119300702}
{"sessionId":"366302","runId":"pre-fix","hypothesisId":"H4","location":"FileViewFinder.php:find","message":"view find called","data":{"name":"laravel-exceptions-renderer::components.icons.chevron-left"},"timestamp":1777119300702}
{"sessionId":"366302","runId":"pre-fix","hypothesisId":"H4","location":"FileViewFinder.php:find","message":"view find called","data":{"name":"laravel-exceptions-renderer::components.icons.chevron-left"},"timestamp":1777119300703}
{"sessionId":"366302","runId":"pre-fix","hypothesisId":"H4","location":"FileViewFinder.php:find","message":"view find called","data":{"name":"laravel-exceptions-renderer::components.icons.chevron-right"},"timestamp":1777119300703}
{"sessionId":"366302","runId":"pre-fix","hypothesisId":"H4","location":"FileViewFinder.php:find","message":"view find called","data":{"name":"laravel-exceptions-renderer::components.icons.chevron-right"},"timestamp":1777119300704}
{"sessionId":"366302","runId":"pre-fix","hypothesisId":"H4","location":"FileViewFinder.php:find","message":"view find called","data":{"name":"laravel-exceptions-renderer::components.icons.chevrons-right"},"timestamp":1777119300705}
{"sessionId":"366302","runId":"pre-fix","hypothesisId":"H4","location":"FileViewFinder.php:find","message":"view find called","data":{"name":"laravel-exceptions-renderer::components.icons.chevrons-right"},"timestamp":1777119300705}
{"sessionId":"366302","runId":"pre-fix","hypothesisId":"H4","location":"FileViewFinder.php:find","message":"view find called","data":{"name":"laravel-exceptions-renderer::components.section-container"},"timestamp":1777119300706}
{"sessionId":"366302","runId":"pre-fix","hypothesisId":"H4","location":"FileViewFinder.php:find","message":"view find called","data":{"name":"laravel-exceptions-renderer::components.separator"},"timestamp":1777119300707}
{"sessionId":"366302","runId":"pre-fix","hypothesisId":"H4","location":"FileViewFinder.php:find","message":"view find called","data":{"name":"laravel-exceptions-renderer::components.request-header"},"timestamp":1777119300707}
{"sessionId":"366302","runId":"pre-fix","hypothesisId":"H4","location":"FileViewFinder.php:find","message":"view find called","data":{"name":"laravel-exceptions-renderer::components.request-header"},"timestamp":1777119300708}
{"sessionId":"366302","runId":"pre-fix","hypothesisId":"H4","location":"FileViewFinder.php:find","message":"view find called","data":{"name":"laravel-exceptions-renderer::components.request-body"},"timestamp":1777119300709}
{"sessionId":"366302","runId":"pre-fix","hypothesisId":"H4","location":"FileViewFinder.php:find","message":"view find called","data":{"name":"laravel-exceptions-renderer::components.request-body"},"timestamp":1777119300710}
{"sessionId":"366302","runId":"pre-fix","hypothesisId":"H4","location":"FileViewFinder.php:find","message":"view find called","data":{"name":"laravel-exceptions-renderer::components.empty-state"},"timestamp":1777119300711}
{"sessionId":"366302","runId":"pre-fix","hypothesisId":"H4","location":"FileViewFinder.php:find","message":"view find called","data":{"name":"laravel-exceptions-renderer::components.empty-state"},"timestamp":1777119300711}
{"sessionId":"366302","runId":"pre-fix","hypothesisId":"H4","location":"FileViewFinder.php:find","message":"view find called","data":{"name":"laravel-exceptions-renderer::components.routing"},"timestamp":1777119300712}
{"sessionId":"366302","runId":"pre-fix","hypothesisId":"H4","location":"FileViewFinder.php:find","message":"view find called","data":{"name":"laravel-exceptions-renderer::components.routing"},"timestamp":1777119300712}
{"sessionId":"366302","runId":"pre-fix","hypothesisId":"H4","location":"FileViewFinder.php:find","message":"view find called","data":{"name":"laravel-exceptions-renderer::components.routing-parameter"},"timestamp":1777119300713}
{"sessionId":"366302","runId":"pre-fix","hypothesisId":"H4","location":"FileViewFinder.php:find","message":"view find called","data":{"name":"laravel-exceptions-renderer::components.routing-parameter"},"timestamp":1777119300713}
{"sessionId":"366302","runId":"pre-fix","hypothesisId":"H4","location":"FileViewFinder.php:find","message":"view find called","data":{"name":"laravel-exceptions-renderer::components.syntax-highlight"},"timestamp":1777119300714}
{"sessionId":"366302","runId":"pre-fix","hypothesisId":"H4","location":"FileViewFinder.php:find","message":"view find called","data":{"name":"laravel-exceptions-renderer::components.section-container"},"timestamp":1777119300715}
{"sessionId":"366302","runId":"pre-fix","hypothesisId":"H4","location":"FileViewFinder.php:find","message":"view find called","data":{"name":"laravel-exceptions-renderer::components.separator"},"timestamp":1777119300716}
{"sessionId":"366302","runId":"pre-fix","hypothesisId":"H4","location":"FileViewFinder.php:find","message":"view find called","data":{"name":"laravel-exceptions-renderer::components.laravel-ascii-spotlight"},"timestamp":1777119300717}
{"sessionId":"366302","runId":"pre-fix","hypothesisId":"H4","location":"FileViewFinder.php:find","message":"view find called","data":{"name":"laravel-exceptions-renderer::components.laravel-ascii-spotlight"},"timestamp":1777119300717}
{"sessionId":"366302","runId":"pre-fix","hypothesisId":"H4","location":"FileViewFinder.php:find","message":"view find called","data":{"name":"laravel-exceptions-renderer::components.icons.laravel-ascii"},"timestamp":1777119300718}
{"sessionId":"366302","runId":"pre-fix","hypothesisId":"H4","location":"FileViewFinder.php:find","message":"view find called","data":{"name":"laravel-exceptions-renderer::components.icons.laravel-ascii"},"timestamp":1777119300719}
{"sessionId":"366302","runId":"pre-fix","hypothesisId":"H4","location":"FileViewFinder.php:find","message":"view find called","data":{"name":"laravel-exceptions-renderer::components.icons.laravel-ascii"},"timestamp":1777119300720}
{"sessionId":"366302","runId":"pre-fix","hypothesisId":"H4","location":"FileViewFinder.php:find","message":"view find called","data":{"name":"laravel-exceptions-renderer::components.section-container"},"timestamp":1777119300720}
{"sessionId":"366302","runId":"pre-fix","hypothesisId":"H4","location":"FileViewFinder.php:find","message":"view find called","data":{"name":"laravel-exceptions-renderer::components.layout"},"timestamp":1777119300721}
{"sessionId":"366302","runId":"pre-fix","hypothesisId":"H4","location":"FileViewFinder.php:find","message":"view find called","data":{"name":"livewire.product-catalog"},"timestamp":1777119305923}
{"sessionId":"366302","runId":"pre-fix","hypothesisId":"H4","location":"FileViewFinder.php:find","message":"view find called","data":{"name":"components.single-product-card"},"timestamp":1777119305926}
{"sessionId":"366302","runId":"pre-fix","hypothesisId":"H4","location":"FileViewFinder.php:find","message":"view find called","data":{"name":"components.single-product-card"},"timestamp":1777119305927}
{"sessionId":"366302","runId":"pre-fix","hypothesisId":"H4","location":"FileViewFinder.php:find","message":"view find called","data":{"name":"components.single-product-card"},"timestamp":1777119305928}
{"sessionId":"366302","runId":"pre-fix","hypothesisId":"H4","location":"FileViewFinder.php:find","message":"view find called","data":{"name":"components.single-product-card"},"timestamp":1777119305929}
{"sessionId":"366302","runId":"pre-fix","hypothesisId":"H4","location":"FileViewFinder.php:find","message":"view find called","data":{"name":"components.single-product-card"},"timestamp":1777119305930}
{"sessionId":"366302","runId":"pre-fix","hypothesisId":"H4","location":"FileViewFinder.php:find","message":"view find called","data":{"name":"components.single-product-card"},"timestamp":1777119305931}
{"sessionId":"366302","runId":"pre-fix","hypothesisId":"H4","location":"FileViewFinder.php:find","message":"view find called","data":{"name":"components.single-product-card"},"timestamp":1777119305932}
{"sessionId":"366302","runId":"pre-fix","hypothesisId":"H4","location":"FileViewFinder.php:find","message":"view find called","data":{"name":"components.single-product-card"},"timestamp":1777119305933}
{"sessionId":"366302","runId":"pre-fix","hypothesisId":"H4","location":"FileViewFinder.php:find","message":"view find called","data":{"name":"components.single-product-card"},"timestamp":1777119305933}
{"sessionId":"366302","runId":"pre-fix","hypothesisId":"H4","location":"FileViewFinder.php:find","message":"view find called","data":{"name":"components.single-product-card"},"timestamp":1777119305934}
{"sessionId":"366302","runId":"pre-fix","hypothesisId":"H4","location":"FileViewFinder.php:find","message":"view find called","data":{"name":"livewire::tailwind"},"timestamp":1777119305935}
{"sessionId":"366302","runId":"pre-fix","hypothesisId":"H4","location":"FileViewFinder.php:find","message":"view find called","data":{"name":"    <?php $layout->viewContext->mergeIntoNewEnvironment($__env); ?>\n\n    @component($layout->view, $layout->params)\n        @slot($layout->slotOrSection)\n            {!! $content !!}\n        @endslot\n\n        <?php\n        // Manually forward slots defined in the Livewire template into the layout component...\n        foreach ($layout->viewContext->slots[-1] ?? [] as $name => $slot) {\n            $__env->slot($name, attributes: $slot->attributes->getAttributes());\n            echo $slot->toHtml();\n            $__env->endSlot();\n        }\n        ?>\n    @endcomponent"},"timestamp":1777119305941}
{"sessionId":"366302","runId":"pre-fix","hypothesisId":"H4","location":"FileViewFinder.php:find","message":"view find called","data":{"name":"__components::4943bc92ebba41e8b0e508149542e0ad"},"timestamp":1777119305942}
{"sessionId":"366302","runId":"pre-fix","hypothesisId":"H4","location":"FileViewFinder.php:find","message":"view find called","data":{"name":"components.layouts.app"},"timestamp":1777119305946}
{"sessionId":"366302","runId":"pre-fix","hypothesisId":"H4","location":"FileViewFinder.php:find","message":"view find called","data":{"name":"components.navigation"},"timestamp":1777119305949}
{"sessionId":"366302","runId":"pre-fix","hypothesisId":"H4","location":"FileViewFinder.php:find","message":"view find called","data":{"name":"components.navigation"},"timestamp":1777119305949}
{"sessionId":"366302","runId":"pre-fix","hypothesisId":"H4","location":"FileViewFinder.php:find","message":"view find called","data":{"name":"components.footer"},"timestamp":1777119305950}
{"sessionId":"366302","runId":"pre-fix","hypothesisId":"H4","location":"FileViewFinder.php:find","message":"view find called","data":{"name":"components.footer"},"timestamp":1777119305951}
{"sessionId":"366302","runId":"pre-fix","hypothesisId":"H4","location":"FileViewFinder.php:find","message":"view find called","data":{"name":"product.show"},"timestamp":1777119310795}
{"sessionId":"366302","runId":"pre-fix","hypothesisId":"H2","location":"ComponentTagCompiler.php:componentString","message":"component tag compiled","data":{"component":"layouts.app"},"timestamp":1777119310797}
{"sessionId":"366302","runId":"pre-fix","hypothesisId":"H3","location":"ComponentTagCompiler.php:guessAnonymousComponentUsingNamespaces","message":"checking anonymous component namespaces","data":{"component":"layouts.app","registeredNamespaces":[]},"timestamp":1777119310799}
{"sessionId":"366302","runId":"pre-fix","hypothesisId":"H4","location":"FileViewFinder.php:find","message":"view find called","data":{"name":"components.layouts.app"},"timestamp":1777119310799}
{"sessionId":"366302","runId":"pre-fix","hypothesisId":"H4","location":"FileViewFinder.php:find","message":"view find called","data":{"name":"components.layouts.app"},"timestamp":1777119311007}
{"sessionId":"366302","runId":"pre-fix","hypothesisId":"H4","location":"FileViewFinder.php:find","message":"view find called","data":{"name":"components.layouts.app"},"timestamp":1777119311027}
{"sessionId":"366302","runId":"pre-fix","hypothesisId":"H4","location":"FileViewFinder.php:find","message":"view find called","data":{"name":"components.navigation"},"timestamp":1777119311030}
{"sessionId":"366302","runId":"pre-fix","hypothesisId":"H4","location":"FileViewFinder.php:find","message":"view find called","data":{"name":"components.navigation"},"timestamp":1777119311030}
{"sessionId":"366302","runId":"pre-fix","hypothesisId":"H4","location":"FileViewFinder.php:find","message":"view find called","data":{"name":"components.footer"},"timestamp":1777119311031}
{"sessionId":"366302","runId":"pre-fix","hypothesisId":"H4","location":"FileViewFinder.php:find","message":"view find called","data":{"name":"components.footer"},"timestamp":1777119311032}
{"sessionId":"366302","runId":"pre-fix","hypothesisId":"H4","location":"FileViewFinder.php:find","message":"view find called","data":{"name":"livewire.product-catalog"},"timestamp":1777119315314}
{"sessionId":"366302","runId":"pre-fix","hypothesisId":"H4","location":"FileViewFinder.php:find","message":"view find called","data":{"name":"components.single-product-card"},"timestamp":1777119315317}
{"sessionId":"366302","runId":"pre-fix","hypothesisId":"H4","location":"FileViewFinder.php:find","message":"view find called","data":{"name":"components.single-product-card"},"timestamp":1777119315318}
{"sessionId":"366302","runId":"pre-fix","hypothesisId":"H4","location":"FileViewFinder.php:find","message":"view find called","data":{"name":"components.single-product-card"},"timestamp":1777119315319}
{"sessionId":"366302","runId":"pre-fix","hypothesisId":"H4","location":"FileViewFinder.php:find","message":"view find called","data":{"name":"components.single-product-card"},"timestamp":1777119315321}
{"sessionId":"366302","runId":"pre-fix","hypothesisId":"H4","location":"FileViewFinder.php:find","message":"view find called","data":{"name":"components.single-product-card"},"timestamp":1777119315322}
{"sessionId":"366302","runId":"pre-fix","hypothesisId":"H4","location":"FileViewFinder.php:find","message":"view find called","data":{"name":"components.single-product-card"},"timestamp":1777119315323}
{"sessionId":"366302","runId":"pre-fix","hypothesisId":"H4","location":"FileViewFinder.php:find","message":"view find called","data":{"name":"components.single-product-card"},"timestamp":1777119315324}
{"sessionId":"366302","runId":"pre-fix","hypothesisId":"H4","location":"FileViewFinder.php:find","message":"view find called","data":{"name":"components.single-product-card"},"timestamp":1777119315325}
{"sessionId":"366302","runId":"pre-fix","hypothesisId":"H4","location":"FileViewFinder.php:find","message":"view find called","data":{"name":"components.single-product-card"},"timestamp":1777119315326}
{"sessionId":"366302","runId":"pre-fix","hypothesisId":"H4","location":"FileViewFinder.php:find","message":"view find called","data":{"name":"components.single-product-card"},"timestamp":1777119315327}
{"sessionId":"366302","runId":"pre-fix","hypothesisId":"H4","location":"FileViewFinder.php:find","message":"view find called","data":{"name":"livewire::tailwind"},"timestamp":1777119315328}
{"sessionId":"366302","runId":"pre-fix","hypothesisId":"H4","location":"FileViewFinder.php:find","message":"view find called","data":{"name":"    <?php $layout->viewContext->mergeIntoNewEnvironment($__env); ?>\n\n    @component($layout->view, $layout->params)\n        @slot($layout->slotOrSection)\n            {!! $content !!}\n        @endslot\n\n        <?php\n        // Manually forward slots defined in the Livewire template into the layout component...\n        foreach ($layout->viewContext->slots[-1] ?? [] as $name => $slot) {\n            $__env->slot($name, attributes: $slot->attributes->getAttributes());\n            echo $slot->toHtml();\n            $__env->endSlot();\n        }\n        ?>\n    @endcomponent"},"timestamp":1777119315334}
{"sessionId":"366302","runId":"pre-fix","hypothesisId":"H4","location":"FileViewFinder.php:find","message":"view find called","data":{"name":"__components::4943bc92ebba41e8b0e508149542e0ad"},"timestamp":1777119315335}
{"sessionId":"366302","runId":"pre-fix","hypothesisId":"H4","location":"FileViewFinder.php:find","message":"view find called","data":{"name":"components.layouts.app"},"timestamp":1777119315339}
{"sessionId":"366302","runId":"pre-fix","hypothesisId":"H4","location":"FileViewFinder.php:find","message":"view find called","data":{"name":"components.navigation"},"timestamp":1777119315341}
{"sessionId":"366302","runId":"pre-fix","hypothesisId":"H4","location":"FileViewFinder.php:find","message":"view find called","data":{"name":"components.navigation"},"timestamp":1777119315342}
{"sessionId":"366302","runId":"pre-fix","hypothesisId":"H4","location":"FileViewFinder.php:find","message":"view find called","data":{"name":"components.footer"},"timestamp":1777119315343}
{"sessionId":"366302","runId":"pre-fix","hypothesisId":"H4","location":"FileViewFinder.php:find","message":"view find called","data":{"name":"components.footer"},"timestamp":1777119315344}
{"sessionId":"366302","runId":"pre-fix","hypothesisId":"H4","location":"FileViewFinder.php:find","message":"view find called","data":{"name":"livewire.product-catalog"},"timestamp":1777119321361}
{"sessionId":"366302","runId":"pre-fix","hypothesisId":"H4","location":"FileViewFinder.php:find","message":"view find called","data":{"name":"components.single-product-card"},"timestamp":1777119321363}
{"sessionId":"366302","runId":"pre-fix","hypothesisId":"H4","location":"FileViewFinder.php:find","message":"view find called","data":{"name":"components.single-product-card"},"timestamp":1777119321364}
{"sessionId":"366302","runId":"pre-fix","hypothesisId":"H4","location":"FileViewFinder.php:find","message":"view find called","data":{"name":"components.single-product-card"},"timestamp":1777119321366}
{"sessionId":"366302","runId":"pre-fix","hypothesisId":"H4","location":"FileViewFinder.php:find","message":"view find called","data":{"name":"components.single-product-card"},"timestamp":1777119321366}
{"sessionId":"366302","runId":"pre-fix","hypothesisId":"H4","location":"FileViewFinder.php:find","message":"view find called","data":{"name":"components.single-product-card"},"timestamp":1777119321367}
{"sessionId":"366302","runId":"pre-fix","hypothesisId":"H4","location":"FileViewFinder.php:find","message":"view find called","data":{"name":"components.single-product-card"},"timestamp":1777119321368}
{"sessionId":"366302","runId":"pre-fix","hypothesisId":"H4","location":"FileViewFinder.php:find","message":"view find called","data":{"name":"components.single-product-card"},"timestamp":1777119321369}
{"sessionId":"366302","runId":"pre-fix","hypothesisId":"H4","location":"FileViewFinder.php:find","message":"view find called","data":{"name":"components.single-product-card"},"timestamp":1777119321370}
{"sessionId":"366302","runId":"pre-fix","hypothesisId":"H4","location":"FileViewFinder.php:find","message":"view find called","data":{"name":"components.single-product-card"},"timestamp":1777119321370}
{"sessionId":"366302","runId":"pre-fix","hypothesisId":"H4","location":"FileViewFinder.php:find","message":"view find called","data":{"name":"components.single-product-card"},"timestamp":1777119321371}
{"sessionId":"366302","runId":"pre-fix","hypothesisId":"H4","location":"FileViewFinder.php:find","message":"view find called","data":{"name":"livewire::tailwind"},"timestamp":1777119321372}
{"sessionId":"366302","runId":"pre-fix","hypothesisId":"H4","location":"FileViewFinder.php:find","message":"view find called","data":{"name":"product.show"},"timestamp":1777119323019}
{"sessionId":"366302","runId":"pre-fix","hypothesisId":"H4","location":"FileViewFinder.php:find","message":"view find called","data":{"name":"components.layouts.app"},"timestamp":1777119323021}
{"sessionId":"366302","runId":"pre-fix","hypothesisId":"H4","location":"FileViewFinder.php:find","message":"view find called","data":{"name":"components.layouts.app"},"timestamp":1777119323042}
{"sessionId":"366302","runId":"pre-fix","hypothesisId":"H4","location":"FileViewFinder.php:find","message":"view find called","data":{"name":"components.navigation"},"timestamp":1777119323044}
{"sessionId":"366302","runId":"pre-fix","hypothesisId":"H4","location":"FileViewFinder.php:find","message":"view find called","data":{"name":"components.navigation"},"timestamp":1777119323045}
{"sessionId":"366302","runId":"pre-fix","hypothesisId":"H4","location":"FileViewFinder.php:find","message":"view find called","data":{"name":"components.footer"},"timestamp":1777119323046}
{"sessionId":"366302","runId":"pre-fix","hypothesisId":"H4","location":"FileViewFinder.php:find","message":"view find called","data":{"name":"components.footer"},"timestamp":1777119323046}
{"sessionId":"366302","runId":"pre-fix","hypothesisId":"H4","location":"FileViewFinder.php:find","message":"view find called","data":{"name":"product.show"},"timestamp":1777119328426}
{"sessionId":"366302","runId":"pre-fix","hypothesisId":"H4","location":"FileViewFinder.php:find","message":"view find called","data":{"name":"components.layouts.app"},"timestamp":1777119328428}
{"sessionId":"366302","runId":"pre-fix","hypothesisId":"H4","location":"FileViewFinder.php:find","message":"view find called","data":{"name":"components.layouts.app"},"timestamp":1777119328438}
{"sessionId":"366302","runId":"pre-fix","hypothesisId":"H4","location":"FileViewFinder.php:find","message":"view find called","data":{"name":"components.navigation"},"timestamp":1777119328440}
{"sessionId":"366302","runId":"pre-fix","hypothesisId":"H4","location":"FileViewFinder.php:find","message":"view find called","data":{"name":"components.navigation"},"timestamp":1777119328441}
{"sessionId":"366302","runId":"pre-fix","hypothesisId":"H4","location":"FileViewFinder.php:find","message":"view find called","data":{"name":"components.footer"},"timestamp":1777119328442}
{"sessionId":"366302","runId":"pre-fix","hypothesisId":"H4","location":"FileViewFinder.php:find","message":"view find called","data":{"name":"components.footer"},"timestamp":1777119328442}
{"sessionId":"366302","runId":"pre-fix","hypothesisId":"H4","location":"FileViewFinder.php:find","message":"view find called","data":{"name":"product.show"},"timestamp":1777119413176}
{"sessionId":"366302","runId":"pre-fix","hypothesisId":"H2","location":"ComponentTagCompiler.php:componentString","message":"component tag compiled","data":{"component":"layouts.app"},"timestamp":1777119413179}
{"sessionId":"366302","runId":"pre-fix","hypothesisId":"H3","location":"ComponentTagCompiler.php:guessAnonymousComponentUsingNamespaces","message":"checking anonymous component namespaces","data":{"component":"layouts.app","registeredNamespaces":[]},"timestamp":1777119413180}
{"sessionId":"366302","runId":"pre-fix","hypothesisId":"H4","location":"FileViewFinder.php:find","message":"view find called","data":{"name":"components.layouts.app"},"timestamp":1777119413181}
{"sessionId":"366302","runId":"pre-fix","hypothesisId":"H4","location":"FileViewFinder.php:find","message":"view find called","data":{"name":"components.layouts.app"},"timestamp":1777119413409}
{"sessionId":"366302","runId":"pre-fix","hypothesisId":"H4","location":"FileViewFinder.php:find","message":"view find called","data":{"name":"components.layouts.app"},"timestamp":1777119413428}
{"sessionId":"366302","runId":"pre-fix","hypothesisId":"H4","location":"FileViewFinder.php:find","message":"view find called","data":{"name":"components.navigation"},"timestamp":1777119413430}
{"sessionId":"366302","runId":"pre-fix","hypothesisId":"H4","location":"FileViewFinder.php:find","message":"view find called","data":{"name":"components.navigation"},"timestamp":1777119413430}
{"sessionId":"366302","runId":"pre-fix","hypothesisId":"H4","location":"FileViewFinder.php:find","message":"view find called","data":{"name":"components.footer"},"timestamp":1777119413431}
{"sessionId":"366302","runId":"pre-fix","hypothesisId":"H4","location":"FileViewFinder.php:find","message":"view find called","data":{"name":"components.footer"},"timestamp":1777119413432}
{"sessionId":"366302","runId":"pre-fix","hypothesisId":"H4","location":"FileViewFinder.php:find","message":"view find called","data":{"name":"product.show"},"timestamp":1777119795149}
{"sessionId":"366302","runId":"pre-fix","hypothesisId":"H2","location":"ComponentTagCompiler.php:componentString","message":"component tag compiled","data":{"component":"layouts.app"},"timestamp":1777119795152}
{"sessionId":"366302","runId":"pre-fix","hypothesisId":"H3","location":"ComponentTagCompiler.php:guessAnonymousComponentUsingNamespaces","message":"checking anonymous component namespaces","data":{"component":"layouts.app","registeredNamespaces":[]},"timestamp":1777119795153}
{"sessionId":"366302","runId":"pre-fix","hypothesisId":"H4","location":"FileViewFinder.php:find","message":"view find called","data":{"name":"components.layouts.app"},"timestamp":1777119795154}
{"sessionId":"366302","runId":"pre-fix","hypothesisId":"H4","location":"FileViewFinder.php:find","message":"view find called","data":{"name":"components.layouts.app"},"timestamp":1777119795368}
{"sessionId":"366302","runId":"pre-fix","hypothesisId":"H4","location":"FileViewFinder.php:find","message":"view find called","data":{"name":"components.layouts.app"},"timestamp":1777119795401}
{"sessionId":"366302","runId":"pre-fix","hypothesisId":"H4","location":"FileViewFinder.php:find","message":"view find called","data":{"name":"components.navigation"},"timestamp":1777119795403}
{"sessionId":"366302","runId":"pre-fix","hypothesisId":"H4","location":"FileViewFinder.php:find","message":"view find called","data":{"name":"components.navigation"},"timestamp":1777119795404}
{"sessionId":"366302","runId":"pre-fix","hypothesisId":"H4","location":"FileViewFinder.php:find","message":"view find called","data":{"name":"components.footer"},"timestamp":1777119795405}
{"sessionId":"366302","runId":"pre-fix","hypothesisId":"H4","location":"FileViewFinder.php:find","message":"view find called","data":{"name":"components.footer"},"timestamp":1777119795405}
{"sessionId":"366302","runId":"pre-fix","hypothesisId":"H4","location":"FileViewFinder.php:find","message":"view find called","data":{"name":"product.show"},"timestamp":1777119798569}
{"sessionId":"366302","runId":"pre-fix","hypothesisId":"H4","location":"FileViewFinder.php:find","message":"view find called","data":{"name":"components.layouts.app"},"timestamp":1777119798573}
{"sessionId":"366302","runId":"pre-fix","hypothesisId":"H4","location":"FileViewFinder.php:find","message":"view find called","data":{"name":"components.layouts.app"},"timestamp":1777119798592}
{"sessionId":"366302","runId":"pre-fix","hypothesisId":"H4","location":"FileViewFinder.php:find","message":"view find called","data":{"name":"components.navigation"},"timestamp":1777119798594}
{"sessionId":"366302","runId":"pre-fix","hypothesisId":"H4","location":"FileViewFinder.php:find","message":"view find called","data":{"name":"components.navigation"},"timestamp":1777119798594}
{"sessionId":"366302","runId":"pre-fix","hypothesisId":"H4","location":"FileViewFinder.php:find","message":"view find called","data":{"name":"components.footer"},"timestamp":1777119798596}
{"sessionId":"366302","runId":"pre-fix","hypothesisId":"H4","location":"FileViewFinder.php:find","message":"view find called","data":{"name":"components.footer"},"timestamp":1777119798596}
{"sessionId":"366302","runId":"pre-fix","hypothesisId":"H4","location":"FileViewFinder.php:find","message":"view find called","data":{"name":"product.show"},"timestamp":1777119927204}
{"sessionId":"366302","runId":"pre-fix","hypothesisId":"H2","location":"ComponentTagCompiler.php:componentString","message":"component tag compiled","data":{"component":"layouts.app"},"timestamp":1777119927207}
{"sessionId":"366302","runId":"pre-fix","hypothesisId":"H3","location":"ComponentTagCompiler.php:guessAnonymousComponentUsingNamespaces","message":"checking anonymous component namespaces","data":{"component":"layouts.app","registeredNamespaces":[]},"timestamp":1777119927208}
{"sessionId":"366302","runId":"pre-fix","hypothesisId":"H4","location":"FileViewFinder.php:find","message":"view find called","data":{"name":"components.layouts.app"},"timestamp":1777119927208}
{"sessionId":"366302","runId":"pre-fix","hypothesisId":"H4","location":"FileViewFinder.php:find","message":"view find called","data":{"name":"components.layouts.app"},"timestamp":1777119927425}
{"sessionId":"366302","runId":"pre-fix","hypothesisId":"H4","location":"FileViewFinder.php:find","message":"view find called","data":{"name":"components.layouts.app"},"timestamp":1777119927444}
{"sessionId":"366302","runId":"pre-fix","hypothesisId":"H4","location":"FileViewFinder.php:find","message":"view find called","data":{"name":"components.navigation"},"timestamp":1777119927446}
{"sessionId":"366302","runId":"pre-fix","hypothesisId":"H4","location":"FileViewFinder.php:find","message":"view find called","data":{"name":"components.navigation"},"timestamp":1777119927447}
{"sessionId":"366302","runId":"pre-fix","hypothesisId":"H4","location":"FileViewFinder.php:find","message":"view find called","data":{"name":"components.footer"},"timestamp":1777119927448}
{"sessionId":"366302","runId":"pre-fix","hypothesisId":"H4","location":"FileViewFinder.php:find","message":"view find called","data":{"name":"components.footer"},"timestamp":1777119927449}
{"sessionId":"366302","runId":"pre-fix","hypothesisId":"H4","location":"FileViewFinder.php:find","message":"view find called","data":{"name":"product.show"},"timestamp":1777120017110}
{"sessionId":"366302","runId":"pre-fix","hypothesisId":"H2","location":"ComponentTagCompiler.php:componentString","message":"component tag compiled","data":{"component":"layouts.app"},"timestamp":1777120017113}
{"sessionId":"366302","runId":"pre-fix","hypothesisId":"H3","location":"ComponentTagCompiler.php:guessAnonymousComponentUsingNamespaces","message":"checking anonymous component namespaces","data":{"component":"layouts.app","registeredNamespaces":[]},"timestamp":1777120017115}
{"sessionId":"366302","runId":"pre-fix","hypothesisId":"H4","location":"FileViewFinder.php:find","message":"view find called","data":{"name":"components.layouts.app"},"timestamp":1777120017115}
{"sessionId":"366302","runId":"pre-fix","hypothesisId":"H4","location":"FileViewFinder.php:find","message":"view find called","data":{"name":"components.layouts.app"},"timestamp":1777120017386}
{"sessionId":"366302","runId":"pre-fix","hypothesisId":"H4","location":"FileViewFinder.php:find","message":"view find called","data":{"name":"components.layouts.app"},"timestamp":1777120017407}
{"sessionId":"366302","runId":"pre-fix","hypothesisId":"H4","location":"FileViewFinder.php:find","message":"view find called","data":{"name":"components.navigation"},"timestamp":1777120017410}
{"sessionId":"366302","runId":"pre-fix","hypothesisId":"H4","location":"FileViewFinder.php:find","message":"view find called","data":{"name":"components.navigation"},"timestamp":1777120017410}
{"sessionId":"366302","runId":"pre-fix","hypothesisId":"H4","location":"FileViewFinder.php:find","message":"view find called","data":{"name":"components.footer"},"timestamp":1777120017412}
{"sessionId":"366302","runId":"pre-fix","hypothesisId":"H4","location":"FileViewFinder.php:find","message":"view find called","data":{"name":"components.footer"},"timestamp":1777120017413}
{"sessionId":"366302","runId":"pre-fix","hypothesisId":"H4","location":"FileViewFinder.php:find","message":"view find called","data":{"name":"product.show"},"timestamp":1777120082169}
{"sessionId":"366302","runId":"pre-fix","hypothesisId":"H2","location":"ComponentTagCompiler.php:componentString","message":"component tag compiled","data":{"component":"layouts.app"},"timestamp":1777120082171}
{"sessionId":"366302","runId":"pre-fix","hypothesisId":"H3","location":"ComponentTagCompiler.php:guessAnonymousComponentUsingNamespaces","message":"checking anonymous component namespaces","data":{"component":"layouts.app","registeredNamespaces":[]},"timestamp":1777120082173}
{"sessionId":"366302","runId":"pre-fix","hypothesisId":"H4","location":"FileViewFinder.php:find","message":"view find called","data":{"name":"components.layouts.app"},"timestamp":1777120082173}
{"sessionId":"366302","runId":"pre-fix","hypothesisId":"H4","location":"FileViewFinder.php:find","message":"view find called","data":{"name":"components.layouts.app"},"timestamp":1777120082375}
{"sessionId":"366302","runId":"pre-fix","hypothesisId":"H4","location":"FileViewFinder.php:find","message":"view find called","data":{"name":"components.layouts.app"},"timestamp":1777120082396}
{"sessionId":"366302","runId":"pre-fix","hypothesisId":"H4","location":"FileViewFinder.php:find","message":"view find called","data":{"name":"components.navigation"},"timestamp":1777120082398}
{"sessionId":"366302","runId":"pre-fix","hypothesisId":"H4","location":"FileViewFinder.php:find","message":"view find called","data":{"name":"components.navigation"},"timestamp":1777120082399}
{"sessionId":"366302","runId":"pre-fix","hypothesisId":"H4","location":"FileViewFinder.php:find","message":"view find called","data":{"name":"components.footer"},"timestamp":1777120082400}
{"sessionId":"366302","runId":"pre-fix","hypothesisId":"H4","location":"FileViewFinder.php:find","message":"view find called","data":{"name":"components.footer"},"timestamp":1777120082401}
{"sessionId":"366302","runId":"pre-fix","hypothesisId":"H4","location":"FileViewFinder.php:find","message":"view find called","data":{"name":"product.show"},"timestamp":1777120144045}
{"sessionId":"366302","runId":"pre-fix","hypothesisId":"H2","location":"ComponentTagCompiler.php:componentString","message":"component tag compiled","data":{"component":"layouts.app"},"timestamp":1777120144048}
{"sessionId":"366302","runId":"pre-fix","hypothesisId":"H3","location":"ComponentTagCompiler.php:guessAnonymousComponentUsingNamespaces","message":"checking anonymous component namespaces","data":{"component":"layouts.app","registeredNamespaces":[]},"timestamp":1777120144049}
{"sessionId":"366302","runId":"pre-fix","hypothesisId":"H4","location":"FileViewFinder.php:find","message":"view find called","data":{"name":"components.layouts.app"},"timestamp":1777120144050}
{"sessionId":"366302","runId":"pre-fix","hypothesisId":"H4","location":"FileViewFinder.php:find","message":"view find called","data":{"name":"components.layouts.app"},"timestamp":1777120144280}
{"sessionId":"366302","runId":"pre-fix","hypothesisId":"H4","location":"FileViewFinder.php:find","message":"view find called","data":{"name":"components.layouts.app"},"timestamp":1777120144303}
{"sessionId":"366302","runId":"pre-fix","hypothesisId":"H4","location":"FileViewFinder.php:find","message":"view find called","data":{"name":"components.navigation"},"timestamp":1777120144306}
{"sessionId":"366302","runId":"pre-fix","hypothesisId":"H4","location":"FileViewFinder.php:find","message":"view find called","data":{"name":"components.navigation"},"timestamp":1777120144306}
{"sessionId":"366302","runId":"pre-fix","hypothesisId":"H4","location":"FileViewFinder.php:find","message":"view find called","data":{"name":"components.footer"},"timestamp":1777120144307}
{"sessionId":"366302","runId":"pre-fix","hypothesisId":"H4","location":"FileViewFinder.php:find","message":"view find called","data":{"name":"components.footer"},"timestamp":1777120144308}
{"sessionId":"366302","runId":"pre-fix","hypothesisId":"H4","location":"FileViewFinder.php:find","message":"view find called","data":{"name":"product.show"},"timestamp":1777120218077}
{"sessionId":"366302","runId":"pre-fix","hypothesisId":"H2","location":"ComponentTagCompiler.php:componentString","message":"component tag compiled","data":{"component":"layouts.app"},"timestamp":1777120218080}
{"sessionId":"366302","runId":"pre-fix","hypothesisId":"H3","location":"ComponentTagCompiler.php:guessAnonymousComponentUsingNamespaces","message":"checking anonymous component namespaces","data":{"component":"layouts.app","registeredNamespaces":[]},"timestamp":1777120218081}
{"sessionId":"366302","runId":"pre-fix","hypothesisId":"H4","location":"FileViewFinder.php:find","message":"view find called","data":{"name":"components.layouts.app"},"timestamp":1777120218081}
{"sessionId":"366302","runId":"pre-fix","hypothesisId":"H4","location":"FileViewFinder.php:find","message":"view find called","data":{"name":"components.layouts.app"},"timestamp":1777120218294}
{"sessionId":"366302","runId":"pre-fix","hypothesisId":"H4","location":"FileViewFinder.php:find","message":"view find called","data":{"name":"components.layouts.app"},"timestamp":1777120218316}
{"sessionId":"366302","runId":"pre-fix","hypothesisId":"H4","location":"FileViewFinder.php:find","message":"view find called","data":{"name":"components.navigation"},"timestamp":1777120218318}
{"sessionId":"366302","runId":"pre-fix","hypothesisId":"H4","location":"FileViewFinder.php:find","message":"view find called","data":{"name":"components.navigation"},"timestamp":1777120218319}
{"sessionId":"366302","runId":"pre-fix","hypothesisId":"H4","location":"FileViewFinder.php:find","message":"view find called","data":{"name":"components.footer"},"timestamp":1777120218320}
{"sessionId":"366302","runId":"pre-fix","hypothesisId":"H4","location":"FileViewFinder.php:find","message":"view find called","data":{"name":"components.footer"},"timestamp":1777120218321}
{"sessionId":"366302","runId":"pre-fix","hypothesisId":"H4","location":"FileViewFinder.php:find","message":"view find called","data":{"name":"product.show"},"timestamp":1777120293030}
{"sessionId":"366302","runId":"pre-fix","hypothesisId":"H2","location":"ComponentTagCompiler.php:componentString","message":"component tag compiled","data":{"component":"layouts.app"},"timestamp":1777120293033}
{"sessionId":"366302","runId":"pre-fix","hypothesisId":"H3","location":"ComponentTagCompiler.php:guessAnonymousComponentUsingNamespaces","message":"checking anonymous component namespaces","data":{"component":"layouts.app","registeredNamespaces":[]},"timestamp":1777120293034}
{"sessionId":"366302","runId":"pre-fix","hypothesisId":"H4","location":"FileViewFinder.php:find","message":"view find called","data":{"name":"components.layouts.app"},"timestamp":1777120293034}
{"sessionId":"366302","runId":"pre-fix","hypothesisId":"H4","location":"FileViewFinder.php:find","message":"view find called","data":{"name":"components.layouts.app"},"timestamp":1777120293247}
{"sessionId":"366302","runId":"pre-fix","hypothesisId":"H4","location":"FileViewFinder.php:find","message":"view find called","data":{"name":"components.layouts.app"},"timestamp":1777120293268}
{"sessionId":"366302","runId":"pre-fix","hypothesisId":"H4","location":"FileViewFinder.php:find","message":"view find called","data":{"name":"components.navigation"},"timestamp":1777120293271}
{"sessionId":"366302","runId":"pre-fix","hypothesisId":"H4","location":"FileViewFinder.php:find","message":"view find called","data":{"name":"components.navigation"},"timestamp":1777120293271}
{"sessionId":"366302","runId":"pre-fix","hypothesisId":"H4","location":"FileViewFinder.php:find","message":"view find called","data":{"name":"components.footer"},"timestamp":1777120293273}
{"sessionId":"366302","runId":"pre-fix","hypothesisId":"H4","location":"FileViewFinder.php:find","message":"view find called","data":{"name":"components.footer"},"timestamp":1777120293273}
{"sessionId":"366302","runId":"pre-fix","hypothesisId":"H4","location":"FileViewFinder.php:find","message":"view find called","data":{"name":"livewire.product-catalog"},"timestamp":1777120321328}
{"sessionId":"366302","runId":"pre-fix","hypothesisId":"H4","location":"FileViewFinder.php:find","message":"view find called","data":{"name":"components.single-product-card"},"timestamp":1777120321331}
{"sessionId":"366302","runId":"pre-fix","hypothesisId":"H4","location":"FileViewFinder.php:find","message":"view find called","data":{"name":"components.single-product-card"},"timestamp":1777120321332}
{"sessionId":"366302","runId":"pre-fix","hypothesisId":"H4","location":"FileViewFinder.php:find","message":"view find called","data":{"name":"components.single-product-card"},"timestamp":1777120321333}
{"sessionId":"366302","runId":"pre-fix","hypothesisId":"H4","location":"FileViewFinder.php:find","message":"view find called","data":{"name":"components.single-product-card"},"timestamp":1777120321334}
{"sessionId":"366302","runId":"pre-fix","hypothesisId":"H4","location":"FileViewFinder.php:find","message":"view find called","data":{"name":"components.single-product-card"},"timestamp":1777120321334}
{"sessionId":"366302","runId":"pre-fix","hypothesisId":"H4","location":"FileViewFinder.php:find","message":"view find called","data":{"name":"components.single-product-card"},"timestamp":1777120321335}
{"sessionId":"366302","runId":"pre-fix","hypothesisId":"H4","location":"FileViewFinder.php:find","message":"view find called","data":{"name":"components.single-product-card"},"timestamp":1777120321336}
{"sessionId":"366302","runId":"pre-fix","hypothesisId":"H4","location":"FileViewFinder.php:find","message":"view find called","data":{"name":"components.single-product-card"},"timestamp":1777120321337}
{"sessionId":"366302","runId":"pre-fix","hypothesisId":"H4","location":"FileViewFinder.php:find","message":"view find called","data":{"name":"components.single-product-card"},"timestamp":1777120321337}
{"sessionId":"366302","runId":"pre-fix","hypothesisId":"H4","location":"FileViewFinder.php:find","message":"view find called","data":{"name":"components.single-product-card"},"timestamp":1777120321338}
{"sessionId":"366302","runId":"pre-fix","hypothesisId":"H4","location":"FileViewFinder.php:find","message":"view find called","data":{"name":"livewire::tailwind"},"timestamp":1777120321339}
{"sessionId":"366302","runId":"pre-fix","hypothesisId":"H4","location":"FileViewFinder.php:find","message":"view find called","data":{"name":"    <?php $layout->viewContext->mergeIntoNewEnvironment($__env); ?>\n\n    @component($layout->view, $layout->params)\n        @slot($layout->slotOrSection)\n            {!! $content !!}\n        @endslot\n\n        <?php\n        // Manually forward slots defined in the Livewire template into the layout component...\n        foreach ($layout->viewContext->slots[-1] ?? [] as $name => $slot) {\n            $__env->slot($name, attributes: $slot->attributes->getAttributes());\n            echo $slot->toHtml();\n            $__env->endSlot();\n        }\n        ?>\n    @endcomponent"},"timestamp":1777120321346}
{"sessionId":"366302","runId":"pre-fix","hypothesisId":"H4","location":"FileViewFinder.php:find","message":"view find called","data":{"name":"__components::4943bc92ebba41e8b0e508149542e0ad"},"timestamp":1777120321347}
{"sessionId":"366302","runId":"pre-fix","hypothesisId":"H4","location":"FileViewFinder.php:find","message":"view find called","data":{"name":"components.layouts.app"},"timestamp":1777120321349}
{"sessionId":"366302","runId":"pre-fix","hypothesisId":"H4","location":"FileViewFinder.php:find","message":"view find called","data":{"name":"components.navigation"},"timestamp":1777120321351}
{"sessionId":"366302","runId":"pre-fix","hypothesisId":"H4","location":"FileViewFinder.php:find","message":"view find called","data":{"name":"components.navigation"},"timestamp":1777120321352}
{"sessionId":"366302","runId":"pre-fix","hypothesisId":"H4","location":"FileViewFinder.php:find","message":"view find called","data":{"name":"components.footer"},"timestamp":1777120321353}
{"sessionId":"366302","runId":"pre-fix","hypothesisId":"H4","location":"FileViewFinder.php:find","message":"view find called","data":{"name":"components.footer"},"timestamp":1777120321353}
{"sessionId":"366302","runId":"pre-fix","hypothesisId":"H4","location":"FileViewFinder.php:find","message":"view find called","data":{"name":"product.show"},"timestamp":1777120325443}
{"sessionId":"366302","runId":"pre-fix","hypothesisId":"H2","location":"ComponentTagCompiler.php:componentString","message":"component tag compiled","data":{"component":"layouts.app"},"timestamp":1777120325446}
{"sessionId":"366302","runId":"pre-fix","hypothesisId":"H3","location":"ComponentTagCompiler.php:guessAnonymousComponentUsingNamespaces","message":"checking anonymous component namespaces","data":{"component":"layouts.app","registeredNamespaces":[]},"timestamp":1777120325447}
{"sessionId":"366302","runId":"pre-fix","hypothesisId":"H4","location":"FileViewFinder.php:find","message":"view find called","data":{"name":"components.layouts.app"},"timestamp":1777120325447}
{"sessionId":"366302","runId":"pre-fix","hypothesisId":"H4","location":"FileViewFinder.php:find","message":"view find called","data":{"name":"components.layouts.app"},"timestamp":1777120325649}
{"sessionId":"366302","runId":"pre-fix","hypothesisId":"H4","location":"FileViewFinder.php:find","message":"view find called","data":{"name":"components.layouts.app"},"timestamp":1777120325667}
{"sessionId":"366302","runId":"pre-fix","hypothesisId":"H4","location":"FileViewFinder.php:find","message":"view find called","data":{"name":"components.navigation"},"timestamp":1777120325670}
{"sessionId":"366302","runId":"pre-fix","hypothesisId":"H4","location":"FileViewFinder.php:find","message":"view find called","data":{"name":"components.navigation"},"timestamp":1777120325671}
{"sessionId":"366302","runId":"pre-fix","hypothesisId":"H4","location":"FileViewFinder.php:find","message":"view find called","data":{"name":"components.footer"},"timestamp":1777120325672}
{"sessionId":"366302","runId":"pre-fix","hypothesisId":"H4","location":"FileViewFinder.php:find","message":"view find called","data":{"name":"components.footer"},"timestamp":1777120325673}
{"sessionId":"366302","runId":"pre-fix","hypothesisId":"H4","location":"FileViewFinder.php:find","message":"view find called","data":{"name":"livewire.product-catalog"},"timestamp":1777120329572}
{"sessionId":"366302","runId":"pre-fix","hypothesisId":"H4","location":"FileViewFinder.php:find","message":"view find called","data":{"name":"components.single-product-card"},"timestamp":1777120329575}
{"sessionId":"366302","runId":"pre-fix","hypothesisId":"H4","location":"FileViewFinder.php:find","message":"view find called","data":{"name":"components.single-product-card"},"timestamp":1777120329575}
{"sessionId":"366302","runId":"pre-fix","hypothesisId":"H4","location":"FileViewFinder.php:find","message":"view find called","data":{"name":"components.single-product-card"},"timestamp":1777120329577}
{"sessionId":"366302","runId":"pre-fix","hypothesisId":"H4","location":"FileViewFinder.php:find","message":"view find called","data":{"name":"components.single-product-card"},"timestamp":1777120329577}
{"sessionId":"366302","runId":"pre-fix","hypothesisId":"H4","location":"FileViewFinder.php:find","message":"view find called","data":{"name":"components.single-product-card"},"timestamp":1777120329578}
{"sessionId":"366302","runId":"pre-fix","hypothesisId":"H4","location":"FileViewFinder.php:find","message":"view find called","data":{"name":"components.single-product-card"},"timestamp":1777120329579}
{"sessionId":"366302","runId":"pre-fix","hypothesisId":"H4","location":"FileViewFinder.php:find","message":"view find called","data":{"name":"components.single-product-card"},"timestamp":1777120329580}
{"sessionId":"366302","runId":"pre-fix","hypothesisId":"H4","location":"FileViewFinder.php:find","message":"view find called","data":{"name":"components.single-product-card"},"timestamp":1777120329580}
{"sessionId":"366302","runId":"pre-fix","hypothesisId":"H4","location":"FileViewFinder.php:find","message":"view find called","data":{"name":"components.single-product-card"},"timestamp":1777120329581}
{"sessionId":"366302","runId":"pre-fix","hypothesisId":"H4","location":"FileViewFinder.php:find","message":"view find called","data":{"name":"components.single-product-card"},"timestamp":1777120329582}
{"sessionId":"366302","runId":"pre-fix","hypothesisId":"H4","location":"FileViewFinder.php:find","message":"view find called","data":{"name":"livewire::tailwind"},"timestamp":1777120329583}
{"sessionId":"366302","runId":"pre-fix","hypothesisId":"H4","location":"FileViewFinder.php:find","message":"view find called","data":{"name":"    <?php $layout->viewContext->mergeIntoNewEnvironment($__env); ?>\n\n    @component($layout->view, $layout->params)\n        @slot($layout->slotOrSection)\n            {!! $content !!}\n        @endslot\n\n        <?php\n        // Manually forward slots defined in the Livewire template into the layout component...\n        foreach ($layout->viewContext->slots[-1] ?? [] as $name => $slot) {\n            $__env->slot($name, attributes: $slot->attributes->getAttributes());\n            echo $slot->toHtml();\n            $__env->endSlot();\n        }\n        ?>\n    @endcomponent"},"timestamp":1777120329589}
{"sessionId":"366302","runId":"pre-fix","hypothesisId":"H4","location":"FileViewFinder.php:find","message":"view find called","data":{"name":"__components::4943bc92ebba41e8b0e508149542e0ad"},"timestamp":1777120329591}
{"sessionId":"366302","runId":"pre-fix","hypothesisId":"H4","location":"FileViewFinder.php:find","message":"view find called","data":{"name":"components.layouts.app"},"timestamp":1777120329593}
{"sessionId":"366302","runId":"pre-fix","hypothesisId":"H4","location":"FileViewFinder.php:find","message":"view find called","data":{"name":"components.navigation"},"timestamp":1777120329594}
{"sessionId":"366302","runId":"pre-fix","hypothesisId":"H4","location":"FileViewFinder.php:find","message":"view find called","data":{"name":"components.navigation"},"timestamp":1777120329595}
{"sessionId":"366302","runId":"pre-fix","hypothesisId":"H4","location":"FileViewFinder.php:find","message":"view find called","data":{"name":"components.footer"},"timestamp":1777120329596}
{"sessionId":"366302","runId":"pre-fix","hypothesisId":"H4","location":"FileViewFinder.php:find","message":"view find called","data":{"name":"components.footer"},"timestamp":1777120329596}
